Key,english
FuriousRamsayWaterTank,Water Barrel
xuiRebirthTemporaryPlayerProfile,Temporary Profile - Please Save
rebirthTraderSelectedTitle,SELECTED ITEM
rebirthTraderSelectHelp,Select trader stock to buy. Select an item in your backpack to sell.
rebirthTraderWallet,{0} Dukes
rebirthTraderQuantity,QUANTITY
rebirthTraderBuyTotal,BUY TOTAL
rebirthTraderSellTotal,SELL TOTAL
rebirthTraderMinimum,Minimum quantity
rebirthTraderMaximum,Maximum quantity
FuriousRamsayWaterTankDesc,Stores rain water for nearby crops.
FuriousRamsayDewCollector,Dew Collector
FuriousRamsayDewCollectorDesc,Slowly collects rain water for nearby crops.
ttNextCycle1,Next growth stage [9c9c9c]([-][d6d97e]2[-][9c9c9c]/[-][87db7f]3[-][9c9c9c])[-] in:
ttNextCycle2,Next growth stage [9c9c9c]([-][87db7f]3[-][9c9c9c]/[-][87db7f]3[-][9c9c9c])[-] in:
ttNeedLight,[d1cf6b]Growth halted[-]. [d47474]Light required[-].
ttNeedWater,[d1cf6b]Growth halted[-]. [d47474]Water source required[-].
ttNoWaterInTank,[d1cf6b]Growth halted[-]. [d47474]Nearby water source(s) empty[-].
ttNoGrowWasteland,[d47474]Crops do not grow in this biome[-].
ttNoGrowTooCold,[d1cf6b]Growth halted[-]. [d47474]Crop's temperature is too low[-].
ttUsesMoreWater,([d47474]Water consumption doubled[-])
ttCropTempStart,Needs [6bafb0]
ttCropTempEnd,"[-], currently"
ttTempUnit,degrees
ttWaterContent,Rain Water:
ttTankEmpty,[c95959]Tank is Empty[-]\nUse a bucket to fill the tank
ttMinute,minute
ttMinutes,minutes
ttSecond,second
ttSeconds,seconds
ttBelongsToTrader,Leave that alone you thief!


plantedCranberry1,Cranberries (Seed)
plantedCranberry2,Cranberries (Growing)
plantedCranberry3Harvest,Cranberry Plant (POI)
plantedCranberry3HarvestDesc,Cranberry Plant
foodCropCranberries,Cranberries
plantedCurrant1,Currant (Seed)
plantedCurrant2,Currant (Growing)
plantedCurrant3Harvest,Currant Plant 3 (POI)
plantedCurrant3HarvestDesc,Currant Plant
foodCropCurrant,Currants
plantedGooseberry1,Gooseberries (Seed)
plantedGooseberry2,Gooseberries (Growing)
plantedGooseberry3Harvest,Gooseberry Plant 3 (POI)
plantedGooseberry3HarvestDesc,Gooseberry Plant
foodCropGooseberry,Gooseberries
plantedRaspberry1,Raspberries (Seed)
plantedRaspberry2,Raspberries (Growing)
plantedRaspberry3Harvest,Raspberry Plant 3 (POI)
plantedRaspberry3HarvestDesc,Raspberry Plant
foodCropRaspberry,Raspberries
plantedStrawberry1,Strawberries (Seed)
plantedStrawberry2,Strawberries (Growing)
plantedStrawberry3Harvest,Strawberry Plant 3 (POI)
plantedStrawberry3HarvestDesc,Strawberry Plant
foodCropStrawberry,Strawberries
plantedBarley1,Barley (Seed)
plantedBarley2,Barley (Growing)
plantedBarley3Harvest,Barley Plant 3 (POI)
plantedBarley3HarvestDesc,Barley Plant
foodCropBarley,Barley
plantedOat1,Oat (Seed)
plantedOat2,Oat (Growing)
plantedOat3Harvest,Oat Plant 3 (POI)
plantedOat3HarvestDesc,Oat Plant
foodCropOat,Oats
plantedRice1,Rice (Seed)
plantedRice2,Rice (Growing)
plantedRice3Harvest,Rice Plant 3 (POI)
plantedRice3HarvestDesc,Rice Plant
foodCropRice,Rice
plantedSugarCane1,Sugar Cane (Seed)
plantedSugarCane2,Sugar Cane (Growing)
plantedSugarCane3Harvest,Sugar Cane Plant 3 (POI)
plantedSugarCane3HarvestDesc,Sugar Cane Plant
foodCropSugarCane,Sugar Cane
plantedWheat1,Wheat (Seed)
plantedWheat2,Wheat (Growing)
plantedWheat3Harvest,Wheat Plant 3 (POI)
plantedWheat3HarvestDesc,Wheat Plant
foodCropWheat,Wheat

plantedBasil1,Basil (Seed)
plantedBasil2,Basil (Growing)
plantedBasil3Harvest,Basil Plant (POI)
plantedBasil3HarvestDesc,Basil Plant
foodCropBasil,Basil
plantedChamomile1,Chamomile (Seed)
plantedChamomile2,Chamomile (Growing)
plantedChamomile3Harvest,Chamomile Plant (POI)
plantedChamomile3HarvestDesc,Chamomile Plant
foodCropChamomile,Chamomile
plantedDill1,Dill (Seed)
plantedDill2,Dill (Growing)
plantedDill3Harvest,Dill Plant (POI)
plantedDill3HarvestDesc,Dill Plant
foodCropDill,Dill
plantedEchinacea1,Echinacea (Seed)
plantedEchinacea2,Echinacea (Growing)
plantedEchinacea3Harvest,Echinacea Plant (POI)
plantedEchinacea3HarvestDesc,Echinacea Plant
foodCropEchinacea,Echinacea
plantedLavender1,Lavender (Seed)
plantedLavender2,Lavender (Growing)
plantedLavender3Harvest,Lavender Plant (POI)
plantedLavender3HarvestDesc,Lavender Plant
foodCropLavender,Lavender
plantedSage1,Sage (Seed)
plantedSage2,Sage (Growing)
plantedSage3Harvest,Sage Plant (POI)
plantedSage3HarvestDesc,Sage Plant
foodCropSage,Sage

plantedBlackTrumpet1,Black Trumpet Mushrooms (Seed)
plantedBlackTrumpet2,Black Trumpet Mushrooms (Growing)
plantedBlackTrumpet3Harvest,Black Trumpet Mushrooms (POI)
plantedBlackTrumpet3HarvestDesc,Black Trumpet Mushrooms
foodCropBlackTrumpet,Black Trumpet Mushrooms
plantedChanterelle1,Chanterelle Mushrooms (Seed)
plantedChanterelle2,Chanterelle Mushrooms (Growing)
plantedChanterelle3Harvest,Chanterelle Mushrooms (POI)
plantedChanterelle3HarvestDesc,Chanterelle Mushrooms
foodCropChanterelle,Chanterelle Mushrooms
plantedFlyAgaric1,Fly Agaric Mushrooms (Seed)
plantedFlyAgaric2,Fly Agaric Mushrooms (Growing)
plantedFlyAgaric3Harvest,Fly Agaric Mushrooms (POI)
plantedFlyAgaric3HarvestDesc,Fly Agaric Mushrooms
foodCropFlyAgaric,Fly Agaric Mushrooms
plantedKingOyster1,King Oyster Mushrooms (Seed)
plantedKingOyster2,King Oyster Mushrooms (Growing)
plantedKingOyster3Harvest,King Oyster Mushrooms (POI)
plantedKingOyster3HarvestDesc,King Oyster Mushrooms
foodCropKingOyster,King Oyster Mushrooms
plantedTurkeyTail1,Turkey Tail Mushrooms (Seed)
plantedTurkeyTail2,Turkey Tail Mushrooms (Growing)
plantedTurkeyTail3Harvest,Turkey Tail Mushrooms (POI)
plantedTurkeyTail3HarvestDesc,Turkey Tail Mushrooms
foodCropTurkeyTail,Turkey Tail Mushrooms
plantedEnoki1,Enoki Mushrooms (Seed)
plantedEnoki2,Enoki Mushrooms (Growing)
plantedEnoki3Harvest,Enoki Mushrooms (POI)
plantedEnoki3HarvestDesc,Enoki Mushrooms
foodCropEnoki,Enoki Mushrooms

plantedCarrot1,Carrots (Seed)
plantedCarrot2,Carrots (Growing)
plantedCarrot3Harvest,Carrot Plant (POI)
plantedCarrot3HarvestDesc,Carrot Plant
foodCropCarrot,Carrots
plantedGinger1,Ginger (Seed)
plantedGinger2,Ginger (Growing)
plantedGinger3Harvest,Ginger Plant (POI)
plantedGinger3HarvestDesc,Ginger Plant
foodCropGinger,Ginger
plantedOnion1,Onions (Seed)
plantedOnion2,Onions (Growing)
plantedOnion3Harvest,Onion Plant (POI)
plantedOnion3HarvestDesc,Onion Plant
foodCropOnion,Onions
plantedSweetPotato1,Sweet Potatoes (Seed)
plantedSweetPotato2,Sweet Potatoes (Growing)
plantedSweetPotato3Harvest,Sweet Potato Plant (POI)
plantedSweetPotato3HarvestDesc,Sweet Potato Plant
foodCropSweetPotato,Sweet Potatoes
plantedTurnip1,Turnips (Seed)
plantedTurnip2,Turnips (Growing)
plantedTurnip3Harvest,Turnip Plant (POI)
plantedTurnip3HarvestDesc,Turnip Plant
foodCropTurnip,Turnips

plantedBellPepper1,Bell Peppers (Seed)
plantedBellPepper2,Bell Peppers (Growing)
plantedBellPepper3Harvest,Bell Pepper Plant (POI)
plantedBellPepper3HarvestDesc,Bell Pepper Plant
foodCropBellPepper,Bell Peppers
plantedCucumber1,Cucumbers (Seed)
plantedCucumber2,Cucumbers (Growing)
plantedCucumber3Harvest,Cucumber Plant (POI)
plantedCucumber3HarvestDesc,Cucumber Plant
foodCropCucumber,Cucumbers
plantedLettuce1,Lettuce (Seed)
plantedLettuce2,Lettuce (Growing)
plantedLettuce3Harvest,Lettuce Plant (POI)
plantedLettuce3HarvestDesc,Lettuce Plant
foodCropLettuce,Lettuce
plantedRadish1,Radishes (Seed)
plantedRadish2,Radishes (Growing)
plantedRadish3Harvest,Radish Plant (POI)
plantedRadish3HarvestDesc,Radish Plant
foodCropRadish,Radishes
plantedSwissChard1,Swiss Chard (Seed)
plantedSwissChard2,Swiss Chard (Growing)
plantedSwissChard3Harvest,Swiss Chard Plant (POI)
plantedSwissChard3HarvestDesc,Swiss Chard Plant
foodCropSwissChard,Swiss Chard
plantedTomato1,Tomatoes (Seed)
plantedTomato2,Tomatoes (Growing)
plantedTomato3Harvest,Tomato Plant (POI)
plantedTomato3HarvestDesc,Tomato Plant
foodCropTomato,Tomatoes

plantedZucchini1,Zucchini (Seed)
plantedZucchini2,Zucchini (Growing)
plantedZucchini3Harvest,Zucchini Plant (POI)
plantedZucchini3HarvestDesc,Zucchini Plant
foodCropZucchini,Zucchini
plantedButternut1,Butternut Squash (Seed)
plantedButternut2,Butternut Squash (Growing)
plantedButternut3Harvest,Butternut Squash Plant (POI)
plantedButternut3HarvestDesc,Butternut Squash Plant
foodCropButternut,Butternut Squash

xuiSandboxRandomize,Randomize
xuiSandboxRandomizerLockToggle,"[FFFFFF]White[-]: choose anything\n[E41215]Red[-]: keep this setting\n[FFDC40]Yellow[-]: use the current value as the lowest allowed\n[FF9020]Orange[-]: use the current value as the highest allowed\n\nFor yellow or orange, set the option first, then click the lock."
xuiRebirthBaseGameTab,Base Game
xuiRebirthTab,Rebirth
xuiRebirthTitle,REBIRTH
xuiRebirthOptionsButton,Rebirth Options
xuiRebirthPresetGroup,Group
xuiRebirthPreset,Preset
xuiRebirthPresetGroupRecommended,Recommended
xuiRebirthPresetGroupUser,User
xuiRebirthPresetStandard,Standard
xuiRebirthPresetStandardDesc,Default REBIRTH gameplay settings.
xuiRebirthCategoryPOIs,POIs
xuiRebirthCategoryTraders,Traders
xuiRebirthCategoryEvents,Events
xuiRebirthCategoryMisc,Misc
xuiRebirthAdvancedFarming,Advanced Farming
xuiRebirthAdvancedFarmingDesc,"Yes enables REBIRTH crop growth, irrigation, water storage, temperature and light simulation. No uses the base game 3.0 farming behavior."
xuiRebirthCategoryQualityOfLife,Quality of Life
xuiRebirthInstantBlockPickup,Instant Block Pickup
xuiRebirthInstantBlockPickupDesc,"Controls whether eligible regular blocks bypass the radial Take menu. Frame Shapes, eligible small stones and torches, and other designated objects keep direct pickup in every mode. None uses the radial menu for other eligible regular blocks. Default instantly picks up sellable blocks worth at least 15 dukes; lower-value and non-sellable blocks use the radial menu. Always instantly picks up all eligible regular blocks. Storage containers and workstations always use the radial menu."
xuiRebirthInstantBlockPickupNone,None
xuiRebirthInstantBlockPickupDefault,Default
xuiRebirthInstantBlockPickupAlways,Always
xuiRebirthSaveAsPreset,Save As Preset
xuiRebirthDeletePreset,Delete Preset
xuiRebirthPresetName,Preset Name
xuiRebirthEnterPresetName,Enter a unique preset name.
cntWoodBurningStoveRebirthDesc,[B58CFF]Wood-burning cooking station.[-]\n[8FD18F]Provides stronger Advanced Farming heat while burning.[-]
xuiRebirthRenameContainer,Rename Container
xuiRebirthContainerName,Container Name
xuiRebirthContainerRenameDenied,You do not have permission to rename this container.
blockcommand_TEFeatureRebirthContainerName:edit,Rename
blockcommand_cancel,Cancel
xuiRebirthOwnedBy,Owned by
xuiRebirthEmpty,Empty
xuiRebirthPickupOwnerDenied,This block belongs to another player or you are not on its access list.
xuiRebirthWorkstationPlayerPlacedOnly,Only player-placed workstations can be picked up.
xuiRebirthWorkstationOwnerMissing,This workstation has no verified player owner and cannot be picked up.
palletBrownBoxesBaseOpen,Brown Boxes
palletBrownBoxesTileOpen,Brown Boxes
palletBrownBoxesTopOpen,Brown Boxes
palletBrownBoxesTopSmallOpen,Brown Boxes
palletBrownBoxesLooseOpen,Brown Boxes
palletBrownBoxesBaseClosed,Brown Boxes
palletBrownBoxesTileClosed,Brown Boxes
palletBrownBoxesTopClosed,Brown Boxes
palletBrownBoxesTopSmallClosed,Brown Boxes
palletBrownBoxesLooseClosed,Brown Boxes
xuiRebirthPickupUnlockFirst,Unlock this container or workstation before picking it up.
xuiRebirthWorkstationLockedDenied,This workstation is locked. Enter its passcode to gain access.
xuiRebirthQuickStack,Quick Stack
xuiRebirthQuickStackDistance,Quick Stack Distance
xuiRebirthQuickStackDistanceDesc,Maximum distance used by Quick Stack to discover eligible storage workstations vehicles drones and companions. Range: 10-50 m. Default: 30 m.
xuiRebirthQuickStackDesc,Off disables Quick Stack. Strict uses exact-item destinations in your containers before other accessible containers. Full tries your exact-item destinations then your assigned-category destinations then other accessible exact-item destinations and finally other assigned-category destinations.
xuiRebirthQuickStackOff,Off
xuiRebirthQuickStackStrict,Strict
xuiRebirthQuickStackFull,Full
xuiRebirthQuickStackActionDesc,Quick Stack nearby accessible containers using the configured mode. Your containers are preferred before other accessible containers.
xuiRebirthQuickStackOwnedActionDesc,Quick Stack only into nearby containers owned by you using the configured mode.
xuiRebirthQuickStackRestockActionDesc,Restock Existing Inventory
xuiRebirthQuickStackPreviewActionDesc,Preview Quick Stack Destinations
xuiRebirthQuickStackPreviewNone,No eligible items can be moved from the available Quick Stack sources.
xuiRebirthQuickStackCategoriesTitle,Quick Stack Categories
xuiRebirthQuickStackCategoriesHelp,Select every item category this container should accept during Full Quick Stack.\nMultiple categories may be enabled.
xuiRebirthQuickStackCategoriesButtonDesc,Assign accepted Quick Stack categories to the open container.
xuiRebirthQuickStackCategoriesTooltip,Assign accepted Quick Stack categories to this container.
xuiRebirthQuickStackItemCategoryTitle,Quick Stack Category
xuiRebirthQuickStackItemCategoryTooltip,Show this item's Quick Stack category.
xuiRebirthQuickStackCategoryUnassigned,Unassigned
xuiRebirthQuickStackCategoryAssignedDesc,Full Quick Stack can route this item to containers that accept the category shown above.
xuiRebirthQuickStackCategoryNoneDesc,This item is not assigned to a Quick Stack category. Exact-stack routing can still apply.
xuiRebirthQuickStackCategoriesNoContainer,Open a storage container before assigning Quick Stack categories.
xuiRebirthQuickStackCategoryAmmunition,Ammunition
xuiRebirthQuickStackCategoryRangedWeapons,Ranged Weapons
xuiRebirthQuickStackCategoryMeleeWeapons,Melee Weapons
xuiRebirthQuickStackCategoryTools,Tools
xuiRebirthQuickStackCategoryMedicalSupplies,Medical Supplies
xuiRebirthQuickStackCategoryItemModifiers,Item Modifiers
xuiRebirthQuickStackCategoryArmor,Armor
xuiRebirthQuickStackCategoryClothing,Clothing
xuiRebirthQuickStackCategoryFood,Food
xuiRebirthQuickStackCategoryDrinks,Drinks
xuiRebirthQuickStackCategorySeedsAndFarming,Seeds and Farming
xuiRebirthQuickStackCategoryVehicleParts,Vehicle Parts
xuiRebirthQuickStackCategoryBooksAndSchematics,Books and Schematics
xuiRebirthQuickStackCategoryResourcesAndCraftingMaterials,Resources and Crafting Materials
xuiRebirthQuickStackCategoryBuildingBlocks,Building Blocks
xuiRebirthQuickStackCategoryElectricalAndMechanicalDevices,Electrical and Mechanical Devices
xuiRebirthQuickStackCategoryTrapsAndDefensiveDevices,Traps and Defensive Devices
xuiRebirthQuickStackButtonDesc,Open Quick Stack Actions.
xuiRebirthQuickStackDepositTitle,Deposit Items
xuiRebirthQuickStackDepositDesc,Move eligible items from your backpack nearby accessible vehicles drone and companions into qualified nearby storage. Uncheck any source row you want to leave untouched.
xuiRebirthQuickStackDepositOwnedTitle,Deposit to Owned Containers
xuiRebirthQuickStackDepositOwnedDesc,Move eligible items from your backpack nearby accessible vehicles drone and companions only into qualified nearby storage containers you own. Uncheck any source row you want to leave untouched.
xuiRebirthQuickStackRestockTitle,Restock Inventory
xuiRebirthQuickStackRestockDesc,Pull matching items from qualified nearby storage into your backpack. Existing matching stacks may be topped up regardless of slot protection.
xuiRebirthQuickStackWillMove,Transfer Preview
xuiRebirthQuickStackPreviewLoading,Calculating transfer preview...
xuiRebirthQuickStackPreviewTotals,{0} item types / {1} items
xuiRebirthQuickStackRestockPreviewNone,No matching items are available to restock.
xuiRebirthQuickStackSelectAll,Select All
xuiRebirthQuickStackClearAll,Clear All
xuiBlockQuickstackcategories,Quick Stack Categories
xuiBlockQuickstackcategoriesDesc,Choose which item categories this owned container accepts during Quick Stack.
xuiRebirthQuickStackCollectOutputsTitle,Collect Workstation Outputs
xuiRebirthQuickStackCollectOutputsDesc,Select a nearby workstation with completed outputs then retrieve its completed output items. The closest eligible workstation is selected automatically. Input fuel tools and queued materials are never touched.
xuiRebirthQuickStackCloseDesc,Close the Quick Stack Actions window.
xuiRebirthQuickStackCollectOutputsPreview,{0} workstations / {1} completed items / {2} busy skipped
xuiRebirthQuickStackCollectOutputsPreviewNone,No accessible completed workstation outputs are available.
xuiRebirthQuickStackCollectOutputsResult,Collected {0} items from {2} workstations across {1} output stacks. Busy skipped: {3}. Output remaining: {4}.
xuiRebirthQuickStackCollectOutputsNone,No workstation output was collected. Busy skipped: {0}. Output remaining: {1}.
xuiBlockRemoteresourcetoggle,Use for Remote Resources
xuiBlockRemoteresourcetoggleDesc,Enable or disable this source for remote crafting repair upgrade painting and Quick Stack resource use.
xuiRebirthRemoteResourcesEnabled,Use for Remote Resources: Yes
xuiRebirthRemoteResourcesDisabled,Use for Remote Resources: No
blockcommand_quickstackcategories,Quick Stack Categories
blockcommand_remoteresourcetoggle,Enable or Disable Remote Resource Use

xuiRebirthLogistics,Quick Stack Actions
xuiRebirthCompanions,Companions
xuiRebirthItemsToTransfer,Items to Transfer
xuiRebirthItemsToRetrieve,Items to Retrieve
xuiRebirthQualifiedSources,Qualified Sources
xuiRebirthAccessibleWorkstations,Accessible Workstations
xuiRebirthQualifiedVehicles,Qualified Vehicles
xuiRebirthQualifiedCompanions,Qualified Companions
xuiRebirthSelectTransferDestinationHint,Click a nearby target row to select it. The closest eligible target is selected automatically. Uncheck any source item you want to leave where it is; edit its amount to move only part of it.
xuiRebirthSelectDestination,Select Destination...
xuiRebirthPullAllVehiclesHint,All qualified nearby vehicles are retrieval sources. Item rows identify the source vehicle. Uncheck a row or reduce its amount to leave that item in that vehicle.
xuiRebirthPullAllCompanionsHint,All qualified nearby companions are retrieval sources. Item rows identify the source companion. Uncheck a row or reduce its amount to leave that item with that companion.
xuiRebirthNoWorkstationOutputItems,No completed workstation output items are available.
xuiRebirthNoQualifiedSourceItems,No transferable items are available from Qualified Sources.
xuiRebirthNoVehicleItemsToRetrieve,No transferable items are available in qualified nearby vehicles.
xuiRebirthNoCompanionItemsToRetrieve,No transferable items are available in qualified nearby companions.
xuiRebirthNoNearbyWorkstationOutputs,No nearby accessible workstations have completed output items.
xuiRebirthNoNearbyVehicles,No nearby accessible vehicles are available for this action.
xuiRebirthNoNearbyCompanions,No nearby accessible companions are available for this action.
xuiRebirthNoQualifiedNearbyStorage,No qualified nearby storage meets the requirements for this Quick Stack action.
xuiRebirthNearbyStorage,Nearby Storage
xuiRebirthQualifiedNearbyStorage,Qualified Nearby Storage
xuiRebirthQualifiedStorageHint,Only accessible containers with assigned Quick Stack categories or an item type present in an eligible Quick Stack source are shown.
xuiRebirthNearbyWorkstationOutputs,Nearby Workstations
xuiRebirthWorkstationOutputHint,Click a workstation to select it. The closest eligible workstation with completed output items is selected automatically.
xuiRebirthNearbyAccessibleVehicles,Nearby Accessible Vehicles
xuiRebirthNearbyCompanions,Nearby Companions
xuiRebirthTransferTarget,Target
xuiRebirthSelectTransferTargetHint,Choose the nearby source or destination before executing the transfer.
xuiRebirthExecuteTransfer,Execute Transfer
xuiRebirthLogisticsCalculating,Calculating items and valid targets...
xuiRebirthLogisticsSummary,{0} item types / {1} items / {2} valid targets / {3} unavailable
xuiRebirthNoNearbyStorage,No nearby storage meets the requirements for this action.
xuiRebirthVehicleStorage,Vehicle Storage
xuiRebirthDroneStorage,Companion Storage
xuiRebirthCompanionStorage,Companion Storage
xuiRebirthWorkstationOutput,Workstation Output
xuiRebirthContainerStorage,Container
xuiRebirthQuickStackSourceBackpack,Backpack
xuiRebirthQuickStackSourceDrone,Drone
xuiRebirthPushVehicle,Push to Vehicle
xuiRebirthPushVehicleDesc,Move transferable items from Qualified Sources into the highlighted vehicle. Click a vehicle row to select it; the closest is selected automatically. Uncheck source rows or reduce an amount to leave items behind.
xuiRebirthPullVehicle,Pull from Vehicle
xuiRebirthPullVehicleDesc,Retrieve selected transferable items from qualified nearby vehicles into your backpack. Uncheck any source row or reduce its amount to leave items in that vehicle.
xuiRebirthPushDrone,Push to Companions
xuiRebirthPushDroneDesc,Move transferable items from Qualified Sources into the highlighted companion. Click a companion row to select it; the closest is selected automatically. Uncheck source rows or reduce an amount to leave items behind.
xuiRebirthPullDrone,Pull from Companions
xuiRebirthPullDroneDesc,Retrieve selected transferable items from qualified nearby companions into your backpack. Uncheck any source row or reduce its amount to leave items with that companion.
xuiRebirthDrone,Robotic Drone
xuiRebirthNoDrone,No owned drone is nearby.
xuiRebirthDroneLocked,Locked to Player
xuiRebirthDroneFollowing,Following
xuiRebirthStatusFollowing,Following
xuiRebirthStatusWaiting,Waiting
xuiRebirthStatusGuarding,Guarding
xuiRebirthStatusStopped,Stopped
xuiRebirthStorageCount,Storage: {0}/{1} slots   Distance: {2} m
xuiRebirthLockToPlayer,Lock to Player
xuiRebirthUnlockFromPlayer,Unlock from Player
xuiRebirthLockDroneToPlayer,Lock Drone to Player
xuiRebirthUnlockDroneFromPlayer,Unlock Drone from Player
xuiRebirthLockDrone,Lock
xuiRebirthUnlockDrone,Unlock
xuiRebirthDroneAccessLocked,Access Locked
xuiRebirthFollow,Follow
xuiRebirthStay,Stay
xuiRebirthRecall,Recall

xuiRebirthRemoteResources,Remote Resources
xuiRebirthRemoteResourcesDistance,Remote Resources Distance
xuiRebirthRemoteResourcesDistanceDesc,Maximum distance used by Remote Resources for crafting repair upgrade painting and other remote resource consumers. Range: 10-80 m. Default: 50 m.
xuiRebirthRemoteResourcesDesc,Allow crafting repairing upgrading painting and other supported actions to use resources from nearby valid containers.
inpTabRebirth,REBIRTH
inpGrpRebirthVehiclesName,Vehicles
inpGrpRebirthVehiclesDesc,Actions related to vehicles and vehicle gameplay.
inpGrpRebirthGeneralName,General
inpGrpRebirthGeneralDesc,General REBIRTH actions.
inpGrpRebirthBuildingName,Building
inpGrpRebirthBuildingDesc,Actions related to building and construction.
inpGrpRebirthCompanionsName,Companions
inpGrpRebirthCompanionsDesc,Actions related to companions.
inpGrpRebirthLoadoutsName,Loadouts
inpGrpRebirthLoadoutsDesc,Actions related to equipment loadouts.
inpGrpRebirthAudioName,Audio
inpGrpRebirthAudioDesc,Actions related to REBIRTH audio features.
inpGrpRebirthClassesName,Classes
inpGrpRebirthClassesDesc,Actions related to classes.
inpActRebirthToggleCruiseControlName,Toggle Cruise Control
inpActRebirthToggleCruiseControlDesc,Toggles vehicle cruise control between off normal speed and turbo while driving.
inpActRebirthQuickStackName,Quick Stack
inpActRebirthQuickStackDesc,Immediately transfers all eligible Quick Stack items into eligible nearby containers using REBIRTH container priority rules.
inpActRebirthCompanionTeleportName,Recall
inpActRebirthCompanionTeleportDesc,Recalls every active owned companion directly to your position.
inpActRebirthToggleCompanionCardStyleName,Toggle Companion Card Style
inpActRebirthToggleCompanionCardStyleDesc,Toggles the companion HUD between Default Cards and Simple Cards.
inpActRebirthCopyShapeRotationName,Copy Shape + Rotation
inpActRebirthCopyShapeRotationDesc,Copies the shape and rotation of the block you are looking at to the compatible shape block currently in your hand.
ttCruiseNormal,Cruise Control: Normal
ttCruiseFast,Cruise Control: Turbo
xuiRebirthSecureAccessSharing,Secure Access Sharing
xuiRebirthSecureAccessSharingDesc,Controls who REBIRTH systems may authorize for locked secure objects. PIN and native access-list authorization always apply; Allies adds the owner's allies; Party also adds the owner's current party members.
xuiRebirthSecureAccessPin,PIN / Access List
xuiRebirthSecureAccessAllies,Allies
xuiRebirthSecureAccessParty,Party
xuiRebirthHornActivatedDoors,Horn Activates Gates and Doors
xuiRebirthHornActivatedDoorsDesc,"Controls whether a vehicle horn opens no entrances, trader-prefab entrances only, or the nearest eligible trader or player entrance."
xuiRebirthHornDoorsNone,None
xuiRebirthHornDoorsTrader,Trader
xuiRebirthHornDoorsAll,All
xuiRebirthSpawnProgression,Zombie Progression
xuiRebirthSpawnProgressionDesc,"Chooses zombies for world spawns, POI sleepers, wandering hordes and Blood Moons. Biome selects the local biome's population without checking gamestage. Gamestage selects zombies using local or party progression and enables POI Risk. Biome disables POI Risk but remembers its setting for when you switch back."
xuiRebirthSpawnProgressionBiome,Biome
xuiRebirthSpawnProgressionGamestage,Gamestage
xuiRebirthCategoryEntities,Entities
vehicleHotwireKitRebirth,Hotwire Kit
vehicleHotwireKitRebirthDesc,A single-use kit required to claim a fully restored vehicle.
partVehicleHeadlightRebirth,Vehicle Headlight
partVehicleHeadlightRebirthDesc,A functional vehicle headlight assembly.
partVehicleBatteryRebirth,Vehicle Battery
partVehicleBatteryRebirthDesc,A serviceable vehicle battery.
partVehicleSparkPlugsRebirth,Spark Plugs
partVehicleSparkPlugsRebirthDesc,A matched set of vehicle spark plugs.
partVehicleSmallEngineRebirth,Small Vehicle Engine
partVehicleSmallEngineRebirthDesc,A compact engine used by light vehicles.
partVehicleMotorcycleEngineRebirth,Motorcycle Engine
partVehicleMotorcycleEngineRebirthDesc,A motorcycle powerplant.
partVehicleV6EngineRebirth,V6 Engine
partVehicleV6EngineRebirthDesc,A six-cylinder vehicle engine.
partVehicleV8EngineRebirth,V8 Engine
partVehicleV8EngineRebirthDesc,An eight-cylinder vehicle engine.
partVehicleStarterRebirth,Vehicle Starter
partVehicleStarterRebirthDesc,A vehicle starter motor.
partVehicleFuelPumpRebirth,Fuel Pump
partVehicleFuelPumpRebirthDesc,A vehicle fuel pump.
partVehicleCarRadiatorRebirth,Car Radiator
partVehicleCarRadiatorRebirthDesc,A radiator sized for cars.
partVehicleTruckRadiatorRebirth,Truck Radiator
partVehicleTruckRadiatorRebirthDesc,A heavy-duty truck radiator.
partVehicleCarburetorRebirth,Carburetor
partVehicleCarburetorRebirthDesc,A tuned vehicle carburetor.
partVehicleTransmissionRebirth,Vehicle Transmission
partVehicleTransmissionRebirthDesc,A complete vehicle transmission.
partVehicleAlternatorRebirth,Alternator
partVehicleAlternatorRebirthDesc,A vehicle alternator.
partVehicleBicycleWheelRebirth,Bicycle Wheel
partVehicleBicycleWheelRebirthDesc,A complete bicycle wheel.
partVehicleMinibikeWheelRebirth,Minibike Wheel
partVehicleMinibikeWheelRebirthDesc,A complete minibike wheel.
partVehicleMotorcycleWheelRebirth,Motorcycle Wheel
partVehicleMotorcycleWheelRebirthDesc,A complete motorcycle wheel.
partVehicleCarWheelRebirth,Car Wheel
partVehicleCarWheelRebirthDesc,A complete passenger vehicle wheel.
partVehicleTruckWheelRebirth,Truck Wheel
partVehicleTruckWheelRebirthDesc,A complete truck wheel.
partVehicleMilitaryWheelRebirth,Military Wheel
partVehicleMilitaryWheelRebirthDesc,A reinforced military vehicle wheel.
partVehicleHeavyWheelRebirth,Heavy Vehicle Wheel
partVehicleHeavyWheelRebirthDesc,A heavy multi-axle vehicle wheel.
partVehicleGyroWheelRebirth,Gyrocopter Wheel
partVehicleGyroWheelRebirthDesc,A gyrocopter landing wheel.
partVehicleHelicopterEngineRebirth,Helicopter Engine
partVehicleHelicopterEngineRebirthDesc,A helicopter engine.
partVehicleHelicopterRotorRebirth,Main Rotor
partVehicleHelicopterRotorRebirthDesc,A helicopter main rotor assembly.
partVehicleHelicopterTailRotorRebirth,Tail Rotor
partVehicleHelicopterTailRotorRebirthDesc,A helicopter tail rotor assembly.
partVehicleHelicopterTransmissionRebirth,Rotor Transmission
partVehicleHelicopterTransmissionRebirthDesc,A helicopter rotor transmission.
xuiRebirthVehicleRestorationTitle,Vehicle Restoration
xuiRebirthVehicleRestore,Restore Vehicle
xuiRebirthVehicleRestoreProgress,Restore Vehicle ({0}/{1} parts)
xuiRebirthVehicleInstall,Install
xuiRebirthVehicleRemove,Remove
xuiRebirthVehicleHotwire,Hotwire
xuiRebirthVehicleEmpty,Empty
xuiRebirthVehicleMissing,The repairable vehicle is no longer available.
xuiRebirthVehicleIdentityMismatch,Vehicle identity mismatch. The current state was refreshed.
xuiRebirthVehicleChanged,Another player changed this vehicle. The current state was refreshed.
xuiRebirthVehicleInvalidDefinition,This vehicle definition is invalid.
xuiRebirthVehicleInvalidSlot,Invalid vehicle slot.
xuiRebirthVehicleSlotOccupied,That slot already contains a part.
xuiRebirthVehicleNeedPart,You need the required part for {0}.
xuiRebirthVehiclePartInstalled,Part installed.
xuiRebirthVehicleSlotEmpty,That slot is empty.
xuiRebirthVehicleInventoryFull,There is no room to return that part.
xuiRebirthVehiclePartRemoved,Part removed.
xuiRebirthVehicleIncomplete,The vehicle is incomplete. Missing: {0}.
xuiRebirthVehicleUnavailable,"This vehicle family is ready, but its driveable entity is not available."
xuiRebirthVehicleNeedHotwireKit,You need a Hotwire Kit.
xuiRebirthVehicleConversionBusy,This vehicle is already being converted.
xuiRebirthVehicleSpawnFailed,The vehicle could not be created. The Hotwire Kit was returned.
xuiRebirthVehicleConversionComplete,Vehicle restored and ownership assigned.
xuiRebirthVehicleFamilyBicycle,Bicycle
xuiRebirthVehicleFamilyMinibike,Minibike
xuiRebirthVehicleFamilyMotorcycle,Motorcycle
xuiRebirthVehicleFamilyQuad,Quad
xuiRebirthVehicleFamilyV6Car,V6 Car
xuiRebirthVehicleFamilyV8Car,V8 Car
xuiRebirthVehicleFamilyV6Truck,V6 Truck
xuiRebirthVehicleFamilyV8Truck,V8 Truck / 4x4
xuiRebirthVehicleFamilyMilitaryTruck,Military Truck
xuiRebirthVehicleFamilySixWheeler,Six-Wheeler
xuiRebirthVehicleFamilySixWheelerMilitary,Military Six-Wheeler
xuiRebirthVehicleFamilyEightWheeler,Eight-Wheeler
xuiRebirthVehicleFamilyEightWheelerMilitary,Military Eight-Wheeler
xuiRebirthVehicleFamilyRV,RV
xuiRebirthVehicleFamilyHelicopter,Helicopter
xuiRebirthVehicleFamilyGyrocopter,Gyrocopter
xuiRebirthVehicleSlotWheel1,Wheel 1
xuiRebirthVehicleSlotWheel2,Wheel 2
xuiRebirthVehicleSlotWheel3,Wheel 3
xuiRebirthVehicleSlotWheel4,Wheel 4
xuiRebirthVehicleSlotWheel5,Wheel 5
xuiRebirthVehicleSlotWheel6,Wheel 6
xuiRebirthVehicleSlotWheel7,Wheel 7
xuiRebirthVehicleSlotWheel8,Wheel 8
xuiRebirthVehicleSlotHeadlight,Headlight
xuiRebirthVehicleSlotHeadlightLeft,Headlight Left
xuiRebirthVehicleSlotHeadlightRight,Headlight Right
xuiRebirthVehicleSlotBattery,Battery
xuiRebirthVehicleSlotSparkPlugs,Spark Plugs
xuiRebirthVehicleSlotEngine,Engine
xuiRebirthVehicleSlotStarter,Starter
xuiRebirthVehicleSlotFuelPump,Fuel Pump
xuiRebirthVehicleSlotRadiator,Radiator
xuiRebirthVehicleSlotCarburetor,Carburetor
xuiRebirthVehicleSlotTransmission,Transmission
xuiRebirthVehicleSlotAlternator,Alternator
xuiRebirthVehicleSlotRotorMain,Main Rotor
xuiRebirthVehicleSlotRotorTail,Tail Rotor
repairableVehicleBicycleRebirth,Repairable Bicycle
repairableVehicleBicycleRebirthDesc,Install all compatible parts and use a Hotwire Kit to restore this vehicle.
repairableVehicleMinibikeRebirth,Repairable Minibike
repairableVehicleMinibikeRebirthDesc,Install all compatible parts and use a Hotwire Kit to restore this vehicle.
repairableVehicleMotorcycleRebirth,Repairable Motorcycle
repairableVehicleMotorcycleRebirthDesc,Install all compatible parts and use a Hotwire Kit to restore this vehicle.
repairableVehicle4x4Rebirth,Repairable 4x4
repairableVehicle4x4RebirthDesc,Install all compatible parts and use a Hotwire Kit to restore this vehicle.
repairableVehicleGyrocopterRebirth,Repairable Gyrocopter
repairableVehicleGyrocopterRebirthDesc,Install all compatible parts and use a Hotwire Kit to restore this vehicle.

xuiRebirthVehicleAlreadyConverted,This vehicle has already been converted.
xuiRebirthVehiclePartReplaced,Vehicle part replaced.

xuiRebirthVehicleInstallReplace,Install / Replace
xuiRebirthVehiclePerformanceFormat,Acceleration x{0:0.00}  Torque x{1:0.00}  Speed x{2:0.00}  Fuel x{3:0.00}  Handling x{4:0.00}  Braking x{5:0.00}
xuiRebirthVehicleRequestPending,A vehicle update is already pending.
xuiRebirthVehicleSlotInstructions,"Drag a vehicle part onto its matching slot, or SHIFT-click the part in your backpack. SHIFT-click an installed part to remove it."
xuiRebirthVehicleWrongPart,That slot requires: {0}.
xuiRebirthVehicleMatchingSlotsFilled,Every matching slot already contains a part.
xuiRebirthVehicleCursorChanged,The dragged item changed before the vehicle update could be sent.
xuiRebirthVehicleRuntimeValidation,Vehicle restoration runtime validation
xuiRebirthAutoReplantTrees,Auto Replant Trees
xuiRebirthAutoReplantTreesDesc,"When enabled, harvesting supported planted trees automatically replants them at their first growth stage instead of returning a sapling."
xuiOff,Off
xuiOn,On

xuiRebirthVehicleBlockRespawn,Vehicle Block Respawn
xuiRebirthVehicleBlockRespawnDesc,"Respawns eligible destroyed world vehicle blocks after the selected number of game days. No marker, model, icon, particle, or placeholder is shown while the vehicle is absent."
xuiRebirthDays,Days

xuiRebirthPickupWildCrop,Pick up {0} {1}

xuiRebirthHybridPathSmoothing,Hybrid Path Smoothing
xuiRebirthHybridPathSmoothingDesc,"When On, eligible non-player pathing entities such as zombies, animals, dogs, survivors, bandits, and other NPCs can skip unnecessary grid nodes only when a body-sized route is clear. They retain normal pathfinding around obstacles. On by default."
xuiRebirthSleeperRespawns,Sleeper Respawns
xuiRebirthSleeperRespawnsDesc,Controls whether cleared sleeper volumes can reactivate and repopulate. Off keeps cleared sleeper volumes permanently cleared; On allows normal sleeper respawning.

xuiRebirthLootTraderAreas,Loot Trader Areas
xuiRebirthLootTraderAreasDesc,Controls whether players may search and loot non-player storage containers inside trader POIs. On by default. Player-owned storage remains accessible.

xuiRebirthSleeperSpawnMultiplier,Sleeper Spawn Multiplier
xuiRebirthSleeperSpawnMultiplierDesc,"Activates up to the selected normal sleeper population. Actual population may be limited by available sleeper positions, POI design, entity limits, vanilla spawning rules, or MinScript logic."
xuiRebirthInfestedSleeperSpawnMultiplier,Infested Sleeper Spawn Multiplier
xuiRebirthInfestedSleeperSpawnMultiplierDesc,"Activates up to the selected infested-quest sleeper population, replacing the native infested population multiplier rather than stacking with it. Actual population may be limited by available sleeper positions, POI design, entity limits, vanilla spawning rules, or MinScript logic."

xuiRebirthSuppressConsoleErrorPopups,Suppress Console Error Popups
xuiRebirthSuppressConsoleErrorPopupsDesc,"Prevents assertion and exception messages from automatically opening the debug console. Messages are still recorded in the console and log files, and the console can still be opened manually."
xuiRebirthTreeDensityMultiplier,Tree Density Multiplier
xuiRebirthTreeDensityMultiplierDesc,Scales tree decoration probability for a newly created save. Existing saves are unchanged; the same generated world can be reused.
xuiRebirthVehicleDensityMultiplier,Vehicle Density Multiplier
xuiRebirthVehicleDensityMultiplierDesc,Scales the probability of biome vehicle-helper decorations when biome definitions are loaded. Applies to newly generated terrain; existing placed vehicles are not changed.
xuiRebirthCategoryWorld,World

xuiRebirthBlocksCatchFire,Blocks Catch Fire
xuiRebirthBlocksCatchFireDesc,Controls whether flammable world blocks can ignite spread burn downgrade explode and be extinguished.
xuiRebirthFireAffectsHeatmap,Fire Affects Heatmap
xuiRebirthFireAffectsHeatmapDesc,Controls whether actively burning world blocks add activity to the zombie heatmap. Default is No.
xuiRebirthFireBlockDamageSpeed,Fire Block Damage Speed
xuiRebirthFireBlockDamageSpeedDesc,Controls how quickly burning blocks accumulate fire damage. Slower applies half damage Default uses the configured damage and Faster applies double damage. Spread player burning heatmap and visual timing are unchanged.
xuiRebirthFireBlockDamageSlower,Slower
xuiRebirthFireBlockDamageDefault,Default
xuiRebirthFireBlockDamageFaster,Faster

xuiRebirthMaxJobs,Maximum Jobs Listed
xuiRebirthMaxJobsDesc,"Sets the maximum number of normal jobs shown per trader tier. Available values are 5 11 and 17, matching one, two, or three rows of the fixed-size REBIRTH job-card layout while reserving one card-sized area for Previous Tier, Next Tier, and Nevermind commands. Use the base-game trader job option to disable trader jobs entirely. Fetch, buried supplies, and restore power limits scale proportionally from the 11-job baseline. Special progression jobs are not counted against this maximum."
xuiRebirthJobsToNextTier,Jobs to Next Tier
xuiRebirthJobsToNextTierDesc,Sets how many completed jobs at the current trader tier are required to unlock the next tier. Uses the REBIRTH 2.6 choices: 6 8 10 12 14 16 18 or 20. Default is 10. The setting controls actual trader-tier progression and the compass Job Tier readout.
xuiRebirthCompassJobTier,TIER {0} [B58CFF]{1}[-]/{2}
xuiRebirthCompassJobTierMax,TIER {0} MAX
xuiRebirthAcceptedTraderJobLimitReached,You already have the maximum of {0} active personal trader jobs allowed while taking jobs of this tier.

xuiRebirthRepeatPoiJobs,Repeat POI Jobs
xuiRebirthRepeatPoiJobsDesc,Controls adaptive repeat avoidance. None avoids repeats as strongly as possible; Low uses a large history window; Medium is balanced; High uses a short window; Unlimited ignores completed history. Restrictions relax deterministically when needed to keep a healthy job list. Active physical POIs are never duplicated.
xuiRebirthRepeatPoiJobRejected,That physical POI is already used by one of your active trader jobs.
xuiRebirthRepeatPoiNone,None
xuiRebirthRepeatPoiLow,Low
xuiRebirthRepeatPoiMedium,Medium
xuiRebirthRepeatPoiHigh,High
xuiRebirthRepeatPoiUnlimited,Unlimited
xuiRebirthTraderOfferStale,This trader job offer is no longer current. Reopen the trader job list and select it again.
xuiRebirthInfestedJobs,Infested Jobs
xuiRebirthInfestedJobsDesc,Controls how infested trader jobs are presented. Default shows normal infested names and tiers. Hide removes the infested identity from quest-facing text. Surprise also presents each real infested job as the preceding normal clear tier while preserving the actual infested POI objectives sleepers cache and rewards.
xuiRebirthInfestedJobsDefault,Default
xuiRebirthInfestedJobsHide,Hide
xuiRebirthInfestedJobsSurprise,Surprise
xuiRebirthTraderJobList,Trader Job List
xuiRebirthTraderJobListDesc,Fixed uses the normal trader job refresh schedule. Random creates a new list whenever you choose Jobs in the trader conversation. Opening job details or returning from those details keeps the same list.
xuiRebirthTraderJobListFixed,Fixed
xuiRebirthTraderJobListRandom,Random
xuiRebirthPreventHealingOverlap,Prevent Healing Overlap
xuiRebirthPreventHealingOverlapDesc,Prevents another health-restoring medical item from being used while pending medical healing is above the selected health threshold. Off disables the restriction. Emergency bleeding treatments remain available.
ttRebirthHealingAlreadyActive,You are still recovering from the previous treatment.

xuiRebirthAlwaysStagger,Guaranteed Stagger
xuiRebirthAlwaysStaggerDesc,Controls guaranteed pain reactions for hostile non-animal enemies. All Qualifying Hits is the default. Fatal and zero-damage hits remain unchanged.
xuiRebirthAlwaysStaggerDisabled,Disabled
xuiRebirthAlwaysStaggerHeadshotsOnly,Headshots Only
xuiRebirthAlwaysStaggerAllHits,All Qualifying Hits
xuiRebirthWeatherFogBehavior,Fog Behavior
xuiRebirthWeatherFogBehaviorDesc,Dynamic scales the fog continuously produced by the base weather system. Static uses a fixed atmospheric fog target while preserving smooth transitions. Disabled removes ordinary above-water atmospheric fog. Underwater fog remains unchanged.
xuiRebirthWeatherFogIntensity,Fog Intensity
xuiRebirthWeatherFogIntensityDesc,Controls the Dynamic fog multiplier or Static fog-density target: None 0; Very Low 0.1; Low 0.175; Normal 0.3; Heavy 0.45; Very Heavy 0.6. None removes ordinary above-water atmospheric fog. This setting is ignored while Fog Behavior is Disabled.
xuiRebirthWeatherFogDynamic,Dynamic
xuiRebirthWeatherFogStatic,Static
xuiRebirthWeatherFogDisabled,Disabled
xuiRebirthWeatherFogNone,None
xuiRebirthWeatherFogVeryLow,Very Low
xuiRebirthWeatherFogLow,Low
xuiRebirthWeatherFogNormal,Normal
xuiRebirthWeatherFogHeavy,Heavy
xuiRebirthWeatherFogVeryHeavy,Very Heavy

xuiRebirthUniformAtmosphere,Uniform Atmosphere
xuiRebirthUniformAtmosphereDesc,Uses the pine-forest atmospheric color profile in every biome while preserving time-of-day and weather changes. Affects sky sunlight moonlight fog color and fog fade without changing biome gameplay temperature terrain weather probabilities or spawns.
xuiRebirthPoiRisk,POI Risk
xuiRebirthPoiRiskDesc,"Adds a fading POI-tier bonus when choosing sleeper groups inside a POI. It does not add another biome bonus or change loot, world spawns, hordes or your overall gamestage. Requires Zombie Progression: Gamestage. Choosing Biome disables POI Risk but remembers your setting for when you switch back."
xuiRebirthPoiRiskNone,None
xuiRebirthPoiRiskLow,Low
xuiRebirthPoiRiskMedium,Medium
xuiRebirthPoiRiskHigh,High
xuiRebirthPoiSenseSchedule,POI Sense Schedule
xuiRebirthPoiSenseScheduleDesc,POI Sense automatically and progressively wakes sleepers that are already spawned within the configured radius of the player inside the current POI. It does not require normal sleeper sight or hearing and never forces untouched sleeper volumes to populate. This setting controls when that extra activation is allowed. Never leaves native sleeper activation unchanged.
xuiRebirthPoiSenseIntensity,POI Sense Intensity
xuiRebirthPoiSenseIntensityDesc,"Controls the automatic wake radius, wake rate, burst size, and maximum active sleepers after POI Sense is enabled by the Schedule. Low wakes spawned sleepers within 28 metres at up to 2 per second with a cap of 8; Medium uses 40 metres, 4 per second, and a cap of 12; High uses 55 metres, 6 per second, and a cap of 16. Existing awake sleepers count toward the cap."
xuiRebirthPoiSenseNever,Never
xuiRebirthPoiSenseDayOnly,Day Only
xuiRebirthPoiSenseNightOnly,Night Only
xuiRebirthPoiSenseAlways,Always
xuiRebirthPoiSenseLow,Low
xuiRebirthPoiSenseMedium,Medium
xuiRebirthPoiSenseHigh,High
xuiRebirthPitchBlack,Pitch Black
xuiRebirthPitchBlackDesc,Makes unlit nights nearly black while preserving artificial lights and the Blood Moon red sky. Removes ambient moon and Blood Moon illumination from terrain without changing AI perception stealth weather spawning temperature or chunk lighting.
xuiRebirthBossEvents,Zombie Boss Events
xuiRebirthBossEventsOff,Off
xuiRebirthBossEventsLevel10,Player Level 10
xuiRebirthBossEventsLevel15,Player Level 15
xuiRebirthBossEventsLevel20,Player Level 20
xuiRebirthBossEventsLevel25,Player Level 25
xuiRebirthBossEventsLevel30,Player Level 30
xuiRebirthBossEventsDesc,"Zombie Boss Events send a boss and supporting zombies after the event owner. Choose Off to disable them or select the minimum player level at which they can begin. The following options control their schedule, limits, size, difficulty, restrictions, rewards and notifications."
xuiRebirthBossEventFrequency,Boss Event Frequency
xuiRebirthBossEventFrequencyDesc,Controls the expected number of boss events scheduled each day.
xuiRebirthBossEventMaximum,Maximum Boss Events Per Day
xuiRebirthBossEventMaximumDesc,Limits how many boss events may begin for each player during one world day.
xuiRebirthBossEventSize,Boss Event Size
xuiRebirthBossEventSizeDesc,Controls the number of regular zombies accompanying the boss and support zombies.
xuiRebirthBossEventDifficulty,Boss Event Difficulty
xuiRebirthBossEventDifficultyDesc,Adjusts the event gamestage used to select and scale the encounter.
xuiRebirthBossEventTime,Boss Event Time
xuiRebirthBossEventTimeDesc,"Restricts boss events to daytime, nighttime, or both."
xuiRebirthBossEventBloodMoon,Blood Moon Day Events
xuiRebirthBossEventBloodMoonDesc,Allows independently scheduled boss events on Blood Moon days.
xuiRebirthBossEventRestriction,Boss Event Restriction
xuiRebirthBossEventRestrictionDesc,Restricts events according to outdoor and active-quest conditions.
xuiRebirthBossEventRewards,Boss Event Rewards
xuiRebirthBossEventRewardsDesc,Enables owner-bound rewards when the event boss is defeated.
xuiRebirthBossEventNotifications,Boss Event Notifications
xuiRebirthBossEventNotificationsDesc,Shows event start and completion notifications to the event owner.
xuiRebirthBossFrequencyRare,Rare
xuiRebirthBossFrequencyLow,Low
xuiRebirthBossFrequencyNormal,Normal
xuiRebirthBossFrequencyHigh,High
xuiRebirthBossFrequencyVeryHigh,Very High
xuiRebirthBossSizeSmall,Small
xuiRebirthBossSizeNormal,Normal
xuiRebirthBossSizeLarge,Large
xuiRebirthBossDifficultyLow,Low
xuiRebirthBossDifficultyNormal,Normal
xuiRebirthBossDifficultyHigh,High
xuiRebirthBossTimeDay,Day Only
xuiRebirthBossTimeAny,Day and Night
xuiRebirthBossTimeNight,Night Only
xuiRebirthBossRestrictionAnywhere,Anywhere
xuiRebirthBossRestrictionOutdoors,Outdoors Only
xuiRebirthBossRestrictionQuesting,Only While Questing
xuiRebirthBossRestrictionNotQuesting,Not While Questing
xuiRebirthBossRestrictionOutdoorsNotQuesting,Outdoors and Not Questing
xuiRebirthUnlimited,Unlimited
xuiRebirthRandom,Random

rebirthBossRewardCrateT1,Boss Event Reward Crate I
rebirthBossRewardCrateT2,Boss Event Reward Crate II
rebirthBossRewardCrateT3,Boss Event Reward Crate III
rebirthBossRewardCrateT4,Boss Event Reward Crate IV
rebirthBossRewardCrateT5,Boss Event Reward Crate V
rebirthBossRewardCrateDesc,A reward earned by defeating a Zombie Boss Event. Only the event owner may open it.
rebirthBossRewardDenied,This reward belongs to {0}.
rebirthBossEventStarted,The undead are rallying around a powerful boss. Prepare to fight.
rebirthBossEventBossDefeated,The boss has been defeated.
rebirthBossEventRewardAvailable,Your Boss Event reward crate is available and marked.
rebirthBossEventRewardRemoved,Your Boss Event reward crate has expired or been removed.
rebirthBossMapBoss,Boss Event Boss
rebirthBossMapSupport,Boss Event Support
rebirthBossMapReward,Boss Event Reward

xuiRebirthProtectCrate,Protect Supply Crates
xuiRebirthProtectCrateDesc,"When an on-foot player comes within 10 metres of an unopened landed supply crate, one group of zombies spawns about 15 metres away and attacks it. Group size is 4 plus one zombie per 35 gamestages, capped at 18, while zombie composition follows the selected Zombie Progression option. The generated group and its crate objective persist across world reloads; missing or defeated defenders are never replaced. The crate starts from the 2.6 baseline of 5,000 health and scales by biome or the average selected zombie class, then by actual group size. Its native health bar is shown while aiming at it regardless of the global health-bar option. The first opening requires an uninterrupted 20-second action."
xuiRebirthNpcInteraction,NPC Interaction
xuiRebirthNpcInspect,Inspect
xuiRebirthNpcTalk,Talk
xuiRebirthNpcInventory,Inventory
xuiRebirthNpcEquipment,Equipment
xuiRebirthNpcFollow,Follow
xuiRebirthNpcStay,Stay
xuiRebirthNpcGuardHere,Guard Here
xuiRebirthNpcHire,Hire
xuiRebirthNpcDismiss,Dismiss
xuiRebirthNpcTeach,Teach
xuiRebirthNpcRefresh,Refresh
xuiRebirthNpcSelectAction,Select an available action.
xuiRebirthNpcTargetUnavailable,The NPC target is unavailable.
xuiRebirthNpcNoResponse,No authoritative response was returned.
xuiRebirthNpcSessionExpired,The interaction changed or expired. Close the window and interact again.
xuiRebirthNpcTrade,NPC Trade
xuiRebirthNpcDialogue,NPC Dialogue
xuiRebirthNpcTopicStatus,Status
xuiRebirthNpcTopicTrade,Trade
xuiRebirthNpcTopicHire,Hire
xuiRebirthNpcTopicOrders,Orders
xuiRebirthNpcTopicWork,Work
xuiRebirthNpcTopicDismiss,Dismiss
xuiRebirthNpcTradeEndpoint,Inventory endpoint
xuiRebirthNpcTradeItem,Item key
xuiRebirthNpcTradeQuantity,Quantity
xuiRebirthNpcTradeBuyQuote,Quote Purchase
xuiRebirthNpcTradeSellQuote,Quote Sale
xuiRebirthNpcTradeCommit,Confirm Trade
xuiRebirthNpcTradeInstructions,"Select an available offer, enter a quantity, and request an authoritative quote."
xuiRebirthNpcTradeQuantityInvalid,Enter a positive quantity.
xuiRebirthNpcTradeQuoteRequired,Request an authoritative quote before confirming the trade.

xuiRebirthNpcTradeNoOffers,This NPC has no available trade offers.
xuiRebirthNpcTradeSelectOffer,Select an available trade offer first.
xuiRebirthVehicleAlreadyRepaired,The vehicle is already fully repaired.
xuiRebirthVehicleNeedRepairKit,You need a Repair Kit.
xuiRebirthVehicleRepaired,Vehicle repaired.
xuiBodyDurability,Durability
xuiRebirthVehicleInstalledParts,Installed Parts
xuiSiphon,Siphon
xuiRebirthVehicleAssemblyTab,Assembly
xuiRebirthVehicleStatsTab,Vehicle Stats
statRebirthVehicleAcceleration,Acceleration
statRebirthVehicleLowTorque,Low-Speed Torque
statRebirthVehicleHighTorque,High-Speed Torque
statRebirthVehicleFuelEfficiency,Fuel Efficiency
statRebirthVehicleTurboFuelEfficiency,Turbo Fuel Efficiency
statRebirthVehicleTopSpeed,Top Speed
statRebirthVehicleTurboTopSpeed,Turbo Top Speed
statRebirthVehicleReverseSpeed,Reverse Speed
statRebirthVehicleResponse,Throttle Response
statRebirthVehicleHillClimb,Hill Climbing
statRebirthVehicleHandling,Handling
statRebirthVehicleBraking,Braking
xuiRebirthVehicleProgress,Installed: {0}/{1}
xuiRebirthVehicleRefuel,Refuel
xuiRebirthVehicleRefueled,Vehicle refueled.
xuiRebirthVehicleFuelFull,The fuel tank is already full.
xuiRebirthVehicleNeedFuel,No compatible fuel was found.
xuiRebirthVehicleCannotRefuel,This vehicle cannot be refueled.
xuiRebirthZombiesDestroyAreas,Zombies Destroy Areas
xuiRebirthZombiesDestroyAreasDesc,"Controls whether zombies use advanced area-destruction behavior, including selecting unrelated blocks to attack when they cannot reach their target. Off keeps zombies focused on their target and still allows them to break blocks directly obstructing their route."
xuiRebirthRancherRangedAttack,Rancher Ranged Attack
xuiRebirthRancherRangedAttackDesc,Controls whether Rancher variants use the bee-swarm ranged attack. Off replaces the Rancher AITask with the standard melee-zombie task while preserving ranged behavior for the separate Plague Spitter aliases. On restores the native Rancher ranged attack. Default Off. The selected value is applied when entity XML is loaded.

xuiRebirthPoiGameStage,POI Game Stage
guppyFireExtinguisherItem,Fire Extinguisher
guppyFireExtinguisherItemDesc,Extinguishes nearby REBIRTH block fires and applies the native extinguish effect to burning entities.
resourcePotassiumBicarbonate,Potassium Bicarbonate
resourcePotassiumBicarbonateDesc,Dry fire-fighting powder used as the fire extinguisher magazine item.
ModHeatMapDetection,"item,Item Modifier,Heat Detection,"
ModHeatMapDetectionDesc,"item,Item Modifier,""(EQUIP SLOT: [d6c187]HEAD[-])\n\nWhen equipped, this mod displays the authoritative generated heat level, scout threshold progress, heat-region coordinates, and cooldown state for your current area."","
xuiRebirthHeatMap,"item,UI,Heat,"
xuiRebirthTraderJobClear,Clear Zombies
xuiRebirthTraderJobFetch,Fetch
xuiRebirthTraderJobBuriedSupplies,Buried Supplies
xuiRebirthTraderJobRestorePower,Restore Power
xuiRebirthTraderJobFetchClear,Fetch / Clear
xuiRebirthTraderJobSpecial,Special Job
xuiRebirthTraderJobUnknownLocation,Unknown Location
xuiRebirthTraderJobUnknownBiome,Unknown Biome
xuiRebirthTraderDailyJobLimitReached,The daily trader job limit of {0} has been reached. No more trader jobs can be accepted until a daily slot becomes available.
buffShowQuestLimitReachedDesc,The daily trader job limit has been reached. No more trader jobs can be accepted while today's job slots are full. Completed jobs still award their trader tier progression points.
goQuestProgressionDailyLimitDesc,Maximum number of trader-progression job slots available for the current day. Active uncredited trader jobs reserve slots and completed progression quests count toward the day. When the slots are full no more normal trader jobs can be accepted. Any job that is completed still awards its trader tier progression points.
xuiRebirthAcceptedJobsStatus,Accepted Jobs: {0} / {1}
xuiRebirthTraderJobCompletedCount,Completed: {0}
xuiRebirthQuestGraceStarted,Return to the job site within {0} or the job will fail.
xuiRebirthQuestGraceHud,RETURN TO JOB SITE: {0}
xuiRebirthQuestGraceObjective,Return to the job site before the grace timer expires.
xuiRebirthQuestGraceExpired,Job failed: the 5-minute return-to-site grace period expired.
xuiRebirthQuestGraceNewJob,Previous job failed because another job was started.
xuiRebirthQuestGracePartyCompleted,Your party completed the job site while you were offline. Return to the trader.
xuiRebirthTraderJobRecoveryGrace,Job Recovery Grace
xuiRebirthTraderJobRecoveryGraceDesc,Allows an activated trader job to survive player death or disconnect for the configured recovery duration. Walking out of the job area while alive still fails the job normally. While recovery is active the exact POI is reserved so another player cannot start a different job there.
xuiRebirthTraderJobRecoveryGraceDuration,Job Recovery Grace Duration
xuiRebirthTraderJobRecoveryGraceDurationDesc,Real-time recovery period after death or disconnect. The timer starts at the death or disconnect event. Choices are 5 10 or 15 minutes.
xuiRebirthTraderJobRecoveryGrace5,5 Minutes
xuiRebirthTraderJobRecoveryGrace10,10 Minutes
xuiRebirthTraderJobRecoveryGrace15,15 Minutes
xuiRebirthQuestGracePoiReserved,This job site is reserved by another player's recovery timer for {0}.
RB_EventLootContainer,Supply Crate
ZombieLeaderEntityLootContainer,Dropped Loot
xuiRebirthRemoteResourcesWifi,Remote Resources
xuiRebirthRemoteResourcesWifiOn,Remote Resources: On
xuiRebirthRemoteResourcesWifiOff,Remote Resources: Off
xuiRebirthLogisticsQuickStackGroup,QUICK STACK
xuiRebirthLogisticsWorkstationGroup,WORKSTATIONS
xuiRebirthLogisticsVehicleGroup,VEHICLES
xuiRebirthLogisticsDroneGroup,COMPANIONS
xuiRebirthLogisticsPush,PUSH
xuiRebirthLogisticsPull,PULL
xuiRebirthQuickStackIncludeItem,Include this item in the transfer
xuiRebirthQuickStackTransferCount,Amount to transfer. Use the arrows or mouse wheel or click and drag the bar to change it. The remainder stays in this source.
xuiRebirthNoCompanions,No owned companions are nearby.
xuiRebirthOverview,Overview
xuiRebirthInventory,Backpack
xuiRebirthStats,Stats
xuiRebirthBehavior,Behavior
xuiRebirthSelectCompanion,Select Companion
xuiRebirthCommands,Commands
xuiRebirthDynamicCommandsHint,Distance limits: Storage 20 m; Follow / Stay / Guard 80 m; Recall requires Following and 150 m or less. Scroll for more actions.
xuiRebirthStorageDistanceRequirement,Storage requires the selected companion to be within 20 m.
xuiRebirthRoboticDroneType,Robotic Drone
xuiRebirthAttackDogType,Attack Dog
xuiRebirthPantherType,Panther Companion
xuiRebirthSurvivorFollowerType,Survivor Follower
xuiRebirthStatus,Status
xuiRebirthHealth,Health
xuiRebirthDistance,Distance
xuiRebirthOrder,Order
xuiRebirthStorage,Storage
xuiRebirthType,Type
xuiRebirthProfile,Profile
xuiRebirthEntityId,Entity ID
xuiRebirthDroneOverviewDesc,A robotic companion with utility and support functions. Commands on the right adapt to the installed drone features.
xuiRebirthNpcOverviewDesc,A Rebirth companion under your control. Orders and behavior controls on the right adapt to this companion type.
xuiRebirthCompanionStats,Companion Statistics
xuiRebirthBehaviorHint,Behavior controls are issued from the command list. NPC companions expose Full Control / Hunting and Stop / Resume; drones expose their own supported features.
xuiRebirthBehaviorMode,Behavior Mode
xuiRebirthAttackState,Attack State
xuiRebirthActive,Active
xuiRebirthStopped,Stopped
xuiRebirthQuietMode,Quiet Mode
xuiRebirthLight,Light
xuiRebirthHealAlliesSetting,Heal Allies
xuiRebirthNotInstalled,Not Installed
xuiRebirthGuard,Guard
xuiRebirthHunting,Hunting
xuiRebirthFullControl,Full Control
xuiRebirthStop,Stop
xuiRebirthResume,Resume
xuiRebirthQuietOn,Enable Quiet Mode
xuiRebirthQuietOff,Disable Quiet Mode
xuiRebirthLightOn,Turn Light On
xuiRebirthLightOff,Turn Light Off
xuiRebirthHealMe,Heal Me
xuiRebirthHealOnlyMe,Heal Only Me
xuiRebirthHealAllies,Heal My Allies
xuiRebirthInventorySummary,Storage: {0} used / {1} capacity
xuiRebirthNpcInventorySummary,Inventory: {0} item types / {1} total items
xuiRebirthSelectAll,Select All
xuiRebirthDeselectAll,Deselect All
xuiRebirthTransferSelectedToPlayer,Transfer Selected to Player
xuiRebirthUse,Use
xuiRebirthCompanionIncludeItem,Include this item in the transfer.
xuiRebirthCompanionTransferCount,Amount to transfer. Use Shift + mouse wheel to change the amount.
xuiRebirthCompanionLockSlot,Lock or unlock this inventory slot/item so automatic transfers leave it alone. Manual use and transfer remain available.
xuiRebirthCompanionUseItem,Use one consumable item on the player.
xuiRebirthNothingSelected,No items are selected for transfer.
xuiRebirthTransferRequested,Transfer requested.
xuiRebirthYes,Yes
xuiRebirthNo,No
npc_dog_companion,Attack Dog
xuiRebirthDogBreedGermanShepherd,German Shepherd
xuiRebirthDogBreedPitbull,Pitbull
xuiRebirthDogBreedLabrador,Labrador
xuiRebirthDogBreedHusky,Husky
xuiRebirthDogBreedGoldenRetriever,Golden Retriever
xuiRebirthDogBreedDoberman,Doberman
xuiRebirthDogBreedDalmatian,Dalmatian
xuiRebirthDogBreedBullTerrier,Bull Terrier
entitycommand_rebirthDogHire,Hire
xuiRebirthDogAcquireNoPlayer,No player is available for this dog action.
xuiRebirthDogAcquireNoOwnerId,Your persistent player identity is not available.
xuiRebirthDogCapReached,You have reached your dog companion limit. Increase Charismatic Nature to deploy another.
xuiRebirthDogCapReachedRebirth,You have reached your dog companion limit.
xuiRebirthCompanionCapReached,You have reached your companion limit.
xuiRebirthDogServerRequired,This dog action must be performed by the server.
xuiRebirthDogHireUnavailable,This dog cannot be hired right now.
xuiRebirthDogTooFar,Move closer to the dog to hire it.
xuiRebirthDogAlreadyOwned,This dog already belongs to a player.
xuiRebirthDogHireNeedsRawMeat,You need 1 Raw Meat to hire this dog.
xuiRebirthDogHireSuccess,Dog hired.
xuiRebirthDogDeployFailed,Dog deployment failed.
xuiRebirthDogDeploySuccess,Dog deployed.
FuriousRamsaySpawnCubeShepherdDog001_FR,German Shepherd Companion
FuriousRamsaySpawnCubePitbullDog001_FR,Pitbull Companion
FuriousRamsaySpawnCubeLabradorDog001_FR,Labrador Companion
FuriousRamsaySpawnCubeHuskyDog001_FR,Husky Companion
FuriousRamsaySpawnCubeGoldenRetrieverDog001_FR,Golden Retriever Companion
FuriousRamsaySpawnCubeDobermanDog001_FR,Doberman Companion
FuriousRamsaySpawnCubeDalmatianDog001_FR,Dalmatian Companion
FuriousRamsaySpawnCubeBullTerrierDog001_FR,Bull Terrier Companion
entitycommand_rebirthDogPickup,Pick Up
entitycommand_rebirthDogCompanions,Companions
entitycommand_rebirthDogStorage,Storage
xuiRebirthDogPickUp,Pick Up
xuiRebirthDogReportForDuty,Report for Duty
xuiRebirthDogPickupUnavailable,This dog cannot be picked up right now.
xuiRebirthDogPickupNoRoom,You need an empty inventory slot to pick up this dog.
xuiRebirthDogPickupSuccess,Dog picked up.
xuiRebirthDogCapsuleInvalid,"This dog deployment token is invalid, stale, or has already been used."
xuiRebirthDogAlreadyActive,This dog is already active.
xuiRebirthDogRespawnUnavailable,This dog is not ready to report for duty.
xuiRebirthDogRespawnNoSafeLocation,No safe location could be found for this dog to report for duty.
xuiRebirthDogRespawnSuccess,Dog reported for duty.
xuiRebirthDogSetRespawnPoint,Set Respawn Point
xuiRebirthDogRespawnPointSet,Respawn point set to this dog's current location.
xuiRebirthDogRespawnPointUnavailable,The respawn point could not be set for this dog.
xuiRebirthStatusAwaitingRespawn,Awaiting Respawn
xuiRebirthStatusRespawned,Respawned
xuiRebirthStatusMissing,Missing - Last Known Position
xuiRebirthStatusPickedUp,Picked Up
xuiRebirthDogBreed,Breed
xuiRebirthDogLevel,Level
xuiRebirthDogKills,Kills
xuiRebirthDogInventorySummary,Storage: {0} used / {1} slots
xuiRebirthDogOverviewDesc,"A loyal combat companion built around tracking, owner defense, persistent progression, and field survival."
xuiRebirthDogName,Name
xuiRebirthDogRename,Rename
xuiRebirthDogInteraction,Companion
xuiRebirthDogInteractionUnavailable,This companion interaction is unavailable.
xuiRebirthDogInteractionStatus,Order: {0}   Health: {1}/{2}
xuiRebirthDogSelectAction,Choose an action for this companion.
xuiRebirthDogCommandSent,Command sent.
xuiRebirthDogRenameRequestSent,Rename request sent.
xuiRebirthDogRenameUnavailable,This dog cannot be renamed right now.
xuiRebirthDogRenameInvalid,Enter a dog name between 1 and 32 characters.
xuiRebirthDogRenameSuccess,Dog renamed.
xuiRebirthDogDismissUnavailable,This dog cannot be dismissed right now.
xuiRebirthDogDismissSuccess,Dog dismissed.
xuiRebirthDogPet,Pet
xuiRebirthDogPetUnavailable,You cannot pet this dog right now.
xuiRebirthDogPetRequestSent,Pet request sent.
xuiRebirthDogPetSuccess,You pet {0}.

FuriousRamsayCompanionCooldownName,Companion Cooldown
FuriousRamsayCompanionCooldownDesc,Wait briefly before deploying another companion.
xuiRebirthName,Name
xuiRebirthRespawnCost,Respawn Cost
xuiRebirthFree,Free
xuiRebirthPhysicalResistance,Physical Resistance
xuiRebirthDogDeployInvalidPlacement,There is not enough valid space to deploy this dog here.
xuiRebirthDogDeployCooldown,You must wait before deploying another companion.
FuriousRamsaySpawnCubeShepherd001_FRDesc,Your very own [95ded9]German Shepherd[-] companion.\n • Base Health: [96e09a]500[-]\n • Base Damage: [e3989e]50[-]\n\n(Base statistics will vary based on game difficulty)
FuriousRamsaySpawnCubePitbull001_FRDesc,Your very own [95ded9]Pitbull[-] companion.\n • Base Health: [96e09a]500[-]\n • Base Damage: [e3989e]50[-]\n\n(Base statistics will vary based on game difficulty)
FuriousRamsaySpawnCubeLabrador001_FRDesc,Your very own [95ded9]Labrador[-] companion.\n • Base Health: [96e09a]500[-]\n • Base Damage: [e3989e]50[-]\n\n(Base statistics will vary based on game difficulty)
FuriousRamsaySpawnCubeHusky001_FRDesc,Your very own [95ded9]Husky[-] companion.\n • Base Health: [96e09a]500[-]\n • Base Damage: [e3989e]50[-]\n\n(Base statistics will vary based on game difficulty)
FuriousRamsaySpawnCubeGoldenRetriever001_FRDesc,Your very own [95ded9]Golden Retriever[-] companion.\n • Base Health: [96e09a]500[-]\n • Base Damage: [e3989e]50[-]\n\n(Base statistics will vary based on game difficulty)
FuriousRamsaySpawnCubeDoberman001_FRDesc,Your very own [95ded9]Doberman[-] companion.\n • Base Health: [96e09a]500[-]\n • Base Damage: [e3989e]50[-]\n\n(Base statistics will vary based on game difficulty)
FuriousRamsaySpawnCubeDalmatian001_FRDesc,Your very own [95ded9]Dalmatian[-] companion.\n • Base Health: [96e09a]500[-]\n • Base Damage: [e3989e]50[-]\n\n(Base statistics will vary based on game difficulty)
FuriousRamsaySpawnCubeBullTerrier001_FRDesc,Your very own [95ded9]Bull Terrier[-] companion.\n • Base Health: [96e09a]500[-]\n • Base Damage: [e3989e]50[-]\n\n(Base statistics will vary based on game difficulty)
BlueDog3,Dog
xuiRebirthRename,Rename
entitycommand_rebirth_drone_rename,Rename
xuiRebirthDogFollow,Follow Me
xuiRebirthDogStayWhereDogIs,Stay Where You're Standing
xuiRebirthDogStayWhereOwnerIs,Stay Where I'm Standing
xuiRebirthDogGuardArea,Guard
xuiRebirthStayWhereCompanionIs,Stay Where You're Standing
xuiRebirthStayWhereOwnerIs,Stay Where I'm Standing
xuiRebirthDogPickUpCompanion,Pick Up Companion
xuiRebirthDogDismissCompanion,Dismiss Companion
xuiRebirthDogActions,Actions
xuiRebirthDogActionListHint,Scroll to see additional actions.
xuiRebirthDogHireAction,Hire - 1 Raw Meat
xuiRebirthDogHireRequestSent,Hire request sent.
xuiRebirthDogDismissRequestSent,Dismiss request sent.
xuiRebirthDogAvailableForHire,Available for Hire
xuiRebirthDogOwnedByAnotherPlayer,This dog belongs to another player.
xuiRebirthDogStatusStayingHere,Staying Where It Was Standing
xuiRebirthDogStatusStayingWithOwnerPosition,Staying Where You Were Standing
xuiRebirthDogCapacitySyncPending,Companion capacity is still synchronizing. Try again in a moment.
xuiRebirthCreateWaypoint,Create a Waypoint
xuiRebirthDismissCompanionTitle,Dismiss Companion
xuiRebirthDismissCompanionConfirm,Are you sure you want to dismiss {0}?
xuiRebirthCategoryCompanions,Companions
xuiRebirthGuardDistance,Guard Distance
xuiRebirthGuardDistanceDesc,Maximum distance a guarding companion may move from its guard position to engage a hostile target.
xuiRebirthFullControlDistance,Full Control Distance
xuiRebirthFullControlDistanceDesc,Maximum owner-centered combat distance while a following companion uses Full Control. Targets outside this distance are dropped so the companion returns to following.
xuiRebirthHuntingDistance,Hunting Distance
xuiRebirthHuntingDistanceDesc,Maximum target acquisition and pursuit distance while companions use Hunting.
xuiRebirthCompanionCardStyle,Companion Card Style
xuiRebirthCompanionCardStyleDesc,Choose how party player and following companion cards are displayed in the HUD.
xuiRebirthCompanionCardsDefault,Default Cards
xuiRebirthCompanionCardsSimple,Simple Cards
xuiRebirthTargetNameColor,Target Name Color
xuiRebirthTargetNameColorDesc,Color used for the targeted entity name above its health bar.
xuiRebirthChooseColor,Choose Color
xuiRebirthPreview,Preview
xuiRebirthMetabolism,Metabolism
buffRebirthThirstyName,Thirsty
buffRebirthThirstyDesc,Your body is beginning to need more fluid.
buffRebirthThirstyTooltip,You are thirsty. Drink normally; there is no need to keep hydration at 100%.
buffRebirthDehydratedName,Dehydrated
buffRebirthDehydratedDesc,Dehydration is beginning to reduce endurance recovery.
buffRebirthDehydratedTooltip,Hydration is low enough to slightly reduce stamina recovery.
buffRebirthSevereDehydrationName,Severely Dehydrated
buffRebirthSevereDehydrationDesc,Low body water is impairing endurance and natural recovery.
buffRebirthSevereDehydrationTooltip,Severe dehydration reduces stamina and natural health recovery.
buffRebirthCriticalDehydrationName,Critical Dehydration
buffRebirthCriticalDehydrationDesc,Your body is critically short of water.
buffRebirthCriticalDehydrationTooltip,Critical dehydration heavily reduces recovery and can cause health loss once hydration is exhausted.
buffRebirthHungryName,Hungry
buffRebirthHungryDesc,Your usable energy reserve is running low.
buffRebirthHungryTooltip,You are hungry. Food must digest before it restores your energy reserve.
buffRebirthVeryHungryName,Very Hungry
buffRebirthVeryHungryDesc,Low energy availability is reducing endurance recovery.
buffRebirthVeryHungryTooltip,Low food reserve reduces stamina recovery.
buffRebirthStarvingName,Starving
buffRebirthStarvingDesc,Your body has almost exhausted its available energy.
buffRebirthStarvingTooltip,Starvation reduces stamina recovery and eventually damages health.
xuiRebirthMetabolismCapacity,Capacity
xuiRebirthMetabolismRemaining,Remaining
xuiRebirthMetabolismSipSize,Sip Size
xuiRebirthMetabolismNutrition,NUTRITION
xuiRebirthMetabolismWaterContent,Water Content
xuiRebirthMetabolismStomachVolume,Stomach Volume
xuiRebirthMetabolismDigestion,Digestion

xuiRebirthMetabolismEnergyYield,Energy
xuiRebirthMetabolismCharacterTab,Metabolism
xuiRebirthMetabolismDigestiveTract,Digestion
xuiRebirthMetabolismIntakeActive,INTAKE
xuiRebirthMetabolismIntakeDesc,Latest item still being digested.
xuiRebirthMetabolismStomach,STOMACH
xuiRebirthMetabolismStomachDesc,Holds food and drink before transfer.
xuiRebirthMetabolismIntestine,INTESTINE
xuiRebirthMetabolismIntestineDesc,Absorbs Liquid into Hydration and Solid into Nutrition.
xuiRebirthMetabolismHydration,HYDRATION
xuiRebirthMetabolismEnergy,ENERGY
xuiRebirthMetabolismEnergyDesc,Work spends Energy. Rest restores it.
xuiRebirthMetabolismStatusStomachFull,Stomach full — digestion in progress
xuiRebirthMetabolismStatusStomachHold,Recent intake is being held in the stomach
xuiRebirthMetabolismStatusGastricTransfer,Stomach → intestine transfer in progress
xuiRebirthMetabolismStatusIntestinalResidence,Contents are residing in the intestine
xuiRebirthMetabolismStatusAbsorbing,Intestine → body absorption in progress
xuiRebirthMetabolismStatusEmpty,Digestion idle
xuiRebirthMetabolismStatusProcessing,Digestion in progress

xuiRebirthMetabolismDigestiveHealth,DIGESTIVE HEALTH
xuiRebirthMetabolismDigestiveHealthDesc,Controls digestion speed and resilience.
xuiRebirthMetabolismLiquid,Liquid
xuiRebirthMetabolismSolid,Solid
xuiRebirthMetabolismEmpty,Empty
xuiRebirthMetabolismHolding,Holding
xuiRebirthMetabolismMoving,Moving
xuiRebirthMetabolismResiding,Waiting
xuiRebirthMetabolismAbsorbing,Absorbing
xuiRebirthMetabolismDigestionSpeed,Speed
xuiRebirthMetabolismGutResilience,Resilience
xuiRebirthMetabolismStamina,Stamina
xuiRebirthMetabolismCap,CAP
xuiRebirthMetabolismMax,MAX
xuiRebirthMetabolismUse,Use
xuiRebirthMetabolismRecovery,Recovery
xuiRebirthMetabolismAbsorptionToBody,Absorption to body
xuiRebirthMetabolismInformation,INFORMATION
xuiRebirthMetabolismInfoIntro,Food and drink move from the Stomach to the Intestine and then into your body reserves. All rates use real play time.
xuiRebirthMetabolismInfoStomachTitle,STOMACH
xuiRebirthMetabolismInfoStomachBody,Consumed Liquid and Solid enter the Stomach first. They may wait briefly before Moving into the Intestine. A Moving rate shows how quickly that content is leaving the Stomach.
xuiRebirthMetabolismInfoIntestineTitle,INTESTINE
xuiRebirthMetabolismInfoIntestineBody,Liquid and Solid wait briefly in the Intestine before absorption. Liquid raises Hydration. Solid raises Nutrition. Absorbing shows the current reserve gain per real minute.
xuiRebirthMetabolismInfoEnergyTitle,ENERGY AND STAMINA
xuiRebirthMetabolismInfoEnergyBody,Nutrition supplies fuel for Energy recovery. Hydration affects recovery efficiency. Work spends Energy and your current Energy determines how quickly Stamina can recover.
xuiRebirthMetabolismInfoHealthTitle,DIGESTIVE HEALTH
xuiRebirthMetabolismInfoHealthBody,Digestive Health affects digestion speed and gut resilience. Illness effects and supplements can modify these values.
xuiRebirthMetabolismInfoExampleTitle,EXAMPLE: CANNED FOOD
xuiRebirthMetabolismInfoExampleBody,Eat canned food and its Solid content enters the Stomach. After the stomach hold it Moves into the Intestine. It then Waits briefly before Absorbing. Nutrition rises over time instead of instantly. Rest can then use Nutrition to rebuild Energy.
xuiRebirthCategoryCharacter,CHARACTER
xuiRebirthPlayerProgression,Character Progression
xuiRebirthPlayerProgressionDesc,"Select the progression authority for this world. Rebirth enables Survivor Experience, Traits, Attributes, learn-by-doing Skills, and Knowledge. Base Game bypasses those REBIRTH systems and preserves native progression. Existing worlds keep the mode they were created with."
xuiRebirthPlayerProgressionBaseGame,Base Game
xuiRebirthPlayerProgressionRebirth,Rebirth
xuiRebirthAttributeStrength,Strength
xuiRebirthAttributeDexterity,Dexterity
xuiRebirthAttributeConstitution,Constitution
xuiRebirthAttributeIntelligence,Intelligence
xuiRebirthAttributeCharisma,Charisma
xuiRebirthSkillBladedMelee,Bladed Melee
xuiRebirthSkillSourceBladedMelee,successful entity damage using matching item tags
xuiRebirthSkillBluntMelee,Blunt Melee
xuiRebirthSkillSourceBluntMelee,successful entity damage using matching item tags
xuiRebirthSkillSpears,Spears
xuiRebirthSkillSourceSpears,successful entity damage using matching item tags
xuiRebirthSkillUnarmed,Unarmed
xuiRebirthSkillSourceUnarmed,successful entity damage using matching item tags
xuiRebirthSkillArchery,Archery
xuiRebirthSkillSourceArchery,successful entity damage with bows/crossbows
xuiRebirthSkillHandguns,Handguns
xuiRebirthSkillSourceHandguns,successful entity damage with handgun tags
xuiRebirthSkillRifles,Rifles
xuiRebirthSkillSourceRifles,successful entity damage with rifle tags
xuiRebirthSkillShotguns,Shotguns
xuiRebirthSkillSourceShotguns,successful entity damage with shotgun tags
xuiRebirthSkillMining,Mining
xuiRebirthSkillSourceMining,valid block damage/destruction/harvest with mining tools
xuiRebirthSkillLogging,Logging
xuiRebirthSkillSourceLogging,valid tree damage/destruction with axes
xuiRebirthSkillSalvage,Salvage
xuiRebirthSkillSourceSalvage,actual salvage/harvest result from salvage tools
xuiRebirthSkillFarming,Farming
xuiRebirthSkillSourceFarming,"meaningful Advanced Farming actions, especially mature harvest"
xuiRebirthSkillMechanics,Mechanics
xuiRebirthSkillSourceMechanics,successful REBIRTH vehicle repair/restoration/part actions
xuiRebirthSkillMedicine,Medicine
xuiRebirthSkillSourceMedicine,successful use of medical treatment that actually changes a condition
xuiRebirthSkillCooking,Cooking
xuiRebirthSkillSourceCooking,completed food recipe output
xuiRebirthSkillMaintenance,Maintenance
xuiRebirthSkillSourceMaintenance,successful repair of damaged equipment
xuiRebirthKnowledgeEmergencyMedicine,Emergency Medicine
xuiRebirthKnowledgeCommonMedicalCare,Common Medical Care
xuiRebirthKnowledgeAdvancedMedicalProcedures,Advanced Medical Procedures
xuiRebirthKnowledgeMedication,Medication
xuiRebirthKnowledgeChemistryBasics,Chemistry Basics
xuiRebirthKnowledgeVehicleService,Vehicle Service
xuiRebirthKnowledgeElectricalFundamentals,Electrical Fundamentals
xuiRebirthKnowledgeBasicCarpentry,Basic Carpentry
xuiRebirthKnowledgeBasicConstruction,Basic Construction
xuiRebirthKnowledgeMetalRepairWelding,Metal Repair/Welding
xuiRebirthKnowledgePrecisionRepair,Precision Repair
xuiRebirthKnowledgeGeneralMaintenance,General Maintenance
xuiRebirthKnowledgeTechnicalDiagnostics,Technical Diagnostics
xuiRebirthKnowledgeFieldcraft,Fieldcraft
xuiRebirthKnowledgeBasicFieldMaintenance,Basic Field Maintenance
xuiRebirthKnowledgeBasicSidearmMaintenance,Basic Sidearm Maintenance
xuiRebirthKnowledgeAdvancedFirearmService,Advanced Firearm Service
xuiRebirthKnowledgeCooking,Cooking
xuiRebirthKnowledgeFarming,Farming
xuiRebirthKnowledgeAnimalProcessing,Animal Processing
xuiRebirthKnowledgeDrinkPreparation,Drink Preparation
xuiRebirthKnowledgeTraderFamiliarity,Trader Familiarity
xuiRebirthKnowledgeImprovisedRepair,Improvised Repair
xuiRebirthKnowledgeBasicVehicleRepair,Basic Vehicle Repair
xuiRebirthBackgroundCleanSlate,Clean Slate
xuiRebirthBackgroundCleanSlateDesc,No defined profession; maximum trait flexibility. No profession Knowledge. Neutral starting Skill biases.
xuiRebirthBackgroundCleanSlateArtAlt,Background artwork depicting no defined profession; maximum trait flexibility.
xuiRebirthBackgroundPersonalTrainer,Personal Trainer
xuiRebirthBackgroundPersonalTrainerDesc,"Physical conditioning, exercise discipline, body awareness. Strong physical starting bias; no automatic medical/technical Knowledge."
xuiRebirthBackgroundPersonalTrainerArtAlt,"Background artwork depicting physical conditioning, exercise discipline, body awareness."
xuiRebirthBackgroundParamedic,Paramedic
xuiRebirthBackgroundParamedicDesc,Emergency field medicine and crisis response. Emergency Medicine Knowledge; strong Medicine bias.
xuiRebirthBackgroundParamedicArtAlt,Background artwork depicting emergency field medicine and crisis response.
xuiRebirthBackgroundNurse,Nurse
xuiRebirthBackgroundNurseDesc,"Routine patient care, medication handling, sustained medical work. Common Medical Care Knowledge; Medicine bias."
xuiRebirthBackgroundNurseArtAlt,"Background artwork depicting routine patient care, medication handling, sustained medical work."
xuiRebirthBackgroundDoctor,Doctor
xuiRebirthBackgroundDoctorDesc,Advanced clinical knowledge and diagnosis. Advanced Medical Procedures Knowledge; strongest initial Medicine bias.
xuiRebirthBackgroundDoctorArtAlt,Background artwork depicting advanced clinical knowledge and diagnosis.
xuiRebirthBackgroundPharmacist,Pharmacist
xuiRebirthBackgroundPharmacistDesc,"Medication, dosing, formulation, and applied pharmaceutical chemistry. Medication Knowledge + Chemistry Basics; strong Chemistry bias."
xuiRebirthBackgroundPharmacistArtAlt,Background artwork depicting medication knowledge and safe use.
xuiRebirthBackgroundLabTechnician,Lab Technician
xuiRebirthBackgroundLabTechnicianDesc,"Chemistry, careful procedure, technical analysis. Chemistry Basics Knowledge; modest technical Skill bias."
xuiRebirthBackgroundLabTechnicianArtAlt,"Background artwork depicting chemistry, careful procedure, technical analysis."
xuiRebirthBackgroundLibrarian,Librarian
xuiRebirthBackgroundLibrarianDesc,"Information organization, research habits, and patient public service. Broad learning-oriented Trait access; no specialist Knowledge is granted automatically."
xuiRebirthBackgroundLibrarianArtAlt,Background artwork depicting an experienced librarian shelving books in an active pre-apocalypse library.
xuiRebirthBackgroundMechanic,Mechanic
xuiRebirthBackgroundMechanicDesc,"Vehicles, engines, vehicle systems, roadside service, and restoration. Vehicle Service Knowledge; strong vehicle-focused Mechanics bias."
xuiRebirthBackgroundMechanicArtAlt,"Background artwork depicting vehicle service, repair, salvage, practical mechanical work."
xuiRebirthBackgroundElectrician,Electrician
xuiRebirthBackgroundElectricianDesc,"Generators, power systems, electrical repair. Electrical Fundamentals Knowledge."
xuiRebirthBackgroundElectricianArtAlt,"Background artwork depicting generators, power systems, electrical repair."
xuiRebirthBackgroundCarpenter,Carpenter
xuiRebirthBackgroundCarpenterDesc,"Wood construction, repair, practical hand tools. Basic Carpentry Knowledge; modest Maintenance bias."
xuiRebirthBackgroundCarpenterArtAlt,"Background artwork depicting wood construction, repair, practical hand tools."
xuiRebirthBackgroundConstructionWorker,Construction Worker
xuiRebirthBackgroundConstructionWorkerDesc,"General construction, framing/carpentry, structural repair, upgrades, and physical site work. Basic Construction + Carpentry Knowledge."
xuiRebirthBackgroundConstructionWorkerArtAlt,"Background artwork depicting general building, physical site work, repair/upgrade familiarity."
xuiRebirthBackgroundWelderFabricator,Welder / Fabricator
xuiRebirthBackgroundWelderFabricatorDesc,Metal repair and fabrication around existing forge/workstation systems. Metal Repair/Welding Knowledge.
xuiRebirthBackgroundWelderFabricatorArtAlt,Background artwork depicting metal repair and fabrication around existing forge/workstation systems.
xuiRebirthBackgroundMachinist,Machinist
xuiRebirthBackgroundMachinistDesc,"Precision fitting, repair, parts conservation. Precision Repair Knowledge; strong Maintenance bias."
xuiRebirthBackgroundMachinistArtAlt,"Background artwork depicting precision fitting, repair, parts conservation."
xuiRebirthBackgroundMaintenanceTechnician,Maintenance Technician
xuiRebirthBackgroundMaintenanceTechnicianDesc,"General equipment, tool, appliance, and facility repair and upkeep. General Maintenance Knowledge; strongest broad non-vehicle repair bias. Tools at Hand: 2 extra toolbelt slots."
xuiRebirthBackgroundMaintenanceTechnicianArtAlt,"Background artwork depicting general repair, tool care, broad facility maintenance."
xuiRebirthBackgroundEngineer,Engineer
xuiRebirthBackgroundEngineerDesc,Systems knowledge and planning rather than instant craftsmanship. Electrical Fundamentals + Technical Diagnostics Knowledge; modest practical skills.
xuiRebirthBackgroundEngineerArtAlt,Background artwork depicting systems knowledge and planning rather than instant craftsmanship.
xuiRebirthBackgroundMiner,Miner
xuiRebirthBackgroundMinerDesc,"Ore extraction, digging, sustained tool work. Strong mining/tool bias; no advanced manufacturing Knowledge."
xuiRebirthBackgroundMinerArtAlt,"Background artwork depicting ore extraction, digging, sustained tool work."
xuiRebirthBackgroundLogger,Logger
xuiRebirthBackgroundLoggerDesc,"Axe work, wood harvesting, sustained labor. Strong axe/wood-harvest bias."
xuiRebirthBackgroundLoggerArtAlt,"Background artwork depicting axe work, wood harvesting, sustained labor."
xuiRebirthBackgroundWarehouseWorker,Warehouse Worker
xuiRebirthBackgroundWarehouseWorkerDesc,"Lifting, encumbrance management, repetitive physical work. Physical bias; no specialist Knowledge."
xuiRebirthBackgroundWarehouseWorkerArtAlt,"Background artwork depicting lifting, encumbrance management, repetitive physical work."
xuiRebirthBackgroundFirefighter,Firefighter
xuiRebirthBackgroundFirefighterDesc,"Physical emergency response and heat exposure. Strong physical bias; basic emergency care may be a small starting bias, not Paramedic-level Knowledge."
xuiRebirthBackgroundFirefighterArtAlt,Background artwork depicting physical emergency response and heat exposure.
xuiRebirthBackgroundSoldier,Soldier
xuiRebirthBackgroundSoldierDesc,"Combat familiarity, field discipline, basic weapon maintenance. Strong starting bias in one firearm family/general Firearms; basic field-maintenance Knowledge."
xuiRebirthBackgroundSoldierArtAlt,"Background artwork depicting combat familiarity, field discipline, basic weapon maintenance."
xuiRebirthBackgroundPoliceOfficer,Police Officer
xuiRebirthBackgroundPoliceOfficerDesc,Sidearm familiarity and crisis response. Handgun bias; Basic Sidearm Maintenance Knowledge.
xuiRebirthBackgroundPoliceOfficerArtAlt,Background artwork depicting sidearm familiarity and crisis response.
xuiRebirthBackgroundSecurityGuard,Security Guard
xuiRebirthBackgroundSecurityGuardDesc,Routine patrol and basic defensive familiarity. Modest Blunt/Handgun starting bias.
xuiRebirthBackgroundSecurityGuardArtAlt,Background artwork depicting routine patrol and basic defensive familiarity.
xuiRebirthBackgroundHunter,Hunter
xuiRebirthBackgroundHunterDesc,Animal harvesting and patient ranged use. Hunting/archery/rifle bias; basic Fieldcraft Knowledge.
xuiRebirthBackgroundHunterArtAlt,Background artwork depicting animal harvesting and patient ranged use.
xuiRebirthBackgroundParkRangerOutdoorGuide,Park Ranger
xuiRebirthBackgroundParkRangerOutdoorGuideDesc,"Fieldcraft, wild harvest, weather exposure. Fieldcraft Knowledge; modest hunting/farming bias."
xuiRebirthBackgroundParkRangerOutdoorGuideArtAlt,"Background artwork depicting fieldcraft, wild harvest, weather exposure."
xuiRebirthBackgroundGunsmith,Gunsmith
xuiRebirthBackgroundGunsmithDesc,Firearm service and precision maintenance. Advanced Firearm Service Knowledge; strong Maintenance bias.
xuiRebirthBackgroundGunsmithArtAlt,Background artwork depicting firearm service and precision maintenance.
xuiRebirthBackgroundChef,Chef
xuiRebirthBackgroundChefDesc,"Prepared food, recipe execution, food quality. Cooking Knowledge and strong Cooking bias."
xuiRebirthBackgroundChefArtAlt,"Background artwork depicting prepared food, recipe execution, food quality."
xuiRebirthBackgroundFarmer,Farmer
xuiRebirthBackgroundFarmerDesc,Crop production and Advanced Farming familiarity. Farming Knowledge; strong Farming bias.
xuiRebirthBackgroundFarmerArtAlt,Background artwork depicting crop production and advanced farming familiarity.
xuiRebirthBackgroundButcher,Butcher
xuiRebirthBackgroundButcherDesc,Animal processing and meat preparation. Animal-processing Knowledge; modest Cooking bias.
xuiRebirthBackgroundButcherArtAlt,Background artwork depicting animal processing and meat preparation.
xuiRebirthBackgroundBartender,Bartender
xuiRebirthBackgroundBartenderDesc,Drink preparation and social environment familiarity. Drink Preparation Knowledge; modest Cooking/trader bias.
xuiRebirthBackgroundBartenderArtAlt,Background artwork depicting drink preparation and social environment familiarity.
xuiRebirthBackgroundSalesperson,Salesperson
xuiRebirthBackgroundSalespersonDesc,Negotiation and trader-facing experience. Trader familiarity; no combat/technical Knowledge.
xuiRebirthBackgroundSalespersonArtAlt,Background artwork depicting negotiation and trader-facing experience.
xuiRebirthBackgroundTeacher,Teacher
xuiRebirthBackgroundTeacherDesc,General knowledge acquisition and broad fundamentals. Small broad starting Skill biases; no advanced specialist Knowledge.
xuiRebirthBackgroundTeacherArtAlt,Background artwork depicting general knowledge acquisition and broad fundamentals.
xuiRebirthBackgroundScavenger,Scavenger
xuiRebirthBackgroundScavengerDesc,"Salvage, dismantling, material recovery, and inventory organization. Strong Salvage bias; no repair specialization. Expert Packing: 13 extra usable backpack slots; encumbrance slots stay the same."
xuiRebirthBackgroundScavengerArtAlt,"Background artwork depicting salvage, inventory organization, improvised repair."
xuiRebirthBackgroundTruckDriver,Truck Driver
xuiRebirthBackgroundTruckDriverDesc,Vehicle operation and roadside maintenance. Basic Vehicle Repair Knowledge; modest Mechanics bias.
xuiRebirthBackgroundTruckDriverArtAlt,Background artwork depicting vehicle operation and roadside maintenance.
xuiRebirthTraitNaturallyStrong,Naturally Strong
xuiRebirthTraitNaturallyStrongDesc,+8 starting Strength; +8 Strength Potential. Strength still improves through qualifying learn-by-doing actions; this does not grant weapon technique.
xuiRebirthTraitSlightBuild,Slight Build
xuiRebirthTraitSlightBuildDesc,-8 starting Strength; -8 Strength Potential.
xuiRebirthTraitCoordinated,Coordinated
xuiRebirthTraitCoordinatedDesc,+6 starting Dexterity; +5 Dexterity Potential. Dexterity-derived handling bonuses remain modest and skill-dependent.
xuiRebirthTraitClumsy,Clumsy
xuiRebirthTraitClumsyDesc,-6 starting Dexterity; -5 Dexterity Potential.
xuiRebirthTraitHighEndurance,High Endurance
xuiRebirthTraitHighEnduranceDesc,"About 8% lower Energy expenditure from sustained sprinting, mining/digging, and repeated melee; does not raise the sustainable Energy cap."
xuiRebirthTraitPoorEndurance,Poor Endurance
xuiRebirthTraitPoorEnduranceDesc,About 10% higher Energy expenditure during sustained strenuous activity.
xuiRebirthTraitRobust,Robust
xuiRebirthTraitRobustDesc,+8 starting Constitution; +10 Constitution Potential; +5 healthy Health Potential; modest resistance to Health Capacity loss.
xuiRebirthTraitFrail,Frail
xuiRebirthTraitFrailDesc,-8 starting Constitution; -10 Constitution Potential; -8 healthy Health Potential.
xuiRebirthTraitQuickHealer,Quick Healer
xuiRebirthTraitQuickHealerDesc,About 15% faster recovery of temporary injury/illness Health Capacity restrictions; does not give free current Health.
xuiRebirthTraitSlowHealer,Slow Healer
xuiRebirthTraitSlowHealerDesc,About 15% slower recovery of temporary Health Capacity restrictions.
xuiRebirthTraitPainTolerant,Pain Tolerant
xuiRebirthTraitPainTolerantDesc,Pain/injury Mood-target penalties are about 30% weaker. Does not reduce incoming damage by itself.
xuiRebirthTraitPainSensitive,Pain Sensitive
xuiRebirthTraitPainSensitiveDesc,Pain/injury Mood-target penalties are about 35% stronger.
xuiRebirthTraitIronGut,Iron Gut
xuiRebirthTraitIronGutDesc,"Higher baseline Digestive Health, about 15% faster Digestive Health recovery, and reduced penalties from unsafe/revolting foods."
xuiRebirthTraitSensitiveStomach,Sensitive Stomach
xuiRebirthTraitSensitiveStomachDesc,Lower Digestive Health resilience and stronger response to unsafe/revolting food.
xuiRebirthTraitDiseaseResistant,Disease Resistant
xuiRebirthTraitDiseaseResistantDesc,Serious infection/disease progression is about 15% slower where the responsible buff/system exposes a controllable progression rate.
xuiRebirthTraitSickly,Sickly
xuiRebirthTraitSicklyDesc,Serious infection/disease effects progress or linger about 15-20% more strongly where supported.
xuiRebirthTraitHeatTolerant,Heat Tolerant
xuiRebirthTraitHeatTolerantDesc,Heat-driven Mood/Energy/Hydration penalties are about 20% weaker; does not make the player immune to heat.
xuiRebirthTraitHeatSensitive,Heat Sensitive
xuiRebirthTraitHeatSensitiveDesc,Heat-driven penalties are about 25% stronger.
xuiRebirthTraitColdTolerant,Cold Tolerant
xuiRebirthTraitColdTolerantDesc,Cold-driven Mood/Energy penalties are about 20% weaker.
xuiRebirthTraitColdSensitive,Cold Sensitive
xuiRebirthTraitColdSensitiveDesc,Cold-driven penalties are about 25% stronger.
xuiRebirthTraitHydrationEfficient,Hydration Efficient
xuiRebirthTraitHydrationEfficientDesc,"About 8% lower passive/activity Hydration demand, without changing stomach capacity or instant absorption."
xuiRebirthTraitThirsty,Thirsty
xuiRebirthTraitThirstyDesc,About 10% higher Hydration demand.
xuiRebirthTraitSureFooted,Sure-Footed
xuiRebirthTraitSureFootedDesc,"Fall/impact-related Health Capacity loss is about 15% lower, and sprint/jump Energy use is about 3% lower. Does not reduce ordinary incoming combat damage."
xuiRebirthTraitBadKnees,Bad Knees
xuiRebirthTraitBadKneesDesc,About 8% more Energy/Stamina cost for sprinting/jumping and modestly worse fall-related leg injury outcomes.
xuiRebirthTraitFastReader,Fast Reader
xuiRebirthTraitFastReaderDesc,Physical books and written manuals take 25% less time to study. Audiobooks are unaffected.
xuiRebirthTraitSlowReader,Slow Reader
xuiRebirthTraitSlowReaderDesc,Physical books and written manuals take 35% longer to study. Audiobooks are unaffected.
xuiRebirthTraitFastLearner,Fast Learner
xuiRebirthTraitFastLearnerDesc,+8% learn-by-doing Skill gain below Skill 50; no bonus at or above 50. Does not grant Knowledge.
xuiRebirthTraitDistractible,Distractible
xuiRebirthTraitDistractibleDesc,-7% learn-by-doing Skill gain below Skill 50; no effect on Knowledge ownership.
xuiRebirthTraitOptimistic,Optimistic
xuiRebirthTraitOptimisticDesc,Mood returns toward neutral about 15% faster after negative influences; positive influences last about 10% longer.
xuiRebirthTraitPessimistic,Pessimistic
xuiRebirthTraitPessimisticDesc,Mood recovers from negative states about 15% slower; negative influences linger about 10% longer.
xuiRebirthTraitSteadyNerves,Steady Nerves
xuiRebirthTraitSteadyNervesDesc,Danger generates 25% less stress. Recovery is normal. Conflicts with Easily Rattled.
xuiRebirthTraitAnxious,Anxious
xuiRebirthTraitAnxiousDesc,Nearby unseen hostile activity builds stress even before combat. Recovery begins after 90 seconds rather than 30.
xuiRebirthTraitPeoplePerson,People Person
xuiRebirthTraitPeoplePersonDesc,A friendly owned companion within 15 m adds +3 to the current Mood target.
xuiRebirthTraitLoner,Loner
xuiRebirthTraitLonerDesc,Being without a nearby owned companion adds +2 to Mood target; having one within 15 m adds -1.
xuiRebirthTraitFastMetabolism,Fast Metabolism
xuiRebirthTraitFastMetabolismDesc,"Energy recovery from adequate Nutrition is about 10% faster, but ongoing Nutrition demand is about 12% higher."
xuiRebirthTraitSlowMetabolism,Slow Metabolism
xuiRebirthTraitSlowMetabolismDesc,"Ongoing Nutrition demand is about 10% lower, but Energy recovery from Nutrition is about 8% slower."
xuiRebirthTraitFoodIndifferent,Food Indifferent
xuiRebirthTraitFoodIndifferentDesc,Positive and negative food-quality Mood influences are both about 35% weaker. Nutrition/Hydration are unchanged.
xuiRebirthTraitSweetTooth,Sweet Tooth
xuiRebirthTraitSweetToothDesc,"Authored sweet comfort foods gain about +3 extra temporary Mood influence, but repetition of sweet foods loses novelty about 20% faster."
xuiRebirthTraitHeavyDrinker,Heavy Drinker
xuiRebirthTraitHeavyDrinkerDesc,"After the initial grace window, an unsatisfied alcohol habit contributes -4 Mood Target. Beer or Moonshine manages the habit for about 45 active-play minutes and contributes +3 Mood while managed. Repeated drinks refresh rather than stack this support; normal alcohol physiology still applies."
xuiRebirthTraitCaffeineDependent,Caffeine Dependent
xuiRebirthTraitCaffeineDependentDesc,"After the initial grace window, expired caffeine satisfaction contributes -3 Mood Target. Coffee manages the habit for about 45 active-play minutes and contributes +2 Mood while managed; repeated uses refresh rather than stack the support."
xuiRebirthTraitTeetotaler,Teetotaler
xuiRebirthTraitTeetotalerDesc,No baseline penalty. Consuming Beer or Moonshine applies -6 temporary Mood influence for about 10 active-play minutes; normal alcohol physiology still applies.
xuiRebirthTraitSmoker,Smoker
xuiRebirthTraitSmokerDesc,"After the initial grace window, expired nicotine support contributes -4 Mood Target. A Nicotine Patch manages the habit for about 60 active-play minutes and contributes +4 Mood while managed. Non-Smokers can receive the small capped Focus benefit instead; the support does not stack without limit."
xuiRebirthTraitConditioned,Conditioned
xuiRebirthTraitConditionedDesc,+6 starting Constitution; qualifying physical learn-by-doing gains are about 10% more efficient below mid-range values.
xuiRebirthTraitTrainingDiscipline,Training Discipline
xuiRebirthTraitTrainingDisciplineDesc,Strenuous activity uses about 5% less Energy when Hydration/Nutrition are adequate; does not bypass Energy cap.
xuiRebirthTraitOldTrainingInjury,Old Training Injury
xuiRebirthTraitOldTrainingInjuryDesc,Leg/arm injury states impose about 15% stronger temporary Health Capacity restriction and 5% extra Energy cost while the relevant injury is active.
xuiRebirthTraitFieldTriage,Field Triage
xuiRebirthTraitFieldTriageDesc,Starts Emergency Medicine Knowledge and a strong Medicine starting bias; first-aid items are about 10% more effective at stabilization/healing within allowed effect caps.
xuiRebirthTraitClinicalRoutine,Clinical Routine
xuiRebirthTraitClinicalRoutineDesc,Starts common Medical Care Knowledge; routine medical item use gains Medicine Skill about 10% faster below Skill 50.
xuiRebirthTraitCompassionateCare,Compassionate Care
xuiRebirthTraitCompassionateCareDesc,"Negative Mood recovers about 8% faster, representing steadier emotional recovery under caregiving pressure."
xuiRebirthTraitCompassionFatigue,Compassion Fatigue
xuiRebirthTraitCompassionFatigueDesc,Negative Mood recovers about 8% slower under sustained emotional strain.
xuiRebirthTraitClinicalSpecialist,Clinical Specialist
xuiRebirthTraitClinicalSpecialistDesc,Starts Advanced Medical Procedures Knowledge and a strong Medicine starting bias; illness-related Health Capacity recovery is modestly improved when correct treatment is active.
xuiRebirthTraitDiagnosticMind,Diagnostic Mind
xuiRebirthTraitDiagnosticMindDesc,Medicine learn-by-doing gain is about 6% faster below Medicine Skill 50.
xuiRebirthTraitSedentaryPractice,Sedentary Practice
xuiRebirthTraitSedentaryPracticeDesc,-5 starting Constitution and +5% Energy cost for sustained sprinting until physical development catches up.
xuiRebirthTraitPharmacology,Pharmacology
xuiRebirthTraitPharmacologyDesc,Starts with Medication Knowledge. Eligible beneficial medicine effects are about 10% stronger or last about 10% longer without exceeding their limits.
xuiRebirthTraitCarefulDosing,Careful Dosing
xuiRebirthTraitCarefulDosingDesc,Medicine learn-by-doing gain is about 5% faster below Medicine Skill 50.
xuiRebirthTraitDeskbound,Deskbound
xuiRebirthTraitDeskboundDesc,-5 starting Constitution and about +5% Energy cost for sustained sprinting until trained.
xuiRebirthTraitChemicalTraining,Chemical Training
xuiRebirthTraitChemicalTrainingDesc,Starts Chemistry Basics Knowledge; chemistry/workstation recipes tagged for the trait craft about 10% faster.
xuiRebirthTraitMethodical,Methodical
xuiRebirthTraitMethodicalDesc,Technical learn-by-doing gains are about 8% faster below Skill 50.
xuiRebirthTraitLabbound,Labbound
xuiRebirthTraitLabboundDesc,-4 starting Strength and -4 starting Constitution.
xuiRebirthTraitVehicleSpecialist,Vehicle Specialist
xuiRebirthTraitVehicleSpecialistDesc,Starts Vehicle Service Knowledge; vehicle repair uses about 10% fewer repair resources and Mechanics starts with a strong bias.
xuiRebirthTraitPartsSaver,Parts Saver
xuiRebirthTraitPartsSaverDesc,Mechanics learn-by-doing is about 6% faster and Salvage about 4% faster below Skill 50.
xuiRebirthTraitShopBack,Shop Back
xuiRebirthTraitShopBackDesc,About +8% Survivor Energy use while actually encumbered. Native slot encumbrance still owns the physical inventory penalty.
xuiRebirthTraitCircuitTrained,Circuit Trained
xuiRebirthTraitCircuitTrainedDesc,Starts Electrical Fundamentals Knowledge and improves generator/electrical repair resource efficiency by about 10%.
xuiRebirthTraitSafeWiring,Safe Wiring
xuiRebirthTraitSafeWiringDesc,Technical learn-by-doing gains are about 5% faster below Skill 50.
xuiRebirthTraitPoorHeavyLabor,Poor Heavy Labor
xuiRebirthTraitPoorHeavyLaborDesc,-6 starting Strength; no Knowledge penalty.
xuiRebirthTraitJoiner,Joiner
xuiRebirthTraitJoinerDesc,Wood block repair/upgrade resource use is about 10% more efficient and starts Basic Carpentry Knowledge.
xuiRebirthTraitToolFamiliarity,Tool Familiarity
xuiRebirthTraitToolFamiliarityDesc,Strenuous activity uses about 5% less Energy.
xuiRebirthTraitWristWear,Wrist Wear
xuiRebirthTraitWristWearDesc,-5 starting Dexterity and about +5% stamina cost for repeated hand-tool use.
xuiRebirthTraitSiteToughened,Site Toughened
xuiRebirthTraitSiteToughenedDesc,+6 starting Strength and +5 starting Constitution.
xuiRebirthTraitEfficientBuilder,Efficient Builder
xuiRebirthTraitEfficientBuilderDesc,Strenuous work uses about 6% less Energy.
xuiRebirthTraitTradeKnees,Trade Knees
xuiRebirthTraitTradeKneesDesc,Jump/sprint Energy cost +6% and fall-related leg injuries modestly worse.
xuiRebirthTraitMetalFabricator,Metal Fabricator
xuiRebirthTraitMetalFabricatorDesc,Starts Advanced Welding/Metal Repair Knowledge; tagged metal repair/crafting actions are ~10% faster or more resource-efficient.
xuiRebirthTraitHeatAcclimated,Heat Acclimated
xuiRebirthTraitHeatAcclimatedDesc,Heat-condition penalties about 15% weaker; stacks with Heat Tolerant only up to a global cap.
xuiRebirthTraitFumeExposure,Fume Exposure
xuiRebirthTraitFumeExposureDesc,-5 Constitution Potential and about +5% sustained Energy expenditure.
xuiRebirthTraitPrecisionFitter,Precision Fitter
xuiRebirthTraitPrecisionFitterDesc,Repaired tools/weapons retain more usable/max durability within the approved repair model; starts Precision Repair Knowledge.
xuiRebirthTraitPartsConservation,Parts Conservation
xuiRebirthTraitPartsConservationDesc,Maintenance learn-by-doing gain is about 6% faster below Maintenance Skill 50.
xuiRebirthTraitShopbound,Shopbound
xuiRebirthTraitShopboundDesc,-5 starting Constitution; about +5% sprint Energy cost until trained.
xuiRebirthTraitFixer,Fixer
xuiRebirthTraitFixerDesc,Starts General Maintenance Knowledge and a strong Maintenance Skill bias; ordinary repair efficiency +10%.
xuiRebirthTraitToolCare,Tool Care
xuiRebirthTraitToolCareDesc,Maintenance learn-by-doing gain is about 6% faster below Maintenance Skill 50.
xuiRebirthTraitShoulderWear,Shoulder Wear
xuiRebirthTraitShoulderWearDesc,Axes/heavy melee/heavy tools cost about 7% more stamina/Energy.
xuiRebirthTraitSystemsThinker,Systems Thinker
xuiRebirthTraitSystemsThinkerDesc,Starts a broad but shallow package of Electrical Fundamentals and Technical Diagnostics Knowledge; does not grant advanced manufacturing.
xuiRebirthTraitTechnicalPlanner,Technical Planner
xuiRebirthTraitTechnicalPlannerDesc,Technical learn-by-doing gains are about 6% faster below Skill 50.
xuiRebirthTraitTheoryHeavy,Theory Heavy
xuiRebirthTraitTheoryHeavyDesc,Starts with useful Knowledge but -8 practical Mechanics/Maintenance starting Skill bias.
xuiRebirthTraitOreSense,Ore Sense
xuiRebirthTraitOreSenseDesc,Mining learn-by-doing gain is about 8% faster below Mining Skill 50.
xuiRebirthTraitMiningConditioning,Mining Conditioning
xuiRebirthTraitMiningConditioningDesc,Strenuous Energy use is about 7% lower and Mining learn-by-doing is about 8% faster below Mining Skill 50.
xuiRebirthTraitDustyLungs,Dusty Lungs
xuiRebirthTraitDustyLungsDesc,-5 Constitution Potential; sprinting costs about 10% more Energy and Energy-to-Stamina recovery is modestly weaker during sustained exertion.
xuiRebirthTraitAxeHand,Axe Hand
xuiRebirthTraitAxeHandDesc,Axes start with a strong Skill bias; wood harvest/block damage execution improves through that Skill rather than a flat universal damage bonus.
xuiRebirthTraitWorkHardened,Work Hardened
xuiRebirthTraitWorkHardenedDesc,+5 starting Strength; qualifying heavy-work Strength LBD gains about 8% faster below midrange.
xuiRebirthTraitHeavyLifter,Heavy Lifter
xuiRebirthTraitHeavyLifterDesc,+4 unencumbered inventory slots and +5 starting Strength. Uses native slot encumbrance only.
xuiRebirthTraitShiftPacing,Shift Pacing
xuiRebirthTraitShiftPacingDesc,"When actually encumbered, the extra Survivor Energy-use multiplier is about 8% lower. Native movement penalties remain."
xuiRebirthTraitRepetitiveStrain,Repetitive Strain
xuiRebirthTraitRepetitiveStrainDesc,-5 Dexterity Potential and about +5% stamina cost for repeated tool/melee actions.
xuiRebirthTraitHeatTrained,Heat Trained
xuiRebirthTraitHeatTrainedDesc,Heat-condition penalties about 25% weaker and Constitution starts +4.
xuiRebirthTraitEmergencyConditioning,Emergency Conditioning
xuiRebirthTraitEmergencyConditioningDesc,Strenuous activity uses about 6% less Energy.
xuiRebirthTraitSmokeDamagedLungs,Smoke-Damaged Lungs
xuiRebirthTraitSmokeDamagedLungsDesc,Sprinting Energy cost +12% and Constitution Potential -5.
xuiRebirthTraitCombatDrilled,Combat Drilled
xuiRebirthTraitCombatDrilledDesc,Provides a strong starting focus on Assault Rifles. Reload speed and accuracy benefits come from your Assault Rifles skill.
xuiRebirthTraitFieldDiscipline,Field Discipline
xuiRebirthTraitFieldDisciplineDesc,Combat-related negative Mood influences about 25% weaker and weapon Maintenance Skill gains about 5% faster below midrange.
xuiRebirthTraitOldServiceInjury,Old Service Injury
xuiRebirthTraitOldServiceInjuryDesc,Healthy Health Potential -5 and injury-related Health Capacity recovery about 10% slower.
xuiRebirthTraitSidearmTraining,Sidearm Training
xuiRebirthTraitSidearmTrainingDesc,Strong starting Pistols Skill bias; starts Basic Sidearm Maintenance Knowledge.
xuiRebirthTraitCrisisResponse,Crisis Response
xuiRebirthTraitCrisisResponseDesc,Damage/combat shock Mood penalties about 20% weaker for a short crisis window.
xuiRebirthTraitDeskDuty,Desk Duty
xuiRebirthTraitDeskDutyDesc,-5 starting Constitution and +5% sustained sprint Energy cost.
xuiRebirthTraitPatrolConditioning,Patrol Conditioning
xuiRebirthTraitPatrolConditioningDesc,Walking/sprinting Energy cost about 5% lower and +3 starting Constitution.
xuiRebirthTraitDefensiveFamiliarity,Defensive Familiarity
xuiRebirthTraitDefensiveFamiliarityDesc,Starts modest Batons and Pistols Skill biases; no special immunity or AI awareness.
xuiRebirthTraitLimitedFieldTraining,Limited Field Training
xuiRebirthTraitLimitedFieldTrainingDesc,Combat learn-by-doing gains are about 5% slower below Skill 50; future Skill growth is not capped.
xuiRebirthTraitFieldDresser,Field Dresser
xuiRebirthTraitFieldDresserDesc,"Harvested-resource yield is increased by 5% through the native HarvestCount effect, subject to the shared Trait harvest cap."
xuiRebirthTraitPatientShot,Patient Shot
xuiRebirthTraitPatientShotDesc,Ranged learn-by-doing gains are about 6% faster below Skill 50.
xuiRebirthTraitFieldStomach,Field Stomach
xuiRebirthTraitFieldStomachDesc,Negative food Mood effects are about 25% weaker; physical Nutrition and digestion remain unchanged.
xuiRebirthTraitTrailwise,Trailwise
xuiRebirthTraitTrailwiseDesc,Environmental heat/cold Energy penalties about 10% weaker in wilderness biomes and starts basic Fieldcraft Knowledge.
xuiRebirthTraitForager,Forager
xuiRebirthTraitForagerDesc,"Plant-only positive food Mood gains +1, and Farming learn-by-doing is about 4% faster below Farming Skill 50."
xuiRebirthTraitIsolatedWork,Isolated Work
xuiRebirthTraitIsolatedWorkDesc,A nearby owned companion reduces Mood target by 2.
xuiRebirthTraitArmorer,Armorer
xuiRebirthTraitArmorerDesc,Starts Advanced Firearm Service Knowledge and strong Gunsmithing bias; allows advanced firearm repair actions that remain unavailable without the Knowledge.
xuiRebirthTraitPrecisionMaintenance,Precision Maintenance
xuiRebirthTraitPrecisionMaintenanceDesc,Maintenance learn-by-doing gain is about 8% faster below Maintenance Skill 50.
xuiRebirthTraitRefinedPalate,Refined Palate
xuiRebirthTraitRefinedPalateDesc,Good/comfort-food positive Mood influence about 20% stronger; conflicts with Food Indifferent.
xuiRebirthTraitEfficientPrep,Efficient Prep
xuiRebirthTraitEfficientPrepDesc,Cooking learn-by-doing gain is about 8% faster below Cooking Skill 50.
xuiRebirthTraitFoodSnob,Food Snob
xuiRebirthTraitFoodSnobDesc,Neutral/simple meals lose positive novelty about 25% faster; unpleasant food Mood penalties are about 2 points stronger.
xuiRebirthTraitGreenThumb,Green Thumb
xuiRebirthTraitGreenThumbDesc,Crop harvest yield about +10% and starts practical farming Knowledge.
xuiRebirthTraitSoilSense,Soil Sense
xuiRebirthTraitSoilSenseDesc,Farming learn-by-doing gain is about 8% faster below Farming Skill 50.
xuiRebirthTraitFieldButcher,Field Butcher
xuiRebirthTraitFieldButcherDesc,"Harvested-resource yield is increased by 6% through the native HarvestCount effect, subject to the shared Trait harvest cap."
xuiRebirthTraitMeatCutter,Meat Cutter
xuiRebirthTraitMeatCutterDesc,"Cooking learn-by-doing is about 8% faster below Cooking Skill 50, and positive Mood from meat meals gains +1."
xuiRebirthTraitMeatCentricPalate,Meat-Centric Palate
xuiRebirthTraitMeatCentricPalateDesc,Plant-only meals provide about 25% less positive Mood. Conflicts with Vegetarian/Vegan diet choices.
xuiRebirthTraitMixologist,Mixologist
xuiRebirthTraitMixologistDesc,Starts with Drink Preparation Knowledge. Eligible drink benefits and comfort last about 10% longer. Does not increase alcohol stacking.
xuiRebirthTraitAlcoholTolerance,Alcohol Tolerance
xuiRebirthTraitAlcoholToleranceDesc,Alcohol provides an additional +2 temporary Mood target while its Survivor positive-support window is active; normal alcohol physiology still applies.
xuiRebirthTraitSocialHost,Social Host
xuiRebirthTraitSocialHostDesc,A friendly owned companion within 15 m adds +2 to Mood target.
xuiRebirthTraitNegotiator,Negotiator
xuiRebirthTraitNegotiatorDesc,"Native trader buying and selling modifiers each improve by 5%, bounded by the shared Trait barter cap."
xuiRebirthTraitCustomerServiceFace,Customer Service Face
xuiRebirthTraitCustomerServiceFaceDesc,"Native trader buying and selling modifiers each improve by 3%, bounded by the shared Trait barter cap."
xuiRebirthTraitSedentaryCareer,Sedentary Career
xuiRebirthTraitSedentaryCareerDesc,-5 starting Constitution and +5% sustained sprint Energy cost.
xuiRebirthTraitQuickStudy,Quick Study
xuiRebirthTraitQuickStudyDesc,"Learn-by-doing Skill gain is +10% through Skill 40, then tapers smoothly to no bonus at Skill 60. Does not grant Knowledge."
xuiRebirthTraitGeneralist,Generalist
xuiRebirthTraitGeneralistDesc,"Small starting biases across Cooking, Medicine, and Maintenance instead of one strong specialization."
xuiRebirthTraitSalvageEye,Salvage Eye
xuiRebirthTraitSalvageEyeDesc,Salvage learn-by-doing gain is about 8% faster below Salvage Skill 50.
xuiRebirthTraitPackRat,Pack Rat
xuiRebirthTraitPackRatDesc,+4 unencumbered inventory slots; no physical weight simulation.
xuiRebirthTraitImprovisedRepair,Improvised Repair
xuiRebirthTraitImprovisedRepairDesc,Maintenance learn-by-doing gain is about 6% faster below Maintenance Skill 50; it does not substitute for required Knowledge.
xuiRebirthTraitRoadVeteran,Road Veteran
xuiRebirthTraitRoadVeteranDesc,Vehicle fuel consumption is about 8% lower while this character is the attached driver.
xuiRebirthTraitRoadsideRepair,Roadside Repair
xuiRebirthTraitRoadsideRepairDesc,Starts Basic Vehicle Repair Knowledge and a modest Mechanics bias.
xuiRebirthDietUnrestricted,Unrestricted
xuiRebirthDietUnrestrictedDesc,No dietary preference. Every current food is compatible with this diet. Food quality and variety can still affect Mood.
xuiRebirthDietVegetarian,Vegetarian
xuiRebirthDietVegetarianDesc,"A vegetarian survivor favors plant foods, grains, fruit, vegetables, mushrooms, eggs, honey, and other foods that contain no meat, fish, or rendered animal fat. Off-diet food is still edible in an emergency."
xuiRebirthDietPescatarian,Pescatarian
xuiRebirthDietPescatarianDesc,"A pescatarian survivor avoids meat and rendered animal fat while allowing fish and seafood, plant foods, eggs, honey, and dairy. Restricted food remains edible in an emergency."
xuiRebirthDietVegan,Vegan
xuiRebirthDietVeganDesc,"A vegan survivor favors plant-only foods. Meat, fish, eggs, honey, dairy, rendered animal fat, and other animal-derived ingredients are dietary violations. Off-diet food is still edible in an emergency."
xuiRebirthDietCarnivore,Carnivore
xuiRebirthDietCarnivoreDesc,"A carnivore survivor favors animal-origin foods such as meat, fish, eggs, honey, and other animal-derived foods. Foods containing plant ingredients are dietary violations, including mixed meat-and-plant meals. Off-diet food is still edible in an emergency."
xuiRebirthSupportNicotinePatch,Nicotine Patch
xuiRebirthSupportProbioticCapsules,Probiotic Capsules
xuiRebirthSupportElectrolyteDrink,Electrolyte Drink
xuiRebirthSupportInstantCoolingPack,Instant Cooling Pack
xuiRebirthSupportHeatPack,Heat Pack
xuiRebirthSupportLeisurePuzzleBook,Leisure / Puzzle Book
xuiRebirthSupportSeasoningPacketHotSauce,Seasoning Packet / Hot Sauce
xuiRebirthSupportRespiratoryInhaler,Respiratory Inhaler
xuiRebirthSupportCompressionWrap,Compression Wrap
xuiRebirthSupportKneeBraceMod,Knee Brace Mod
xuiRebirthSupportBackSupportBeltMod,Back Support Belt Mod
xuiRebirthSupportErgonomicGripSupportGloveMod,Ergonomic Grip / Support Glove Mod
xuiRebirthCreationErrorDefinitionHashMismatch,The Survivor definitions on the server do not match the definitions used for this selection.
xuiRebirthCreationErrorMissingBackground,Choose exactly one Experience.
xuiRebirthCreationErrorUnknownBackground,The selected Experience no longer exists.
xuiRebirthCreationErrorMissingDiet,Choose exactly one Diet.
xuiRebirthCreationErrorUnknownDiet,The selected Diet no longer exists.
xuiRebirthCreationErrorDuplicateTrait,The same Trait cannot be selected more than once.
xuiRebirthCreationErrorUnknownTrait,A selected Trait no longer exists.
xuiRebirthCreationErrorTraitNotAllowedForBackground,A selected Trait is not available to this Experience.
xuiRebirthCreationErrorTraitBlockedByBackground,The selected Experience blocks one of the selected Traits.
xuiRebirthCreationErrorTraitConflict,Two selected Traits conflict with each other.
xuiRebirthCreationErrorTraitDietConflict,A selected Trait conflicts with the selected Diet.
xuiRebirthCreationErrorInsufficientCreationPoints,The selected positive Traits cost more creation points than are available.
xuiRebirthCreationErrorAttributeOutOfRange,This selection puts an Attribute outside its allowed range.
xuiRebirthCreationErrorPotentialBelowCurrent,The selection resolves a current Attribute above its genetic Potential.
xuiRebirthCreationErrorRebirthModeDisabled,REBIRTH character creation is disabled because Player Progression is set to Base Game.
xuiRebirthCreationErrorDefinitionsUnavailable,REBIRTH Survivor definitions are unavailable. The character cannot be confirmed safely.
xuiRebirthCreationErrorUnknownCreationModifier,A selected Trait references an unknown creation modifier.
xuiRebirthCreationErrorInvalidSkillBiasTier,An Experience or Trait references an invalid starting Skill bias tier.
xuiRebirthSurvivorProfiles,SURVIVOR PROFILES
xuiRebirthSurvivorSavedProfiles,SAVED SURVIVOR PROFILES
xuiRebirthSurvivorCreate,CREATE
xuiRebirthSurvivorReview,REVIEW
xuiRebirthSurvivorEdit,EDIT
xuiRebirthSurvivorDuplicate,DUPLICATE
xuiRebirthSurvivorCreatorTitle,SURVIVOR PROFILE CREATOR
xuiRebirthSurvivorReviewTitle,REVIEW SURVIVOR PROFILE
xuiRebirthSurvivorStepIdentity,1. PROFILE NAME
xuiRebirthSurvivorStepBackground,2. EXPERIENCE
xuiRebirthSurvivorStepTraits,4. TRAITS
xuiRebirthSurvivorStepDiet,3. DIET
xuiRebirthSurvivorStepReview,5. REVIEW
xuiRebirthSurvivorStepIdentityShort,PROFILE
xuiRebirthSurvivorStepBackgroundShort,EXPERIENCE
xuiRebirthSurvivorStepTraitsShort,TRAITS
xuiRebirthSurvivorStepDietShort,DIET
xuiRebirthSurvivorStepReviewShort,REVIEW
xuiRebirthSurvivorProfileName,Survivor Profile Name
xuiRebirthSurvivorIdentityHelp,Name this reusable starting template. This local name does not rename your in-world player or your vanilla appearance profile.
xuiRebirthSurvivorProfileNameRequired,Enter a Survivor Profile name before saving.
xuiRebirthSurvivorChooseBackgroundPrompt,Choose an Experience to see its details.
xuiRebirthSurvivorChooseDietPrompt,Choose a Diet to see its details.
xuiRebirthSurvivorTraitHelp,Choose enduring Traits after your Experience and Diet establish the point budget. Positive Traits and Skill Aptitudes spend points; negative Traits grant points up to the refund cap.
xuiRebirthSurvivorFilterAll,ALL AVAILABLE TRAITS
xuiRebirthSurvivorFilterPositive,POSITIVE TRAITS
xuiRebirthSurvivorFilterNegative,NEGATIVE TRAITS
xuiRebirthSurvivorFilterMixed,MIXED / PREFERENCE TRAITS
xuiRebirthSurvivorFilterBackground,EXPERIENCE-SPECIFIC TRAITS
xuiRebirthSurvivorTraitCategory,Category
xuiRebirthSurvivorTraitPoints,Creation Points
xuiRebirthSurvivorTraitUnavailableBackground,Unavailable for this Experience.
xuiRebirthSurvivorTraitConflictWith,Conflicts with
xuiRebirthSurvivorTraitDietConflict,Conflicts with the selected Diet.
xuiRebirthSurvivorStartingExperience,Starting Experience
xuiRebirthSurvivorStartingSkillBiases,Starting Skills
xuiRebirthSurvivorStartingKnowledge,Starting Recipes & Techniques
xuiRebirthSurvivorDietRule,Compatibility rule
xuiRebirthSurvivorReviewBackground,EXPERIENCE
xuiRebirthSurvivorReviewDiet,DIET
xuiRebirthSurvivorReviewTraits,TRAITS
xuiRebirthSurvivorReviewPoints,CREATION POINTS
xuiRebirthSurvivorReviewAttributes,ATTRIBUTES
xuiRebirthSurvivorReviewSkills,STARTING SKILLS
xuiRebirthSurvivorReviewKnowledge,STARTING KNOWLEDGE
xuiRebirthSurvivorPointsRemaining,remaining
xuiRebirthSurvivorHealthPotential,Health Potential
xuiRebirthSurvivorNotSelected,Not selected
xuiRebirthSurvivorNoTraits,None
xuiRebirthSurvivorNone,None
xuiRebirthSurvivorValidationReadyFormat,Ready — {0} creation points remaining.
xuiRebirthSurvivorValidationUnavailable,Validation unavailable.
xuiRebirthSurvivorMoreIssues,more issues
xuiRebirthSurvivorReviewReadOnly,This review is read-only.
xuiRebirthSurvivorUseSelection,USE SURVIVOR
xuiRebirthSurvivorBackground,Experience
xuiRebirthSurvivorDiet,Diet
xuiRebirthSurvivorTraits,Traits
xuiRebirthSurvivorCompatibility,Compatibility
xuiRebirthSurvivorModified,Modified
xuiRebirthSurvivorCompatibilityReady,Ready
xuiRebirthSurvivorCompatibilityReview,Definition update — review required
xuiRebirthSurvivorCompatibilityMissing,Missing definition — repair required
xuiRebirthSurvivorCompatibilitySchema,Unsupported profile schema
xuiRebirthSurvivorCompatibilityInvalid,Invalid combination — repair required
xuiRebirthSurvivorNoProfiles,No Survivor Profiles yet
xuiRebirthSurvivorNoProfileSelected,No profile selected
xuiRebirthSurvivorCreateFirstProfile,"Create a reusable Survivor Profile to define a starting Experience, Diet, and Traits."
xuiRebirthSurvivorSelectProfilePrompt,Select a Survivor Profile to review or edit it.
xuiRebirthSurvivorProfilePageFormat,Profiles {0}-{1} of {2}
xuiRebirthSurvivorProfileDuplicated,Profile duplicated.
xuiRebirthSurvivorProfileDeleted,Local profile deleted. Existing world characters were not changed.
xuiRebirthSurvivorDeleteTitle,DELETE SURVIVOR PROFILE
xuiRebirthSurvivorDeleteConfirmFormat,Delete local Survivor Profile '{0}'? Existing world characters will not be changed.
xuiRebirthSurvivorCopy,Copy
xuiRebirthSurvivorUntitled,Survivor
xuiRebirthSurvivorWorldIndependenceWarning,"When this template creates a world character, that character becomes independent. Editing or deleting this local Survivor Profile will not change existing world characters."
xuiRebirthSurvivorRemoveUnavailable,REMOVE UNAVAILABLE
xuiRebirthSurvivorRemoveUnavailableFormat,REMOVE UNAVAILABLE ({0})
xuiRebirthSurvivorRemovedUnavailableFormat,Removed {0} unavailable saved Trait selection(s).
xuiRebirthSurvivorBackgroundPrunedTraitsFormat,Experience change removed {0} incompatible Trait selection(s).
xuiRebirthSurvivorReviewSupport,MANAGEMENT / SUPPORT
xuiRebirthSurvivorCompatibilityIssues,REPAIR / REVIEW ISSUES
xuiRebirthChooseTitle,CHOOSE YOUR SURVIVOR
xuiRebirthChoosePermanentHelp,Your Survivor origin becomes permanent for this world after confirmation.
xuiRebirthChooseSavedProfiles,SAVED SURVIVOR PROFILES
xuiRebirthChooseUseSelected,USE SELECTED
xuiRebirthChooseReview,REVIEW
xuiRebirthChooseCreateNew,CREATE NEW SURVIVOR
xuiRebirthChooseLeaveWorld,LEAVE WORLD
xuiRebirthChooseFooterHelp,Reusable profiles are templates only. Confirming one creates a separate server-owned character for this world.
xuiRebirthChooseBusy,A Survivor creation request is already being processed. Try again.
xuiRebirthChooseConfirming,Confirming Survivor with the server…
xuiRebirthChooseCreated,Survivor created. Preparing the world…
xuiRebirthChooseDefinitionMismatch,Your Survivor definitions do not match the server. Reconnect after updating REBIRTH.
xuiRebirthChooseModeDisabled,This world is not using Rebirth character progression.
xuiRebirthChooseNoProfilesHelp,"Use an existing reusable Survivor Profile, or create a new Survivor for this world."
xuiRebirthChooseNoSelection,CREATE OR CHOOSE A SURVIVOR
xuiRebirthChooseProfileNeedsRepair,This profile must be reviewed/repaired before it can create a character.
xuiRebirthChooseProtocolMismatch,Your Survivor network protocol does not match the server.
xuiRebirthChooseRecoveryRequired,"This world has an unreadable Survivor character record. Creation is blocked to prevent overwriting it. Restore or repair that record, or leave the world."
xuiRebirthChooseRepairInManager,Repair this reusable profile from SURVIVOR PROFILES on the main menu before using it.
xuiRebirthChooseSendFailed,Could not send the Survivor creation request.
xuiRebirthChooseUnknownFailure,Survivor creation failed.
xuiRebirthSurvivorSaveReusable,SAVE AS REUSABLE SURVIVOR PROFILE
xuiRebirthSurvivorWorldCreationWarning,"Confirming creates this world's permanent Survivor origin. If you also save a reusable profile, later edits or deletion of that local profile will never change this world character."
xuiRebirthSurvivorWorldCreatorTitle,CREATE NEW SURVIVOR
xuiRebirthProgressionTitle,SURVIVOR PROGRESSION
xuiRebirthProgressionAttributes,ATTRIBUTES — current / genetic potential
xuiRebirthProgressionSkills,SKILLS — learned by doing
xuiRebirthProgressionKnowledge,RECIPES & TECHNIQUES
xuiRebirthProgressionNoKnowledge,No recipes or techniques learned.
xuiRebirthConditionTitle,SURVIVOR CONDITION
xuiRebirthConditionMood,MOOD — current / target
xuiRebirthConditionDietSatisfaction,DIET SATISFACTION
xuiRebirthConditionHealthCapacity,HEALTH CAPACITY — current / potential
xuiRebirthConditionMoodCauses,DOMINANT MOOD CONTRIBUTOR
xuiRebirthConditionNoMeals,No meaningful meals recorded yet.
xuiRebirthConditionVarieties,compatible varieties
xuiRebirthConditionRecentMeals,recent meals
xuiRebirthConditionDietCause,Diet Satisfaction
xuiRebirthConditionNoDominantCause,No dominant Mood contributor.
xuiRebirthSupportAlcoholHabit,Alcohol Habit Support
xuiRebirthSupportCaffeine,Caffeine Support
xuiRebirthSupportCalmingTea,Comforting Infusion
xuiRebirthSupportSoothingTea,Soothing Tea Support
xuiRebirthSupportVitamins,Vitamin Trait Support
xuiRebirthSupportPainRelief,Pain Relief Trait Support
xuiRebirthSupportSteroids,Steroid Strain Support
rebirthSupportNicotinePatch,Nicotine Patch
rebirthSupportNicotinePatchDesc,Slow-release nicotine replacement. Manages Smoker dissatisfaction and gives other survivors only a small capped Focus benefit. Does not stack.
rebirthSupportProbioticCapsules,Probiotic Capsules
rebirthSupportProbioticCapsulesDesc,Temporary digestive support with stronger value for Sensitive Stomach.
rebirthSupportElectrolyteDrink,Electrolyte Drink
rebirthSupportElectrolyteDrinkDesc,A metabolized drink that supports fluid use and heat or exertion management. Hydration still comes through digestion and absorption.
rebirthSupportInstantCoolingPack,Instant Cooling Pack
rebirthSupportInstantCoolingPackDesc,Temporary heat-condition relief with stronger value for Heat Sensitive survivors.
rebirthSupportHeatPack,Heat Pack
rebirthSupportHeatPackDesc,Temporary cold-condition relief with stronger value for Cold Sensitive survivors.
rebirthSupportLeisurePuzzleBook,Leisure Puzzle Book
rebirthSupportLeisurePuzzleBookDesc,A little downtime for temporary Mood support. It does not grant Knowledge or magazine progression.
rebirthSupportSeasoningPacket,Seasoning Packet
rebirthSupportSeasoningPacketDesc,Improves the Mood quality of the next meaningful meal without changing its Diet compatibility.
rebirthSupportRespiratoryInhaler,Respiratory Support Inhaler
rebirthSupportRespiratoryInhalerDesc,Temporary support during exertion. Provides stronger relief for respiratory drawbacks.
rebirthSupportCompressionWrap,Compression Wrap
rebirthSupportCompressionWrapDesc,Temporary strain support with stronger value for wrist shoulder and repetitive-strain drawbacks.
rebirthSupportKneeBraceMod,Knee Brace
rebirthSupportKneeBraceModDesc,Survivor Support-slot brace that reduces part of knee-related movement strain while equipped.
rebirthSupportBackSupportBeltMod,Back Support Belt
rebirthSupportBackSupportBeltModDesc,Survivor Belt-slot support for back and conditioning strain while equipped.
rebirthSupportErgonomicGripMod,Ergonomic Grip Mod
rebirthSupportErgonomicGripModDesc,Tool and melee support that reduces part of repeated hand and arm strain while equipped.
xuiRebirthGearSlotBackpack,Backpack
xuiRebirthGearSlotBelt,Belt
xuiRebirthGearSlotSupport,Support
xuiRebirthGearDaypack,Daypack
xuiRebirthGearFieldPack,Field Pack
xuiRebirthGearHikingPack,Hiking Pack
xuiRebirthGearExpeditionPack,Expedition Pack
rebirthGearDaypack,Daypack
rebirthGearDaypackDesc,[B58CFF]Equip requirements:[-] None.\n[B58CFF]Capacity:[-] [8FD18F]+11 usable slots[-] (1 row).\nKeeps the same 22 encumbered slots.\n[B58CFF]Theory storage:[-] 6 slots for learning materials.\n[B58CFF]Sell Stash:[-] 10 slots for items you want to sell.\nEquip this backpack to access both sections beside the inventory sorting controls.
rebirthGearFieldPack,Field Pack
rebirthGearFieldPackDesc,[D6C978]Equip requirements:[-] Strength 60 and Constitution 60.\n[B58CFF]Capacity:[-] [8FD18F]+33 usable slots[-] (3 rows).\nKeeps the same 22 encumbered slots.\n[B58CFF]Theory storage:[-] 18 slots for learning materials.\n[B58CFF]Sell Stash:[-] 30 slots for items you want to sell.\nEquip this backpack to access both sections beside the inventory sorting controls.
rebirthGearHikingPack,Hiking Pack
rebirthGearHikingPackDesc,[D6C978]Equip requirements:[-] Strength 70 and Constitution 70.\n[B58CFF]Capacity:[-] [8FD18F]+55 usable slots[-] (5 rows).\nKeeps the same 22 encumbered slots.\n[B58CFF]Theory storage:[-] 30 slots for learning materials.\n[B58CFF]Sell Stash:[-] 50 slots for items you want to sell.\nEquip this backpack to access both sections beside the inventory sorting controls.
rebirthGearExpeditionPack,Expedition Pack
rebirthGearExpeditionPackDesc,[D6C978]Equip requirements:[-] Strength 80 and Constitution 80.\n[B58CFF]Capacity:[-] [8FD18F]+77 usable slots[-] (7 rows).\nKeeps the same 22 encumbered slots.\n[B58CFF]Theory storage:[-] 42 slots for learning materials.\n[B58CFF]Sell Stash:[-] 70 slots for items you want to sell.\nEquip this backpack to access both sections beside the inventory sorting controls.
xuiRebirthGearExpandedDaypack,Expanded Daypack
xuiRebirthGearExpandedFieldPack,Expanded Field Pack
xuiRebirthGearExpandedHikingPack,Expanded Hiking Pack
xuiRebirthGearExpandedExpeditionPack,Expanded Expedition Pack
rebirthGearExpandedDaypack,Expanded Daypack
rebirthGearExpandedDaypackDesc,[D6C978]Equip requirements:[-] Strength 55 and Constitution 55.\n[B58CFF]Capacity:[-] [8FD18F]+22 usable slots[-] (2 rows).\nKeeps the same 22 encumbered slots.\n[B58CFF]Theory storage:[-] 12 slots for learning materials.\n[B58CFF]Sell Stash:[-] 20 slots for items you want to sell.\nEquip this backpack to access both sections beside the inventory sorting controls.
rebirthGearExpandedFieldPack,Expanded Field Pack
rebirthGearExpandedFieldPackDesc,[D6C978]Equip requirements:[-] Strength 65 and Constitution 65.\n[B58CFF]Capacity:[-] [8FD18F]+44 usable slots[-] (4 rows).\nKeeps the same 22 encumbered slots.\n[B58CFF]Theory storage:[-] 24 slots for learning materials.\n[B58CFF]Sell Stash:[-] 40 slots for items you want to sell.\nEquip this backpack to access both sections beside the inventory sorting controls.
rebirthGearExpandedHikingPack,Expanded Hiking Pack
rebirthGearExpandedHikingPackDesc,[D6C978]Equip requirements:[-] Strength 75 and Constitution 75.\n[B58CFF]Capacity:[-] [8FD18F]+66 usable slots[-] (6 rows).\nKeeps the same 22 encumbered slots.\n[B58CFF]Theory storage:[-] 36 slots for learning materials.\n[B58CFF]Sell Stash:[-] 60 slots for items you want to sell.\nEquip this backpack to access both sections beside the inventory sorting controls.
rebirthGearExpandedExpeditionPack,Expanded Expedition Pack
rebirthGearExpandedExpeditionPackDesc,[D6C978]Equip requirements:[-] Strength 85 and Constitution 85.\n[B58CFF]Capacity:[-] [8FD18F]+88 usable slots[-] (8 rows).\nKeeps the same 22 encumbered slots.\n[B58CFF]Theory storage:[-] 48 slots for learning materials.\n[B58CFF]Sell Stash:[-] 80 slots for items you want to sell.\nEquip this backpack to access both sections beside the inventory sorting controls.
xuiRebirthGearSlotOuterwearLining,Outerwear Lining
xuiRebirthGearColdWeatherLining,Cold-Weather Lining
xuiRebirthGearHotWeatherShell,Hot-Weather Shell
rebirthGearColdWeatherLining,Cold-Weather Lining
rebirthGearColdWeatherLiningDesc,[B58CFF]Outerwear lining. No attribute requirements.[-]\n[8FD18F]30% weaker cold penalties[-] while equipped.\n[CC6B64]10% stronger heat penalties.[-]
rebirthGearHotWeatherShell,Hot-Weather Shell
rebirthGearHotWeatherShellDesc,[B58CFF]Outerwear lining. No attribute requirements.[-]\n[8FD18F]30% weaker heat penalties[-] while equipped.\n[CC6B64]10% stronger cold penalties.[-]
rebirthSupportKneeBrace,Knee Brace
rebirthSupportKneeBraceDesc,[B58CFF]Support slot. No attribute requirements.[-]\nPartially manages knee strain while equipped. Grants no armor rating.
rebirthSupportBackSupportBelt,Back Support Belt
rebirthSupportBackSupportBeltDesc,[B58CFF]Belt slot. No attribute requirements.[-]\nPartially manages back strain while equipped. Grants no armor rating.\n[D6C978]Replaces your equipped toolbelt; adds no toolbelt slots.[-]
rebirthFoodMushroomSkillet,Mushroom Skillet
rebirthFoodMushroomSkilletDesc,A hearty plant-only mushroom potato and corn skillet. A good meal for any survivor and fully compatible with a Vegan diet.
rebirthFoodPumpkinVegetableSoup,Pumpkin Vegetable Soup
rebirthFoodPumpkinVegetableSoupDesc,A filling plant-only soup of pumpkin corn and mushrooms. A good varied meal without animal ingredients.
rebirthFoodBlueberryCrumble,Blueberry Crumble
rebirthFoodBlueberryCrumbleDesc,A sweet plant-only blueberry and cornmeal dessert. Comfort food that remains fully compatible with a Vegan diet.
rebirthFoodMushroomPotPie,Mushroom Pot Pie
rebirthFoodMushroomPotPieDesc,A rich plant-only mushroom and potato pie. A savory comfort meal without meat eggs dairy or animal fat.
xuiRebirthConditionDominantContributors,DOMINANT MOOD CONTRIBUTORS
xuiRebirthConditionLastMeal,LAST MEAL
xuiRebirthMetabolismAwaiting,Waiting for authoritative metabolism state…
xuiRebirthSurvivorActiveSupport,ACTIVE TRAIT SUPPORT
xuiRebirthSurvivorAttributeHint,Current is your trained value and is used for equipment requirements. Growth slows near Potential and continues beyond it.
xuiRebirthSurvivorCharacter,SURVIVOR
xuiRebirthSurvivorCharacterSubtitle,Origin • Progression • Condition • Metabolism • Gear
xuiRebirthSurvivorEncumbranceSeparate,Encumbrance remains governed by Carry Capacity.
xuiRebirthSurvivorGear,SURVIVOR GEAR
xuiRebirthSurvivorGearBackpack,BACKPACK
xuiRebirthSurvivorGearBelt,BELT
xuiRebirthSurvivorGearEquipHint,Use a compatible Survivor gear item from your inventory to equip it. Unequip returns the item to inventory when space is available.
xuiRebirthSurvivorGearSupport,SUPPORT
xuiRebirthSurvivorKnowledgeKnown,knowledge entries known
xuiRebirthSurvivorNoActiveSupport,No active support management.
xuiRebirthSurvivorPhysicalSlots,physical backpack slots
xuiRebirthSurvivorSourceProfile,SOURCE PROFILE
xuiRebirthSurvivorTabAttributes,ATTRIBUTES
xuiRebirthSurvivorTabCondition,CONDITION
xuiRebirthSurvivorTabKnowledge,KNOWLEDGE
xuiRebirthSurvivorTabMetabolism,METABOLISM
xuiRebirthSurvivorTabOrigin,ORIGIN
xuiRebirthSurvivorTabSkills,SKILLS
xuiRebirthSurvivorTabTraits,TRAITS
xuiRebirthSurvivorTraitDetails,TRAIT DETAILS
xuiRebirthSurvivorUnequip,UNEQUIP
xuiRebirthSurvivorWorldNative,Created directly for this world
xuiRebirthPrevious,Previous
xuiRebirthSurvivorCreatorHeader,SURVIVOR CREATOR
xuiRebirthSurvivorStepProfile,1. PLAYER PROFILE
xuiRebirthSurvivorStepProfileShort,PLAYER PROFILE
xuiRebirthSurvivorProfileChooseCreate,CHOOSE OR CREATE A PROFILE
xuiRebirthSurvivorCreateNewProfile,CREATE NEW PROFILE
xuiRebirthSurvivorExistingProfiles,EXISTING PROFILES
xuiRebirthSurvivorProfileCountFormat,{0} reusable Profile(s)
xuiRebirthSurvivorProfileCreateHelp,"Name the reusable Profile you are creating, then continue to Experience."
xuiRebirthSurvivorProfileEditHelp,"Edit this reusable Profile, then continue through its Experience, Diet, and Traits."
xuiRebirthSurvivorProfileNewHelp,"Create a reusable Profile for this Survivor. Enter a profile name, then choose an Experience, Diet, and Traits."
xuiRebirthSurvivorProfileExistingHelp,"This reusable Profile preloads its Experience, Diet, and Traits. Press Next to review or modify those choices for this world."
xuiRebirthSurvivorProfileArtHelp,"Choose an existing Profile to preview its Experience, or create a new Profile."
xuiRebirthSurvivorBackgroundAvailable,AVAILABLE BACKGROUNDS
xuiRebirthSurvivorBackgroundCountFormat,{0} Backgrounds
xuiRebirthSurvivorDietAvailable,AVAILABLE DIETS
xuiRebirthSurvivorDefinitionsUnavailable,Survivor definitions could not be loaded. See the output log for details.
xuiRebirthSurvivorRuntimeIncomplete,Survivor runtime initialization is incomplete. Creation is disabled; see the output log for [REBIRTH Survivor][RuntimeInstall].
xuiRebirthSurvivorPlayerProfileTitle,PLAYER PROFILE
xuiRebirthSurvivorPlayerProfileSelectedLabel,SELECTED BASE-GAME PLAYER PROFILE
xuiRebirthSurvivorChoosePlayerProfile,SELECT / CREATE PLAYER PROFILE
xuiRebirthSurvivorUseCurrentPlayerProfile,USE CURRENT PLAYER PROFILE
xuiRebirthSurvivorPlayerProfileNotSelected,No Player Profile selected
xuiRebirthSurvivorPlayerProfileHelp,"Choose or create a base-game Player Profile. It defines this Survivor's appearance only; Rebirth Experience, Diet, and Traits define progression."
xuiRebirthSurvivorPlayerProfileInWorldHelp,The active base-game Player Profile defines appearance. Create or edit Player Profiles from the main menu.
xuiRebirthSurvivorPlayerProfileSeparationHelp,"PLAYER PROFILE = appearance/model from the base game. SURVIVOR PROFILE = Rebirth Experience, Diet, Traits, and progression choices."
xuiRebirthSurvivorPlayerProfileDetail,"PLAYER PROFILE\n\nThe base-game Player Profile controls your character's appearance. Select an existing default/custom Player Profile or create one using the native 7 Days to Die Player Profile screen.\n\nYour Rebirth Survivor Profile stores the association, but Experience, Diet, Traits, Attributes, Skills, and progression are separate from appearance."
xuiRebirthSurvivorPlayerProfileRequired,Select a Player Profile before continuing.
xuiRebirthSurvivorPlayerProfileSelected,Player Profile selected
xuiRebirthSurvivorPlayerProfileMainMenuRequired,The active Player Profile could not be identified. Select/create the Player Profile from the main menu before creating this Rebirth Survivor.
xuiRebirthSurvivorSurvivorProfileName,Survivor Profile Name
xuiRebirthSurvivorProfileNameOnSaveHelp,Name the Survivor Profile only when you save it for reuse. This name is separate from the base-game Player Profile name.

xuiRebirthSurvivorPlayerProfileSelectTitle,SELECT A BASE-GAME PLAYER PROFILE
xuiRebirthSurvivorPlayerProfileAppearanceOnly,This profile defines your character's appearance and model only.
xuiRebirthSurvivorPlayerProfileTag,PLAYER PROFILE
xuiRebirthSurvivorCreatePlayerProfile,Create
xuiRebirthSurvivorEditPlayerProfile,Edit
xuiRebirthSurvivorDeletePlayerProfile,Delete
xuiRebirthSurvivorPlayerProfileRosterHelp,"Create a new base-game Player Profile using the native 7 Days to Die appearance editor, or choose an existing profile for this Survivor."
xuiRebirthSurvivorPlayerPreview,PLAYER PREVIEW
xuiRebirthSurvivorPlayerProfileCardHelp,Base-game Player Profile — appearance and model only. No progression data.
xuiRebirthSurvivorSavePlayerProfileTitle,SAVE PLAYER PROFILE
xuiRebirthSurvivorSavePlayerProfileHelp,"Your appearance is ready. Enter a Player Profile name to save it, or Cancel to discard this new appearance without creating a profile."

xuiRebirthSurvivorLoadingPlayerProfiles,Loading Player Profiles...
xuiRebirthSurvivorStartingSkillsVisual,Starting Skills
xuiRebirthSurvivorStartingSkillsHelp,How proficient you are when performing these actions.
xuiRebirthSurvivorStartingKnowledgeVisual,Starting Recipes & Techniques
xuiRebirthSurvivorStartingKnowledgeHelp,Recipes and techniques you already know.
xuiRebirthSurvivorWeaknessesVisual,Weaknesses
xuiRebirthSurvivorWeaknessesHelp,Skills this Experience leaves you genuinely poor at.
xuiRebirthSurvivorTraitPointsVisual,Trait Points
xuiRebirthSurvivorTraitPointsHelp,Points available before choosing Traits. More points mean more flexibility.
xuiRebirthSurvivorNoStartingSkills,No Experience Skill adjustments.
xuiRebirthSurvivorNoStartingKnowledge,No starting recipes or techniques.
xuiRebirthSurvivorNoInherentWeaknesses,No inherent Skill weaknesses.
xuiRebirthSkillClubs,Clubs
xuiRebirthSkillSourceClubs,qualified club hits
xuiRebirthSkillSwords,Swords
xuiRebirthSkillSourceSwords,qualified sword/large-blade hits
xuiRebirthSkillAxes,Axes
xuiRebirthSkillSourceAxes,qualified axe hits
xuiRebirthSkillBatons,Batons
xuiRebirthSkillSourceBatons,qualified baton hits
xuiRebirthSkillHammers,Hammers
xuiRebirthSkillSourceHammers,qualified sledge/heavy-hammer hits
xuiRebirthSkillKnives,Knives
xuiRebirthSkillSourceKnives,qualified knife hits
xuiRebirthSkillScythes,Scythes
xuiRebirthSkillSourceScythes,qualified scythe hits
xuiRebirthSkillKnuckles,Knuckles
xuiRebirthSkillSourceKnuckles,qualified knuckle-weapon hits
xuiRebirthSkillPistols,Pistols
xuiRebirthSkillSourcePistols,qualified pistol-family hits
xuiRebirthSkillRevolvers,Revolvers
xuiRebirthSkillSourceRevolvers,qualified revolver hits
xuiRebirthSkillHeavyHandguns,Heavy Handguns
xuiRebirthSkillSourceHeavyHandguns,qualified heavy-handgun hits
xuiRebirthSkillAssaultRifles,Assault Rifles
xuiRebirthSkillSourceAssaultRifles,qualified assault/automatic-rifle hits
xuiRebirthSkillTacticalRifles,Tactical Rifles
xuiRebirthSkillSourceTacticalRifles,qualified tactical-rifle hits
xuiRebirthSkillLongRangeRifles,Long-Range Rifles
xuiRebirthSkillSourceLongRangeRifles,qualified long-range-rifle hits
xuiRebirthSkillExplosives,Explosives
xuiRebirthSkillSourceExplosives,attributed meaningful explosive damage
xuiRebirthSkillDeployableTurrets,Deployable Turrets
xuiRebirthSkillSourceDeployableTurrets,owner-attributed meaningful deployable-turret damage/use
xuiRebirthSkillDroneOperations,Drone Operations
xuiRebirthSkillSourceDroneOperations,Travel with an owned following drone; meaningful recovery and eligible drone service/combat. No module required for travel practice.
xuiRebirthSkillAnimalProcessing,Animal Processing
xuiRebirthSkillSourceAnimalProcessing,actual carcass resources recovered
xuiRebirthSkillTracking,Tracking
xuiRebirthSkillSourceTracking,successful meaningful track acquisition/following
xuiRebirthSkillConstruction,Construction
xuiRebirthSkillSourceConstruction,completed structural repair/upgrade work
xuiRebirthSkillElectrical,Electrical
xuiRebirthSkillSourceElectrical,completed electrical service/upgrades
xuiRebirthSkillMetalworking,Metalworking
xuiRebirthSkillSourceMetalworking,completed applicable metal fabrication/service
xuiRebirthSkillGunsmithing,Gunsmithing
xuiRebirthSkillSourceGunsmithing,successful firearm repair/service
xuiRebirthSkillChemistry,Chemistry
xuiRebirthSkillSourceChemistry,completed applicable chemistry processes
xuiRebirthSkillLockpicking,Lockpicking
xuiRebirthSkillSourceLockpicking,meaningful native lockpick attempts/opens
xuiRebirthSkillStealth,Stealth
xuiRebirthSkillSourceStealth,Actual stealth-qualified health damage; movement or proximity alone gives no practical Stealth training.
xuiRebirthSkillAthletics,Athletics
xuiRebirthSkillSourceAthletics,sampled real exertion/traversal
xuiRebirthSkillArmorProficiency,Armor Proficiency
xuiRebirthSkillSourceArmorProficiency,Genuine movement/exertion normalized by incremental equipped armor burden.
xuiRebirthSkillBartering,Bartering
xuiRebirthSkillSourceBartering,Meaningful committed NPC trader purchases using neutral pre-modifier value and anti-loop controls.
xuiRebirthKnowledgeFireSuppression,Fire Suppression
xuiRebirthKnowledgeStructuralFireSafety,Structural Fire Safety
xuiRebirthSurvivorFilterAptitudes,SKILL APTITUDES
xuiRebirthSurvivorDietPointAdjustment,Trait-point adjustment
xuiRebirthSurvivorDietPointHelp,"Diet points compensate for the everyday food choices removed by the preference: Vegetarian +2, Carnivore +3, Vegan +4."
xuiRebirthSurvivorTraitBudget,TRAIT-POINT BUDGET
xuiRebirthSurvivorTraitBudgetBase,Base
xuiRebirthSurvivorTraitBudgetBackground,Experience
xuiRebirthSurvivorTraitBudgetDiet,Diet
xuiRebirthSurvivorTraitBudgetNegatives,Negative Traits
xuiRebirthSurvivorTraitBudgetSpent,Positive Traits / Aptitudes
xuiRebirthSurvivorTraitBudgetRemaining,Remaining
xuiRebirthSurvivorSkillAptitudeName,Skill Aptitude
xuiRebirthSurvivorSkillAptitudeDesc,Natural aptitude changes starting proficiency only.
xuiRebirthSurvivorSkillAptitudeNameFormat,Aptitude: {0} {1}
xuiRebirthSurvivorSkillAptitudeDescFormat,Natural aptitude starts {0} at +{1}. This changes only starting proficiency; the Skill still grows through use and has no special mastery ceiling.
xuiRebirthTraitPoorShot,Poor Shot
xuiRebirthTraitPoorShotDesc,"You start at -10 proficiency in Pistols, Revolvers, Heavy Handguns, Shotguns, Assault Rifles, Tactical Rifles, and Long-Range Rifles. These Skills remain fully trainable."
xuiRebirthTraitAwkwardFighter,Awkward Fighter
xuiRebirthTraitAwkwardFighterDesc,"You start at -8 proficiency across Spears, Clubs, Swords, Axes, Batons, Hammers, Knives, Scythes, Knuckles, and Unarmed. These Skills remain fully trainable."
xuiRebirthTraitTechnicallyInept,Technically Inept
xuiRebirthTraitTechnicallyIneptDesc,"You start at -10 Mechanics, Maintenance, Construction, Electrical, Metalworking, and Gunsmithing. These Skills remain fully trainable."
xuiRebirthTraitPoorOutdoorsman,Poor Outdoorsman
xuiRebirthTraitPoorOutdoorsmanDesc,"You start at -10 Tracking, Farming, and Animal Processing. These Skills remain fully trainable."
xuiRebirthTraitBadCook,Bad Cook
xuiRebirthTraitBadCookDesc,"You start at -15 Cooking. Because this weakness is narrow and easy to delegate, it grants only 1 Trait point. Cooking remains fully trainable."
xuiRebirthTraitMedicallyInept,Medically Inept
xuiRebirthTraitMedicallyIneptDesc,"You start at -15 Medicine. Because this weakness can often be delegated in multiplayer, it grants only 1 Trait point. Medicine remains fully trainable."
xuiRebirthTraitBadTrader,Bad Trader
xuiRebirthTraitBadTraderDesc,You start at -15 Bartering. Bartering remains fully trainable.
xuiRebirthTraitNoisyNovice,Noisy Novice
xuiRebirthTraitNoisyNoviceDesc,You start at -15 Stealth. Stealth remains fully trainable.
xuiRebirthSurvivorDietEmergencyRule,"Diet never blocks eating. Off-diet food still provides its normal Nutrition and food-borne hydration, which is deliberately safer than starving. A dietary violation suppresses positive enjoyment for that meal and lowers Diet Satisfaction; repeated violations can lower Mood and modestly worsen Energy efficiency. It does not directly cause starvation or Health Capacity loss."
xuiRebirthSurvivorDietFoodListHeading,DIET FOODS
xuiRebirthSurvivorDietFoodListLegend,Allowed foods follow this diet. Restricted foods remain edible but reduce Diet Satisfaction/Mood when absorbed.
xuiRebirthSurvivorDietAllowedFoods,ALLOWED FOODS
xuiRebirthSurvivorDietRestrictedFoods,RESTRICTED FOODS
xuiRebirthSurvivorDietRestrictedCount,Restricted
xuiRebirthSurvivorDietOffDietHeading,OFF-DIET FOOD
xuiRebirthSurvivorDietOffDietCompact,"Restricted food is still edible and keeps its physical Nutrition/hydration, but positive enjoyment is suppressed and Diet Satisfaction/Mood is reduced when nutrients are absorbed."
xuiRebirthSurvivorDietShortPescatarian,Fish and seafood are allowed; avoids meat and rendered animal fat.
xuiRebirthSurvivorDietFoodListUnavailable,Diet food data failed startup validation. Check the output log.
xuiRebirthSurvivorDietFoodCount,Current edible-food catalogue
xuiRebirthSurvivorDietCompatibleCount,Compatible with this diet
xuiRebirthSurvivorTraitBudgetPositiveTraits,Positive Traits
xuiRebirthSurvivorTraitBudgetAptitudes,Skill Aptitudes
xuiRebirthSurvivorTraitBudgetNegativesShort,Neg
xuiRebirthSurvivorTraitBudgetPositiveShort,Positive
xuiRebirthSurvivorTraitBudgetAptitudesShort,Aptitudes
xuiRebirthSurvivorReviewIdentity,SURVIVOR IDENTITY
xuiRebirthSurvivorReviewPositiveTraits,POSITIVE TRAITS
xuiRebirthSurvivorReviewWeaknesses,NEGATIVE TRAITS / WEAKNESSES
xuiRebirthSurvivorReviewMixedTraits,MIXED / EXPERIENCE TRAITS
xuiRebirthSurvivorReviewAptitudes,SKILL APTITUDES
xuiRebirthSurvivorTraitBadgeBackground,EXPERIENCE
xuiRebirthSurvivorDietConsequences,CONCRETE CONSEQUENCES
xuiRebirthSurvivorDietCompatibleConsequence,The quality and variety of meals that fit your diet affect Diet Satisfaction and Mood.
xuiRebirthSurvivorDietViolationConsequence,Off-diet food remains edible and keeps its normal physical Nutrition and food-borne hydration. Positive enjoyment is suppressed and the diet-violation modifier lowers that meal's Diet Satisfaction/Mood result.
xuiRebirthSurvivorDietTimingConsequence,"Diet/Mood credit occurs on the first real nutrient-absorption event, not when the Eat action is clicked."
xuiRebirthSurvivorDietOwnershipConsequence,"Diet does not own stomach transport, physical Nutrition, hydration, or direct Energy gain. Any later Energy effect is indirect through the resolved condition/Mood system."
xuiRebirthSurvivorDietShortUnrestricted,All foods fit this diet.
xuiRebirthSurvivorDietShortVegetarian,"Avoids meat, fish, and rendered animal fat."
xuiRebirthSurvivorDietShortCarnivore,Avoids foods containing plant ingredients.
xuiRebirthSurvivorDietShortVegan,Plant-only; avoids all animal-derived ingredients.

xuiRebirthSurvivorTraitBadgeAptitude,APTITUDE
xuiRebirthSurvivorTraitBadgePositive,POSITIVE
xuiRebirthSurvivorTraitBadgeNegative,NEGATIVE
xuiRebirthSurvivorTraitBadgeMixed,MIXED
xuiRebirthSurvivorTraitStateLocked,LOCKED
xuiRebirthSurvivorTraitStateDietConflict,DIET CONFLICT
xuiRebirthSurvivorTraitStateConflict,CONFLICT
xuiRebirthSurvivorDietFoodListStartupError,Diet food data failed startup validation. Check the output log.
xuiRebirthSurvivorTraitCategoryAll,ALL
xuiRebirthSurvivorTraitCategoryPhysical,PHYSICAL
xuiRebirthSurvivorTraitCategoryMental,MENTAL
xuiRebirthSurvivorTraitCategorySocial,SOCIAL
xuiRebirthSurvivorTraitCategoryLifestyle,LIFESTYLE
xuiRebirthSurvivorTraitCategoryAptitudes,APTITUDES
xuiRebirthSurvivorPositiveMixedTraits,POSITIVE / MIXED TRAITS
xuiRebirthSurvivorPositiveMixedTraitsHelp,Spend Trait points on positive Traits; mixed Traits cost 0.
xuiRebirthSurvivorNegativeTraitsWeaknesses,NEGATIVE TRAITS / WEAKNESSES
xuiRebirthSurvivorNegativeTraitsHelp,Take weaknesses to earn Trait points up to the refund cap.
xuiRebirthSurvivorTraitPointsAvailable,AVAILABLE
xuiRebirthSurvivorSelectedTraits,SELECTED TRAITS
xuiRebirthSurvivorResetTraits,RESET TRAITS
xuiRebirthSurvivorNoTraitsSelected,No Traits selected yet.
xuiRebirthSurvivorTraitConflictSelected,Conflicts with a selected Trait.
xuiRebirthSurvivorProfilesIntro,Select a Survivor Profile to inspect or edit it. Create a new profile at any time. You choose a profile only when first entering a Rebirth world.
xuiRebirthSurvivorAvailableProfiles,AVAILABLE PROFILES
xuiRebirthSurvivorSort,SORT
xuiRebirthSurvivorProfilePreview,PROFILE PREVIEW
xuiRebirthSurvivorUseThisProfile,USE THIS PROFILE
xuiRebirthSurvivorNoProfileMatches,No profiles match this search
xuiRebirthSurvivorCreated,Created
xuiRebirthSurvivorStartingBonuses,STARTING BONUSES
xuiRebirthSurvivorStartingWeaknesses,STARTING WEAKNESSES
xuiRebirthSurvivorAboutProfiles,ABOUT SURVIVOR PROFILES
xuiRebirthSurvivorProfileManagerHelp,Survivor Profiles are reusable templates. Editing one affects only future worlds that choose it; existing world characters keep their locked origin snapshot.
xuiRebirthSurvivorSelectDiet,SELECT DIET
xuiRebirthSurvivorDietSelectionHelp,Choose a diet to preview exactly what it allows and restricts.
xuiRebirthDietFilterAll,ALL
xuiRebirthDietFilterFish,FISH
xuiRebirthDietFilterPlant,PLANT
xuiRebirthDietFilterEggHoney,EGGS / HONEY
xuiRebirthDietFilterMeatFat,MEAT / ANIMAL FAT
xuiRebirthSurvivorDietEffects,DIET EFFECTS
xuiRebirthSurvivorDietBenefits,BENEFITS
xuiRebirthSurvivorDietChallenges,CHALLENGES
xuiRebirthSurvivorSkillPoints,Starting skill levels
xuiRebirthBackgroundMetalWorker,Metal Worker
xuiRebirthBackgroundMetalWorkerDesc,"Metal fabrication, welding, forge work, structural metal components, and practical metal repair."
xuiRebirthBackgroundMetalWorkerArtAlt,"Background artwork depicting practical metal fabrication, welding, forge work, and structural metalworking."
xuiRebirthBackgroundTailor,Tailor
xuiRebirthBackgroundTailorDesc,"Clothing, textiles, leather, wearable goods, backpacks, pouches, and soft-equipment construction and repair."
xuiRebirthBackgroundTailorArtAlt,"Background artwork depicting sewing, clothing, leather, backpacks, pouches, and practical soft-goods work."
xuiRebirthSkillTailoring,Tailoring
xuiRebirthSkillSourceTailoring,"Make and repair clothing, textiles, leather goods, backpacks, pouches, and wearable equipment."
xuiRebirthKnowledgeBasicTailoring,Basic Tailoring

xuiRebirthProgressionExplorer,PROGRESSION EXPLORER
xuiRebirthProgressionExplorerDescription,Description
xuiRebirthProgressionExplorerRequirements,Requirements
xuiRebirthProgressionExplorerContext,What you need to know
xuiRebirthProgressionExplorerIncoming,Prerequisites / Sources
xuiRebirthProgressionExplorerOutgoing,Unlocks / Training / Outputs
xuiRebirthProgressionExplorerPrototypeHint,"Select a visible node or use Search to recenter the focused neighborhood. Main Menu, Survivor Creator, and live Character deep links are available."
xuiRebirthProgressionExplorerNoDescription,No additional information is available for this entry.

xuiRebirthProgressionExplorerBack,BACK
xuiRebirthProgressionExplorerForward,FORWARD
xuiRebirthProgressionExplorerCenter,CENTER SELECTED
xuiRebirthProgressionExplorerFit,FIT BRANCH
xuiRebirthProgressionExplorerHome,HOME
xuiRebirthProgressionExplorerReturn,RETURN
xuiRebirthProgressionExplorerBreadcrumbRoot,Progression
xuiRebirthProgressionExplorerBackStatus,Back
xuiRebirthProgressionExplorerForwardStatus,Forward
xuiRebirthProgressionExplorerCentered,Centered on selected entry
xuiRebirthProgressionExplorerFitStatus,Showing focused branch
xuiRebirthProgressionExplorerHomeStatus,Returned to explorer home
xuiRebirthProgressionExplorerFollowed,Followed relationship
xuiRebirthProgressionExplorerSearchResults,Search Results
xuiRebirthProgressionExplorerSearchFollowed,Search result: 
xuiRebirthProgressionExplorerSearchEmpty,No matching progression entries.
xuiRebirthProgressionExplorerMenu,PROGRESSION EXPLORER
xuiRebirthProgressionExplorerReturnMainMenu,Return to Main Menu
xuiRebirthProgressionExplorerMainMenuLaunchReason,Exploring REBIRTH progression from the Main Menu

xuiRebirthProgressionExplorerReturnCreator,Return to Survivor Profile

xuiRebirthProgressionExplorerReturnCharacter,Return to Character
xuiRebirthProgressionExplorerLiveSkillHint,Select a Skill to explore what trains it and which recipes and techniques unlocks additional opportunities.
xuiRebirthProgressionExplorerLiveKnowledgeHint,Select a recipe or technique to explore its requirements and associated skills.

xuiRebirthProgressionRecipeLockedBy,REBIRTH progression requirement:
xuiRebirthProgressionRecipeLaunchReason,Exploring locked recipe:
xuiRebirthProgressionExplorerReturnCrafting,Return to Crafting
xuiRebirthProgressionExplore,Explore Progression
xuiRebirthProgressionExplorerLegend,NODE ICONS: Skill proficiency   Recipes & techniques learned   Action player activity   Recipe craft   Item output   Background origin   Trait modifier   Blueprint plan   Project operation
xuiRebirthProgressionExplorerStateLegend,STATE BADGES: AVAILABLE can be used now   LOCKED requirements unmet   RECOMMENDED usable but guidance helps   UNKNOWN not discovered   INFORMATIONAL context only
xuiRebirthProgressionExplorerNavHint,Select a card to follow it. Back/Forward retrace exploration. ESC always closes the Explorer and returns to the caller.
xuiRebirthProgressionExplorerModeCreator,CREATOR PREVIEW
xuiRebirthProgressionExplorerModeLive,LIVE CHARACTER
xuiRebirthProgressionExplorerModeNeutral,NEUTRAL EXPLORATION
xuiRebirthProgressionExplorerStateLocked,LOCKED
xuiRebirthProgressionExplorerStateAvailable,AVAILABLE
xuiRebirthProgressionExplorerStateRecommended,AVAILABLE / RECOMMENDED
xuiRebirthProgressionExplorerStateUnknown,UNKNOWN
xuiRebirthProgressionExplorerStateInfo,INFORMATIONAL
xuiRebirthProgressionExplorerNoRequirements,No direct progression requirements are exposed for this entry.
xuiRebirthProgressionExplorerTypeSkill,SKILL
xuiRebirthProgressionExplorerTypeKnowledge,RECIPE / TECHNIQUE
xuiRebirthProgressionExplorerTypeAction,ACTION — PLAYER ACTIVITY
xuiRebirthProgressionExplorerTypeRecipe,RECIPE
xuiRebirthProgressionExplorerTypeItem,ITEM
xuiRebirthProgressionExplorerTypeBackground,BACKGROUND
xuiRebirthProgressionExplorerTypeTrait,TRAIT
xuiRebirthProgressionExplorerTypeBlueprint,BLUEPRINT
xuiRebirthProgressionExplorerTypeProject,PROJECT
xuiRebirthProgressionExplorerWeakness,WEAKNESS
xuiRebirthProgressionExplorerStartingSkill,STARTING SKILL
xuiRebirthProgressionExplorerStartingKnowledge,STARTING RECIPES & TECHNIQUES

xuiRebirthProgressionExplorerLoadingType,Progression
xuiRebirthProgressionExplorerLoading,Progression data is loading
xuiRebirthProgressionExplorerLoadingState,Unavailable until Survivor definitions finish loading.
xuiRebirthProgressionExplorerLoadingDesc,The Explorer will use the authoritative Survivor and Capability definitions when they are ready.
xuiRebirthSurvivorBackgroundListSkillPoints,Starting Skills
xuiRebirthSurvivorBackgroundListWeaknessPoints,Weaknesses
xuiRebirthSurvivorBackgroundListBonusTraitPoints,Bonus Trait Points

xuiRebirthProgressionExplorerSkillsHeader,SKILLS
xuiRebirthProgressionExplorerHomeHintHeader,SELECT A SKILL TO EXPLORE
xuiRebirthProgressionExplorerProgressionType,PROGRESSION
xuiRebirthProgressionExplorerSkillsHome,Skills
xuiRebirthProgressionExplorerSkillsHomeDescription,"Skills are independent practical proficiencies. Select a Skill to see the recipes and techniques, Backgrounds and activities connected to it."
xuiRebirthProgressionExplorerSkillsHomeRequirements,No selection is required here. Scroll the Skills list and choose the proficiency you want to explore.
xuiRebirthProgressionExplorerSkillsAvailable,Skills available to explore.
xuiRebirthProgressionExplorerSelectSkill,SELECT TO EXPLORE
xuiRebirthProgressionExplorerSkillProficiency,PROFICIENCY
xuiRebirthProgressionExplorerBreadcrumbFollowed,Opened breadcrumb
xuiRebirthProgressionExplorerSkillDescriptionFallback,A practical proficiency improved through legitimate gameplay. Related recipes and techniques can unlock additional activities that train it.
xuiRebirthProgressionExplorerKnowledgeDescriptionFallback,A learned recipe or technique that can unlock a specific craft or activity.
xuiRebirthProgressionExplorerActionDescriptionFallback,A player activity performed in the world. Actions can require recipes and techniques and can train one or more Skills.
xuiRebirthProgressionExplorerBackgroundDescriptionFallback,"A survivor's pre-apocalypse experience. Backgrounds provide starting Skills, recipes and techniques and other starting biases; they are not permanent classes."
xuiRebirthProgressionExplorerRecipeDescriptionFallback,"A craft or process that may depend on recipes and techniques, Skills, tools or a workstation."
xuiRebirthProgressionExplorerBackgroundsHeader,BACKGROUNDS
xuiRebirthProgressionExplorerBackgroundHomeHint,SELECT A BACKGROUND TO EXPLORE
xuiRebirthProgressionExplorerBackgroundsHome,Backgrounds
xuiRebirthProgressionExplorerBackgroundsHomeDescription,"Backgrounds represent a survivor's pre-apocalypse experience. Choose one to explore the Skills, recipes and techniques and other starting relationships it provides."
xuiRebirthProgressionExplorerBackgroundsHomeRequirements,Choose a Background to explore its starting progression relationships.
xuiRebirthProgressionExplorerBackgroundsAvailable,Backgrounds available to explore.
xuiRebirthProgressionExplorerSelectBackground,SELECT TO EXPLORE
xuiRebirthProgressionExplorerBackgroundOrigin,BACKGROUND
xuiRebirthProgressionExplorerBackgroundBrowserHeader,BACKGROUNDS
xuiRebirthProgressionExplorerBackgroundBrowserHint,STARTING RELATIONSHIPS

xuiRebirthProgressionExplorerSelectedBackground,SELECTED
xuiRebirthProgressionExplorerSearchLabel,Search
xuiRebirthSurvivorSearchProfiles,Search Profiles
xuiRebirthSurvivorProfileSummary,Profile Summary
xuiRebirthSurvivorProfileCardHelp,Each profile stores its final Survivor creation choices and appearance.
xuiRebirthSurvivorChangeView,Change View
xuiRebirthSurvivorSkillsKnowledge,Skills & Knowledge
xuiRebirthSurvivorSelectedTraitsDiet,Selected Traits & Diet
xuiRebirthSurvivorWeaknesses,Weaknesses
xuiRebirthSurvivorMoreSelectionsFormat,+{0} more
xuiRebirthProgressionExplorerRequiresKnowledge,Requires Recipe / Technique
xuiRebirthProgressionExplorerRequiresSkill,Requires Skill
xuiRebirthProgressionExplorerMinimum,Minimum
xuiRebirthProgressionExplorerTrainsSkill,Trains Skill
xuiRebirthProgressionExplorerReturnProfiles,Return to Survivor Profiles
xuiRebirthStarterItemName_medicalBandage,Bandage
xuiRebirthStarterItemName_drinkJarBoiledWater,Boiled Water
xuiRebirthStarterItemName_foodCanSoup,Can of Soup
xuiRebirthStarterItemName_meleeToolTorch,Torch
xuiRebirthStarterItemName_resourceDuctTape,Duct Tape
xuiRebirthStarterItemName_armorAthleticOutfit,Athletic Outfit
xuiRebirthStarterItemName_armorAthleticGloves,Athletic Gloves
xuiRebirthStarterItemName_drinkCanMegaCrush,Mega Crush
xuiRebirthStarterItemName_drugSteroids,Steroids
xuiRebirthStarterItemName_drinkJarPureMineralWater,Pure Mineral Water
xuiRebirthStarterItemName_medicalFirstAidKit,First Aid Kit
xuiRebirthStarterItemName_medicalFirstAidBandage,First Aid Bandage
xuiRebirthStarterItemName_medicalPlasterCast,Plaster Cast
xuiRebirthStarterItemName_drugPainkillers,Painkillers
xuiRebirthStarterItemName_drugAntibiotics,Antibiotics
xuiRebirthStarterItemName_drugVitamins,Vitamins
xuiRebirthStarterItemName_drugHerbalAntibiotics,Herbal Antibiotics
xuiRebirthStarterItemName_toolBeaker,Beaker
xuiRebirthStarterItemName_drinkJarCoffee,Coffee
xuiRebirthStarterItemName_FuriousRamsayFountainPen,Fountain Pen
xuiRebirthStarterItemName_meleeToolSalvageT1Wrench,Wrench
xuiRebirthStarterItemName_ammoGasCan,Gasoline
xuiRebirthStarterItemName_resourceOil,Oil
xuiRebirthStarterItemName_meleeToolWireTool,Wire Tool
xuiRebirthStarterItemName_carBattery,Lead Car Battery
xuiRebirthStarterItemName_meleeToolRepairT1ClawHammer,Claw Hammer
xuiRebirthStarterItemName_meleeToolShovelT1IronShovel,Iron Shovel
xuiRebirthStarterItemName_FuriousRamsayHammerPliers,Hammer and Pliers
xuiRebirthStarterItemName_toolAnvil,Anvil
xuiRebirthStarterItemName_FuriousRamsayScrewdriver,Screwdriver
xuiRebirthStarterItemName_FuriousRamsayPliers,Pliers
xuiRebirthStarterItemName_meleeToolPickT1IronPickaxe,Iron Pickaxe
xuiRebirthStarterItemName_armorMinerHelmet,Miner Helmet
xuiRebirthStarterItemName_armorMinerGloves,Miner Gloves
xuiRebirthStarterItemName_meleeToolAxeT1IronFireaxe,Iron Fireaxe
xuiRebirthStarterItemName_armorLumberjackGloves,Lumberjack Gloves
xuiRebirthStarterItemName_drinkJarRedTea,Red Tea
xuiRebirthStarterItemName_guppyFireExtinguisherItem,Fire Extinguisher
xuiRebirthStarterItemName_meleeWpnKnucklesT1IronKnuckles,Iron Knuckles
xuiRebirthStarterItemName_ItemsWeaponsBaton001_FR,Plasma Baton
xuiRebirthStarterItemName_meleeWpnBladeT1HuntingKnife,Hunting Knife
xuiRebirthStarterItemName_ItemsWeaponsCleaver001_FR,Cleaver
xuiRebirthStarterItemName_toolCookingPot,Cooking Pot
xuiRebirthStarterItemName_toolCookingGrill,Cooking Grill
xuiRebirthStarterItemName_foodSteakAndPotato,Steak and Potato Meal
xuiRebirthStarterItemName_armorRogueHelmet,Rogue Hood
xuiRebirthStarterItemName_armorRogueOutfit,Rogue Outfit
xuiRebirthStarterItemName_armorRogueGloves,Rogue Gloves
xuiRebirthStarterItemName_armorRogueBoots,Rogue Boots
xuiRebirthStarterItemName_resourceSewingKit,Sewing Kit
xuiRebirthStarterItemName_ItemsWeaponsScythe001_FR,The Reaper
xuiRebirthStarterItemName_FuriousRamsaySeedBundle,Farming Seeds
xuiRebirthStarterItemName_FuriousRamsayWaterTank,Water Barrel
xuiRebirthStarterItemName_bucketEmpty,Empty Bucket
xuiRebirthStarterItemName_armorButcherGloves,Butcher Gloves
xuiRebirthStarterItemName_drinkJarBeer,Beer
xuiRebirthStarterItemName_casinoCoin,Duke's Casino Tokens
xuiRebirthStarterItemName_ItemsWeaponsCrowbar001_FR,Crowbar
xuiRebirthStarterItemName_resourceLockPick,Lockpick
xuiRebirthSurvivorStartingItems,Starting Items
xuiRebirthSurvivorNoStartingItems,None
xuiRebirthSurvivorStartingItemsHelp,Equipment and supplies this Experience begins with.
xuiRebirthStarterItemName_ItemsWeaponsJunkBaton001_FR,Blade Baton
xuiRebirthStarterItemName_ItemsWeaponsScythe004_FR,Rusty Sickle
xuiRebirthStarterItemName_generatorbank,Generator Bank
xuiRebirthStarterItemName_smallEngine,Small Engine
xuiRebirthStarterItemName_resourceMechanicalParts,Mechanical Parts
xuiRebirthStarterItemName_gunHandgunT1Pistol,Pistol
xuiRebirthStarterItemName_ammo9mmBulletBall,9mm Ammo
xuiRebirthStarterItemName_gunBowT1WoodenBow,Wooden Bow
xuiRebirthStarterItemName_ammoArrowIron,Iron Arrow (Ammo)
xuiRebirthStarterItemName_drinkJarYuccaJuice,Yucca Juice
xuiRebirthStarterItemName_drinkJarGoldenRodTea,Goldenrod Tea
xuiRebirthStarterItemName_qt_claude,Claude's Treasure Map
xuiRebirthStarterItemName_vehicleBicyclePlaceable,Bicycle
xuiRebirthStarterItemName_meleeToolFlashlight02,Flashlight
ItemsWeaponsJunkBaton001_FR,Blade Baton
ItemsWeaponsScythe004_FR,Rusty Sickle
ItemsWeaponsCleaver001_FR,Cleaver
ItemsWeaponsCrowbar001_FR,Crowbar
FuriousRamsayHammerPliers,Hammer and Pliers
FuriousRamsayPliers,Pliers
FuriousRamsayScrewdriver,Screwdriver
FuriousRamsayFountainPen,Fountain Pen
FuriousRamsaySeedBundle,Farming Seeds
FuriousRamsaySeedBundleDesc,[B58CFF]Open for farming supplies.[-]\nContains [8FD18F]1 Farm Plot Block and 5 different random seeds[-]. One seed of each selected type.
xuiRebirthStarterItemName_foodGrilledMeat,Grilled Meat
xuiRebirthStarterItemName_meleeToolSalvageT2Ratchet,Ratchet
xuiRebirthStarterItemName_resourceRepairKit,Repair Kit
xuiRebirthStarterItemName_modArmorHelmetLight,Helmet Light Mod
FuriousRamsayPropaneTank,Propane Tank
FuriousRamsayPropaneTankDesc,This propane tank could be useful in recipes or as a fuel source
xuiRebirthStarterItemName_FuriousRamsayPropaneTank,Propane Tank
xuiRebirthCreationErrorUnspentCreationPoints,Trait-point balance must be exactly zero before this Survivor can be used.
xuiRebirthSurvivorSelectionTimingHelp,Profile selection happens only on first entry into a Rebirth world before spawning.
xuiRebirthPlayerProgressionLocked,Character Progression is locked for this existing save.
xuiRebirthPlayerProgressionLockedDesc,"Character Progression cannot be changed while continuing an existing game. This save will keep the progression mode selected when it was created. To choose a different progression mode, create a new game."
xuiRebirthSpawnSurvivorRequired,SURVIVOR PROFILE REQUIRED
xuiRebirthSpawnChooseSurvivorHelp,Select an existing Survivor Profile or create a new one before spawning.
xuiRebirthSpawnChooseProfile,CHOOSE SURVIVOR PROFILE
xuiRebirthSurvivorSelectForWorld,SELECT
xuiRebirthSurvivorSelectForWorldStatus,Select this Survivor Profile for this world.

# REBIRTH Skill Knowledge / reusable literature Pass 3
xuiRebirthRecipeKnowledge_medicalFirstAidKit,Recipe: First Aid Kit
rebirthRecipeFirstAidKit,Recipe: First Aid Kit
rebirthRecipeFirstAidKitDesc,Reusable literature. Read to permanently learn the First Aid Kit recipe or procedure for this world character. The item is not consumed and can be shared.
xuiRebirthRecipeKnowledge_drugHerbalAntibiotics,Recipe: Herbal Antibiotics
rebirthRecipeHerbalAntibiotics,Recipe: Herbal Antibiotics
rebirthRecipeHerbalAntibioticsDesc,Reusable literature. Read to permanently learn the Herbal Antibiotics recipe or procedure for this world character. The item is not consumed and can be shared.
xuiRebirthRecipeKnowledge_drugAntibiotics,Recipe: Antibiotics
rebirthRecipeAntibiotics,Recipe: Antibiotics
rebirthRecipeAntibioticsDesc,Reusable literature. Read to permanently learn the Antibiotics recipe or procedure for this world character. The item is not consumed and can be shared.
xuiRebirthRecipeKnowledge_drugSteroids,Recipe: Steroids
rebirthRecipeSteroids,Recipe: Steroids
rebirthRecipeSteroidsDesc,Reusable literature. Read to permanently learn the Steroids recipe or procedure for this world character. The item is not consumed and can be shared.
xuiRebirthRecipeKnowledge_chemistryStation,Recipe: Chemistry Station
rebirthSchematicChemistryStation,Schematic: Chemistry Station
rebirthSchematicChemistryStationDesc,Reusable literature. Read to permanently learn the Chemistry Station recipe or procedure for this world character. The item is not consumed and can be shared.
xuiRebirthRecipeKnowledge_resourceRepairKit,Recipe: Repair Kit
rebirthManualRepairKit,Manual: Repair Kit
rebirthManualRepairKitDesc,Reusable literature. Read to permanently learn the Repair Kit recipe or procedure for this world character. The item is not consumed and can be shared.
xuiRebirthRecipeKnowledge_FuriousRamsayGunRepairKit,Recipe: Gun Repair Kit
rebirthManualGunRepairKit,Manual: Gun Repair Kit
rebirthManualGunRepairKitDesc,Reusable literature. Read to permanently learn the Gun Repair Kit recipe or procedure for this world character. The item is not consumed and can be shared.
xuiRebirthRecipeKnowledge_FuriousRamsayElectricalRepairKit,Recipe: Electrical Repair Kit
rebirthManualElectricalRepairKit,Manual: Electrical Repair Kit
rebirthManualElectricalRepairKitDesc,Reusable literature. Read to permanently learn the Electrical Repair Kit recipe or procedure for this world character. The item is not consumed and can be shared.
xuiRebirthRecipeKnowledge_FuriousRamsayBikeRepairKit,Recipe: Bicycle Repair Kit
rebirthManualBicycleRepairKit,Manual: Bicycle Repair Kit
rebirthManualBicycleRepairKitDesc,Reusable literature. Read to permanently learn the Bicycle Repair Kit recipe or procedure for this world character. The item is not consumed and can be shared.
xuiRebirthRecipeKnowledge_vehicleMinibikePlaceable,Recipe: Minibike
rebirthSchematicMinibike,Schematic: Minibike
rebirthSchematicMinibikeDesc,Reusable literature. Read to permanently learn the Minibike recipe or procedure for this world character. The item is not consumed and can be shared.
xuiRebirthRecipeKnowledge_vehicleMotorcyclePlaceable,Recipe: Motorcycle
rebirthSchematicMotorcycle,Schematic: Motorcycle
rebirthSchematicMotorcycleDesc,Reusable literature. Read to permanently learn the Motorcycle recipe or procedure for this world character. The item is not consumed and can be shared.
xuiRebirthRecipeKnowledge_vehicleTruck4x4Placeable,Recipe: 4x4 Truck
rebirthSchematic4x4,Schematic: 4x4 Truck
rebirthSchematic4x4Desc,Reusable literature. Read to permanently learn the 4x4 Truck recipe or procedure for this world character. The item is not consumed and can be shared.
xuiRebirthRecipeKnowledge_vehicleGyrocopterPlaceable,Recipe: Gyrocopter
rebirthSchematicGyrocopter,Schematic: Gyrocopter
rebirthSchematicGyrocopterDesc,Reusable literature. Read to permanently learn the Gyrocopter recipe or procedure for this world character. The item is not consumed and can be shared.
xuiRebirthRecipeKnowledge_farmPlotBlockVariantHelper,Recipe: Farm Plot
rebirthGuideFarmPlot,Guide: Farm Plot
rebirthGuideFarmPlotDesc,Reusable literature. Read to permanently learn the Farm Plot recipe or procedure for this world character. The item is not consumed and can be shared.
xuiRebirthRecipeKnowledge_foodHoboStew,Recipe: Hobo Stew
rebirthRecipeHoboStew,Recipe: Hobo Stew
"rebirthRecipeHoboStewDesc","Reusable literature. Read to permanently learn the Hobo Stew recipe or procedure for this world character. The item is not consumed and can be shared. Keep this reference after reading: cooking literature can be needed later for food preparation and crafting requirements."
xuiRebirthRecipeKnowledge_foodMeatStew,Recipe: Meat Stew
rebirthRecipeMeatStew,Recipe: Meat Stew
"rebirthRecipeMeatStewDesc","Reusable literature. Read to permanently learn the Meat Stew recipe or procedure for this world character. The item is not consumed and can be shared. Keep this reference after reading: cooking literature can be needed later for food preparation and crafting requirements."
xuiRebirthRecipeKnowledge_foodGumboStew,Recipe: Gumbo Stew
rebirthRecipeGumboStew,Recipe: Gumbo Stew
"rebirthRecipeGumboStewDesc","Reusable literature. Read to permanently learn the Gumbo Stew recipe or procedure for this world character. The item is not consumed and can be shared. Keep this reference after reading: cooking literature can be needed later for food preparation and crafting requirements."
xuiRebirthRecipeKnowledge_foodVegetableStew,Recipe: Vegetable Stew
rebirthRecipeVegetableStew,Recipe: Vegetable Stew
"rebirthRecipeVegetableStewDesc","Reusable literature. Read to permanently learn the Vegetable Stew recipe or procedure for this world character. The item is not consumed and can be shared. Keep this reference after reading: cooking literature can be needed later for food preparation and crafting requirements."
xuiRebirthRecipeKnowledge_foodShamChowder,Recipe: Sham Chowder
rebirthRecipeShamChowder,Recipe: Sham Chowder
"rebirthRecipeShamChowderDesc","Reusable literature. Read to permanently learn the Sham Chowder recipe or procedure for this world character. The item is not consumed and can be shared. Keep this reference after reading: cooking literature can be needed later for food preparation and crafting requirements."
xuiRebirthRecipeKnowledge_FuriousRamsayGeneratorBank,Recipe: Generator Bank
rebirthSchematicGeneratorBank,Schematic: Generator Bank
rebirthSchematicGeneratorBankDesc,Reusable literature. Read to permanently learn the Generator Bank recipe or procedure for this world character. The item is not consumed and can be shared.
xuiRebirthRecipeKnowledge_FuriousRamsayBatteryBank,Recipe: Battery Bank
rebirthSchematicBatteryBank,Schematic: Battery Bank
rebirthSchematicBatteryBankDesc,Reusable literature. Read to permanently learn the Battery Bank recipe or procedure for this world character. The item is not consumed and can be shared.
xuiRebirthRecipeKnowledge_switch,Recipe: Electrical Switch
rebirthSchematicElectricalSwitch,Schematic: Electrical Switch
rebirthSchematicElectricalSwitchDesc,Reusable literature. Read to permanently learn the Electrical Switch recipe or procedure for this world character. The item is not consumed and can be shared.
xuiRebirthRecipeKnowledge_tripwirepost,Recipe: Trip Wire Post
rebirthSchematicTripWirePost,Schematic: Trip Wire Post
rebirthSchematicTripWirePostDesc,Reusable literature. Read to permanently learn the Trip Wire Post recipe or procedure for this world character. The item is not consumed and can be shared.
xuiRebirthRecipeKnowledge_electrictimerrelay,Recipe: Timer Relay
rebirthSchematicTimerRelay,Schematic: Timer Relay
rebirthSchematicTimerRelayDesc,Reusable literature. Read to permanently learn the Timer Relay recipe or procedure for this world character. The item is not consumed and can be shared.
xuiRebirthRecipeKnowledge_electricwirerelay,Recipe: Wire Relay
rebirthSchematicWireRelay,Schematic: Wire Relay
rebirthSchematicWireRelayDesc,Reusable literature. Read to permanently learn the Wire Relay recipe or procedure for this world character. The item is not consumed and can be shared.
xuiRebirthRecipeKnowledge_rebirthFoodMushroomSkillet,Recipe: Mushroom Skillet
rebirthRecipeMushroomSkillet,Recipe: Mushroom Skillet
"rebirthRecipeMushroomSkilletDesc","Reusable literature. Read to permanently learn the Mushroom Skillet recipe or procedure for this world character. The item is not consumed and can be shared. Keep this reference after reading: cooking literature can be needed later for food preparation and crafting requirements."
xuiRebirthRecipeKnowledge_rebirthFoodPumpkinVegetableSoup,Recipe: Pumpkin Vegetable Soup
rebirthRecipePumpkinVegetableSoup,Recipe: Pumpkin Vegetable Soup
"rebirthRecipePumpkinVegetableSoupDesc","Reusable literature. Read to permanently learn the Pumpkin Vegetable Soup recipe or procedure for this world character. The item is not consumed and can be shared. Keep this reference after reading: cooking literature can be needed later for food preparation and crafting requirements."
xuiRebirthRecipeKnowledge_rebirthFoodBlueberryCrumble,Recipe: Blueberry Crumble
rebirthRecipeBlueberryCrumble,Recipe: Blueberry Crumble
"rebirthRecipeBlueberryCrumbleDesc","Reusable literature. Read to permanently learn the Blueberry Crumble recipe or procedure for this world character. The item is not consumed and can be shared. Keep this reference after reading: cooking literature can be needed later for food preparation and crafting requirements."
xuiRebirthRecipeKnowledge_rebirthFoodMushroomPotPie,Recipe: Mushroom Pot Pie
rebirthRecipeMushroomPotPie,Recipe: Mushroom Pot Pie
"rebirthRecipeMushroomPotPieDesc","Reusable literature. Read to permanently learn the Mushroom Pot Pie recipe or procedure for this world character. The item is not consumed and can be shared. Keep this reference after reading: cooking literature can be needed later for food preparation and crafting requirements."
xuiRebirthRecipeKnowledge_electricfencepost,Recipe: Electric Fence Post
rebirthSchematicElectricFencePost,Schematic: Electric Fence Post
rebirthSchematicElectricFencePostDesc,Reusable literature. Read to permanently learn the Electric Fence Post recipe or procedure for this world character. The item is not consumed and can be shared.
rebirthTheorySpearsPrimer,Spear Fundamentals
rebirthTheorySpearsPrimerDesc,"Reusable study material that increases Spear Combat Theory once for this world character. Reading does not consume the item; it can be stored, traded, loaned, or shared."
rebirthTheoryClubsPrimer,Blunt Weapons: Leverage and Impact
rebirthTheoryClubsPrimerDesc,"Reusable study material that increases Blunt Weapon Theory once for this world character. Reading does not consume the item; it can be stored, traded, loaned, or shared."
rebirthTheorySwordsPrimer,Large-Blade Techniques
rebirthTheorySwordsPrimerDesc,"Reusable study material that increases Large-Blade Combat Theory once for this world character. Reading does not consume the item; it can be stored, traded, loaned, or shared."
rebirthTheoryAxesPrimer,Axe Handling and Safety
rebirthTheoryAxesPrimerDesc,"Reusable study material that increases Axe Handling Theory once for this world character. Reading does not consume the item; it can be stored, traded, loaned, or shared."
rebirthTheoryBatonsPrimer,Baton Control Techniques
rebirthTheoryBatonsPrimerDesc,"Reusable study material that increases Baton Technique Theory once for this world character. Reading does not consume the item; it can be stored, traded, loaned, or shared."
rebirthTheoryHammersPrimer,Heavy Hammer Mechanics
rebirthTheoryHammersPrimerDesc,"Reusable study material that increases Heavy Hammer Theory once for this world character. Reading does not consume the item; it can be stored, traded, loaned, or shared."
rebirthTheoryKnivesPrimer,Knife Skills Handbook
rebirthTheoryKnivesPrimerDesc,"Reusable study material that increases Knife Handling Theory once for this world character. Reading does not consume the item; it can be stored, traded, loaned, or shared."
rebirthTheoryScythesPrimer,Scythe Handling and Field Use
rebirthTheoryScythesPrimerDesc,"Reusable study material that increases Scythe Handling Theory once for this world character. Reading does not consume the item; it can be stored, traded, loaned, or shared."
rebirthTheoryKnucklesPrimer,Fist-Weapon Fundamentals
rebirthTheoryKnucklesPrimerDesc,"Reusable study material that increases Fist-Weapon Theory once for this world character. Reading does not consume the item; it can be stored, traded, loaned, or shared."
rebirthTheoryUnarmedPrimer,Unarmed Combat Primer
rebirthTheoryUnarmedPrimerDesc,"Reusable study material that increases Unarmed Combat Theory once for this world character. Reading does not consume the item; it can be stored, traded, loaned, or shared."
rebirthTheoryArcheryPrimer,Archery Fundamentals
rebirthTheoryArcheryPrimerDesc,"Reusable study material that increases Archery Theory once for this world character. Reading does not consume the item; it can be stored, traded, loaned, or shared."
rebirthTheoryPistolsPrimer,Pistol Handling Manual
rebirthTheoryPistolsPrimerDesc,"Reusable study material that increases Pistol Handling Theory once for this world character. Reading does not consume the item; it can be stored, traded, loaned, or shared."
rebirthTheoryRevolversPrimer,Revolver Handling Manual
rebirthTheoryRevolversPrimerDesc,"Reusable study material that increases Revolver Handling Theory once for this world character. Reading does not consume the item; it can be stored, traded, loaned, or shared."
rebirthTheoryHeavyHandgunsPrimer,Heavy Handgun Manual
rebirthTheoryHeavyHandgunsPrimerDesc,"Reusable study material that increases Heavy Handgun Theory once for this world character. Reading does not consume the item; it can be stored, traded, loaned, or shared."
rebirthTheoryShotgunsPrimer,Shotgun Field Guide
rebirthTheoryShotgunsPrimerDesc,"Reusable study material that increases Shotgun Theory once for this world character. Reading does not consume the item; it can be stored, traded, loaned, or shared."
rebirthTheoryAssaultRiflesPrimer,Assault Rifle Field Manual
rebirthTheoryAssaultRiflesPrimerDesc,"Reusable study material that increases Assault Rifle Theory once for this world character. Reading does not consume the item; it can be stored, traded, loaned, or shared."
rebirthTheoryTacticalRiflesPrimer,Tactical Rifle Field Manual
rebirthTheoryTacticalRiflesPrimerDesc,"Reusable study material that increases Tactical Rifle Theory once for this world character. Reading does not consume the item; it can be stored, traded, loaned, or shared."
rebirthTheoryLongRangeRiflesPrimer,Precision Rifle Fundamentals
rebirthTheoryLongRangeRiflesPrimerDesc,"Reusable study material that increases Long-Range Rifle Theory once for this world character. Reading does not consume the item; it can be stored, traded, loaned, or shared."
rebirthTheoryExplosivesPrimer,Explosives Safety Manual
rebirthTheoryExplosivesPrimerDesc,"Reusable study material that increases Explosives Theory once for this world character. Reading does not consume the item; it can be stored, traded, loaned, or shared."
rebirthTheoryDeployableTurretsPrimer,Deployable Turret Operations
rebirthTheoryDeployableTurretsPrimerDesc,"Reusable study material that increases Deployable Turret Theory once for this world character. Reading does not consume the item; it can be stored, traded, loaned, or shared."
rebirthTheoryDroneOperationsPrimer,Drone Operations Handbook
rebirthTheoryDroneOperationsPrimerDesc,"Reusable study material that increases Drone Operations Theory once for this world character. Reading does not consume the item; it can be stored, traded, loaned, or shared."
rebirthTheoryMiningPrimer,Practical Mining Guide
rebirthTheoryMiningPrimerDesc,"Reusable study material that increases Mining Theory once for this world character. Reading does not consume the item; it can be stored, traded, loaned, or shared."
rebirthTheoryLoggingPrimer,Logging and Felling Guide
rebirthTheoryLoggingPrimerDesc,"Reusable study material that increases Logging Theory once for this world character. Reading does not consume the item; it can be stored, traded, loaned, or shared."
rebirthTheorySalvagePrimer,Salvage and Recovery Manual
rebirthTheorySalvagePrimerDesc,"Reusable study material that increases Salvage Theory once for this world character. Reading does not consume the item; it can be stored, traded, loaned, or shared."
rebirthTheoryFarmingPrimer,Practical Farming Guide
rebirthTheoryFarmingPrimerDesc,"Reusable study material that increases Farming Theory once for this world character. Reading does not consume the item; it can be stored, traded, loaned, or shared."
rebirthTheoryAnimalProcessingPrimer,Animal Processing Handbook
rebirthTheoryAnimalProcessingPrimerDesc,"Reusable study material that increases Animal Processing Theory once for this world character. Reading does not consume the item; it can be stored, traded, loaned, or shared."
rebirthTheoryTrackingPrimer,Tracking and Sign Guide
rebirthTheoryTrackingPrimerDesc,"Reusable study material that increases Tracking Theory once for this world character. Reading does not consume the item; it can be stored, traded, loaned, or shared."
rebirthTheoryMechanicsPrimer,Automotive Systems Manual
rebirthTheoryMechanicsPrimerDesc,"Reusable study material that increases Mechanics Theory once for this world character. Reading does not consume the item; it can be stored, traded, loaned, or shared."
rebirthTheoryMedicinePrimer,Field Medicine Primer
rebirthTheoryMedicinePrimerDesc,"Reusable study material that increases Medicine Theory once for this world character. Reading does not consume the item; it can be stored, traded, loaned, or shared."
rebirthTheoryCookingPrimer,Cooking Principles
"rebirthTheoryCookingPrimerDesc","Reusable study material that increases Cooking Theory once for this world character. Reading does not consume the item; it can be stored, traded, loaned, or shared. Keep this reference after reading: cooking literature can be needed later for food preparation and crafting requirements."
rebirthTheoryMaintenancePrimer,Equipment Maintenance Manual
rebirthTheoryMaintenancePrimerDesc,"Reusable study material that increases Maintenance Theory once for this world character. Reading does not consume the item; it can be stored, traded, loaned, or shared."
rebirthTheoryConstructionPrimer,Construction Fundamentals
rebirthTheoryConstructionPrimerDesc,"Reusable study material that increases Construction Theory once for this world character. Reading does not consume the item; it can be stored, traded, loaned, or shared."
rebirthTheoryElectricalPrimer,Electrical Fundamentals
rebirthTheoryElectricalPrimerDesc,"Reusable study material that increases Electrical Theory once for this world character. Reading does not consume the item; it can be stored, traded, loaned, or shared."
rebirthTheoryMetalworkingPrimer,Metalworking Fundamentals
rebirthTheoryMetalworkingPrimerDesc,"Reusable study material that increases Metalworking Theory once for this world character. Reading does not consume the item; it can be stored, traded, loaned, or shared."
rebirthTheoryGunsmithingPrimer,Firearm Service Manual
rebirthTheoryGunsmithingPrimerDesc,"Reusable study material that increases Gunsmithing Theory once for this world character. Reading does not consume the item; it can be stored, traded, loaned, or shared."
rebirthTheoryChemistryPrimer,Applied Chemistry Primer
rebirthTheoryChemistryPrimerDesc,"Reusable study material that increases Chemistry Theory once for this world character. Reading does not consume the item; it can be stored, traded, loaned, or shared."
rebirthTheoryLockpickingPrimer,Practical Lock Mechanisms
rebirthTheoryLockpickingPrimerDesc,"Reusable study material that increases Lockpicking Theory once for this world character. Reading does not consume the item; it can be stored, traded, loaned, or shared."
rebirthTheoryStealthPrimer,Stealth and Concealment
rebirthTheoryStealthPrimerDesc,"Reusable study material that increases Stealth Theory once for this world character. Reading does not consume the item; it can be stored, traded, loaned, or shared."
rebirthTheoryAthleticsPrimer,Physical Conditioning Guide
rebirthTheoryAthleticsPrimerDesc,"Reusable study material that increases Athletics Theory once for this world character. Reading does not consume the item; it can be stored, traded, loaned, or shared."
rebirthTheoryArmorProficiencyPrimer,Armor Fit and Movement
rebirthTheoryArmorProficiencyPrimerDesc,"Reusable study material that increases Armor Use Theory once for this world character. Reading does not consume the item; it can be stored, traded, loaned, or shared."
rebirthTheoryBarteringPrimer,Trading and Negotiation
rebirthTheoryBarteringPrimerDesc,"Reusable study material that increases Bartering Theory once for this world character. Reading does not consume the item; it can be stored, traded, loaned, or shared."
rebirthTheoryTailoringPrimer,Tailoring Fundamentals
rebirthTheoryTailoringPrimerDesc,"Reusable study material that increases Tailoring Theory once for this world character. Reading does not consume the item; it can be stored, traded, loaned, or shared."
rebirthSchematicWoodBurningStove,Wood-Burning Stove Schematic
rebirthSchematicWoodBurningStoveDesc,"Reusable schematic that teaches the Wood-Burning Stove recipe. Reading does not consume the item; it can be stored, traded, loaned, or shared."
rebirthSchematicHeatDetectionModule,Heat Detection Module Schematic
rebirthSchematicHeatDetectionModuleDesc,"Reusable schematic that teaches fabrication of the Heat Detection headgear module. Reading does not consume the item; it can be stored, traded, loaned, or shared."
xuiRebirthRecipeKnowledge_cntWoodBurningStove,Recipe: Wood-Burning Stove
xuiRebirthRecipeKnowledge_ModHeatMapDetection,Recipe: Heat Detection Module
xuiRebirthKnowledgeTailoringBasicRepair,Basic Garment Repair
xuiRebirthKnowledgeTailoringLeatherRepair,Leather Repair & Patchwork
xuiRebirthKnowledgeTailoringPrimitiveArmorPattern,Primitive Armor Sewing Pattern
xuiRebirthKnowledgeTailoringRogueArmorPattern,Rogue Armor Sewing Pattern
rebirthManualGarmentRepair,Garment Repair Manual
rebirthManualGarmentRepairDesc,"Reusable manual teaching Basic Garment Repair. Once learned, Tailoring becomes the specialist Skill for wearable repairs. Reading does not consume the manual; it can be stored, traded, loaned, or shared."
rebirthManualLeatherRepair,Leather Repair & Patchwork Manual
rebirthManualLeatherRepairDesc,"Reusable manual teaching leather repair and patchwork procedures. Reading does not consume the manual; it can be stored, traded, loaned, or shared."
rebirthPatternPrimitiveArmor,Primitive Armor Sewing Pattern
rebirthPatternPrimitiveArmorDesc,Legacy sewing pattern retained for existing saves. Primitive armor is now universally craftable in Rebirth; reading this reusable item only records the legacy pattern Knowledge entry.
rebirthPatternRogueArmor,Rogue Armor Sewing Pattern
rebirthPatternRogueArmorDesc,"Reusable sewing pattern teaching all four Rogue armor recipes: helmet, outfit, gloves, and boots. Reading does not consume the pattern; it can be stored, traded, loaned, or shared."
xuiRebirthKnowledgeConstructionFraming,Framing & Structural Layout
xuiRebirthKnowledgeConstructionMasonry,Masonry & Concrete Work
xuiRebirthKnowledgeConstructionReinforcement,Structural Reinforcement
xuiRebirthKnowledgeElectricalGeneratorService,Generator Inspection & Service
xuiRebirthKnowledgeElectricalBatteryService,Battery Bank Inspection & Service
xuiRebirthKnowledgeElectricalControlDevices,Control Devices & Sensors
xuiRebirthRecipeKnowledge_rebirthElectricalFuse,Recipe: Electrical Fuse
xuiRebirthRecipeKnowledge_rebirthElectricalTerminalBlock,Recipe: Terminal Block
xuiRebirthRecipeKnowledge_rebirthElectricalWiringHarness,Recipe: Wiring Harness
xuiRebirthRecipeKnowledge_rebirthStructuralBracketSet,Recipe: Structural Bracket Set
rebirthElectricalFuse,Electrical Fuse
rebirthElectricalTerminalBlock,Terminal Block
rebirthElectricalWiringHarness,Wiring Harness
rebirthStructuralBracketSet,Structural Bracket Set
rebirthManualConstructionFraming,Framing & Structural Layout Manual
rebirthManualConstructionMasonry,Masonry & Concrete Work Manual
rebirthManualConstructionReinforcement,Structural Reinforcement Manual
rebirthManualGeneratorService,Generator Inspection & Service Manual
rebirthManualBatteryService,Battery Bank Inspection & Service Manual
rebirthManualControlDevices,Control Devices & Sensors Manual
rebirthSchematicElectricalFuse,Electrical Fuse Schematic
rebirthSchematicTerminalBlock,Terminal Block Schematic
rebirthSchematicWiringHarness,Wiring Harness Schematic
rebirthSchematicStructuralBracketSet,Structural Bracket Set Blueprint
rebirthElectricalServiceTool,Electrical Service Tool
rebirthElectricalServiceToolDesc,"Use on a player-placed powered device to perform the electrical service procedure you know. Service consumes the required Fuse, Terminal Block, or Wiring Harness from local or enabled Remote Resources and records persistent condition and workmanship."
xuiRebirthKnowledgeCookingFoodSafety,Food Safety & Sanitation
xuiRebirthKnowledgeCookingPreservation,"Drying, Curing & Preservation"
xuiRebirthKnowledgeCookingBaking,Baking Techniques
xuiRebirthKnowledgeAnimalFieldDressing,Field Dressing
xuiRebirthKnowledgeAnimalHidePrep,Hide Preparation
xuiRebirthKnowledgeCookingBasicsBook,Campfire Cooking Basics
xuiRebirthKnowledgeCookingBakingBook,Baking & Pastry Recipes
xuiRebirthKnowledgeCookingMealsBook,Prepared Meals Cookbook
xuiRebirthKnowledgeCookingPreservationBook,Preserving Food
xuiRebirthKnowledgeCookingBeveragesBook,Prepared Beverages
xuiRebirthRecipeKnowledge_rebirthFoodDriedMeat,Recipe: Dried Meat
rebirthFoodDriedMeat,Dried Meat
rebirthFoodDriedMeatDesc,Preserved meat with little water content. This is a game abstraction of food preservation rather than a real-world preservation procedure.
rebirthManualFoodSafety,Food Safety & Sanitation Manual
rebirthManualFoodPreservation,"Drying, Curing & Preservation Manual"
rebirthManualBakingTechniques,Baking Techniques Manual
rebirthManualFieldDressing,Field Dressing Manual
rebirthManualHidePreparation,Hide Preparation Manual
rebirthCookbookCampfireBasics,Campfire Cooking Basics
rebirthCookbookBaking,Baking & Pastry Recipes
rebirthCookbookPreparedMeals,Prepared Meals Cookbook
rebirthCookbookPreservation,Preserving Food
rebirthGuidePreparedBeverages,Prepared Beverages Guide
xuiRebirthKnowledgeMedicineFieldTriage,Field Triage
xuiRebirthKnowledgeMedicineFractureCare,Fracture Care
xuiRebirthKnowledgeMedicineInfectionCare,Infection Recognition & Care
xuiRebirthKnowledgeMedicineSterileDressing,Sterile Dressing
xuiRebirthKnowledgeChemistryReagentHandling,Reagent Handling & Measurement
xuiRebirthRecipeKnowledge_medicalFirstAidBandage,Recipe: First Aid Bandage
xuiRebirthRecipeKnowledge_medicalPlasterCast,Recipe: Plaster Cast
xuiRebirthRecipeKnowledge_drugFortBites,Formula: Fort Bites
xuiRebirthRecipeKnowledge_drugRecog,Formula: Recog
xuiRebirthRecipeKnowledge_resourceOil,Formula: Oil
xuiRebirthRecipeKnowledge_rebirthAntisepticSolution,Formula: Antiseptic Solution
xuiRebirthRecipeKnowledge_rebirthIndustrialAdhesive,Formula: Industrial Adhesive
rebirthAntisepticSolution,Antiseptic Solution
rebirthIndustrialAdhesive,Industrial Adhesive
rebirthManualFieldTriage,Field Triage Manual
rebirthManualFractureCare,Fracture Care Manual
rebirthManualInfectionCare,Infection Recognition & Care Manual
rebirthManualSterileDressing,Sterile Dressing Manual
rebirthManualReagentHandling,Reagent Handling & Measurement Manual
rebirthRecipeFirstAidBandage,First Aid Bandage Instructions
rebirthRecipePlasterCast,Plaster Cast Instructions
rebirthFormulaFortBites,Fort Bites Formula
rebirthFormulaRecog,Recog Formula
rebirthFormulaOil,Oil Processing Formula
rebirthFormulaAntisepticSolution,Antiseptic Solution Formula
rebirthFormulaIndustrialAdhesive,Industrial Adhesive Formula
xuiRebirthKnowledgeMaintenancePreventive,Preventive Equipment Maintenance
xuiRebirthKnowledgeMaintenanceSharpening,Sharpening & Edge Service
xuiRebirthKnowledgeGunsmithingFieldService,Firearm Cleaning & Field Service
xuiRebirthKnowledgeMetalworkingHeatTreatment,Heat Treatment & Edge Hardening
xuiRebirthKnowledgeGunsmithingSpecialtyAmmo,Specialty Ammunition
xuiRebirthKnowledgeGunsmithingServiceMods,Firearm Service & Handling Modifications
xuiRebirthRecipeKnowledge_toolForgeCrucible,Schematic: Forge Crucible
xuiRebirthRecipeKnowledge_rebirthFirearmCleaningKit,Recipe: Firearm Cleaning Kit
xuiRebirthRecipeKnowledge_rebirthRivetFastenerSet,Recipe: Rivet & Fastener Set
xuiRebirthRecipeKnowledge_rebirthSheetMetalBrackets,Recipe: Sheet Metal Brackets
rebirthFirearmCleaningKit,Firearm Cleaning Kit
rebirthRivetFastenerSet,Rivet & Fastener Set
rebirthSheetMetalBrackets,Sheet Metal Brackets
rebirthManualPreventiveMaintenance,Preventive Equipment Maintenance Manual
rebirthManualSharpeningEdgeService,Sharpening & Edge Service Manual
rebirthManualFirearmFieldService,Firearm Cleaning & Field Service Manual
rebirthManualHeatTreatment,Heat Treatment & Edge Hardening Manual
rebirthManualSpecialtyAmmo,Specialty Ammunition Manual
rebirthManualFirearmServiceMods,Firearm Service & Handling Modifications Manual
rebirthSchematicForgeCrucible,Forge Crucible Schematic
rebirthSchematicFirearmCleaningKit,Firearm Cleaning Kit Instructions
rebirthSchematicRivetFastenerSet,Rivet & Fastener Set Drawing
rebirthSchematicSheetMetalBrackets,Sheet Metal Brackets Drawing
xuiRebirthKnowledgeTailoringReinforcedStraps,Recipe: Reinforced Straps
xuiRebirthKnowledgeTailoringPaddedLining,Recipe: Padded Lining
xuiRebirthKnowledgeTailoringWeatherproofing,Garment Weatherproofing
xuiRebirthKnowledgeTailoringBackpackExpansion,Backpack Fitting & Expansion
xuiRebirthKnowledgeConstructionPoweredDoors,Powered Door Installation
xuiRebirthKnowledgeMechanicsTireService,Tire Repair & Wheel Service
xuiRebirthKnowledgeMechanicsRoadsideDiagnostics,Roadside Diagnostics
xuiRebirthKnowledgeMechanicsServiceParts,Recipe: Vehicle Service Parts Kit
xuiRebirthRecipeKnowledge_vehicleWheels,Schematic: Vehicle Wheels
xuiRebirthKnowledgeMechanicsVehicleMods,Vehicle Modification Schematics
xuiRebirthKnowledgeFarmingSeedSaving,Seed Saving & Propagation
xuiRebirthKnowledgeFarmingProtectedGrowing,Protected Growing
xuiRebirthKnowledgeAnimalRenderedTallow,Recipe: Rendered Tallow
xuiRebirthKnowledgeCookingPickledVegetables,Recipe: Pickled Vegetables
xuiRebirthKnowledgeMedicineSterileDressingRecipe,Recipe: Sterile Dressing
xuiRebirthKnowledgeTurretCalibration,Turret Calibration
xuiRebirthKnowledgeTurretFeedService,Turret Feed & Jam Service
xuiRebirthKnowledgeTurretDeviceSchematics,Automated Turret Schematics
xuiRebirthKnowledgeDroneFieldService,Drone Field Service
xuiRebirthKnowledgeDronePlatformSchematics,Drone Platform Schematics
xuiRebirthKnowledgeTrackingSpoor,Spoor Identification
xuiRebirthKnowledgeTrackingHabitat,Habitat & Movement Patterns
xuiRebirthRecipeKnowledge_resourceLockPick,Schematic: Lockpick
xuiRebirthKnowledgeArmorFitting,Armor Fitting & Adjustment
xuiRebirthKnowledgeBarteringAppraisal,Practical Appraisal
rebirthReinforcedStraps,Reinforced Straps
rebirthPaddedLining,Padded Lining
rebirthVehicleServicePartsKit,Vehicle Service Parts Kit
rebirthRenderedTallow,Rendered Tallow
rebirthFoodPickledVegetables,Pickled Vegetables
rebirthMedicalSterileDressing,Sterile Dressing
rebirthSchematicReinforcedStraps,Schematic: Reinforced Straps
rebirthSchematicPaddedLining,Padded Lining Pattern
rebirthManualTailoringWeatherproofing,Garment Weatherproofing Manual
rebirthManualBackpackExpansion,Backpack Fitting & Expansion Manual
rebirthManualPoweredDoorInstallation,Powered Door Installation Manual
rebirthManualTireService,Tire Repair & Wheel Service Manual
rebirthManualRoadsideDiagnostics,Roadside Diagnostics Manual
rebirthSchematicVehicleServiceParts,Vehicle Service Parts Kit Instructions
rebirthSchematicVehicleWheels,Vehicle Wheels Schematic
rebirthManualVehicleModifications,Vehicle Modification Schematics
rebirthGuideSeedSaving,Seed Saving & Propagation Guide
rebirthGuideProtectedGrowing,Protected Growing Guide
rebirthRecipeRenderedTallow,Rendered Tallow Recipe
rebirthRecipePickledVegetables,Pickled Vegetables Recipe
rebirthRecipeSterileDressing,Sterile Dressing Instructions
rebirthManualTurretCalibration,Turret Calibration Manual
rebirthManualTurretFeedService,Turret Feed & Jam Service Manual
rebirthManualTurretDeviceSchematics,Automated Turret Schematics
rebirthManualDroneFieldService,Drone Field Service Manual
rebirthManualDronePlatformSchematics,Drone Platform Schematics
rebirthGuideSpoorIdentification,Spoor Identification Guide
rebirthGuideHabitatPatterns,Habitat & Movement Patterns Guide
rebirthSchematicLockpick,Lockpick Schematic
rebirthManualArmorFitting,Armor Fitting & Adjustment Manual
rebirthGuidePracticalAppraisal,Practical Appraisal Guide
rebirthFieldNotesSpears,Spears Field Notes
rebirthFieldNotesClubs,Clubs Field Notes
rebirthFieldNotesSwords,Swords Field Notes
rebirthFieldNotesAxes,Axes Field Notes
rebirthFieldNotesBatons,Batons Field Notes
rebirthFieldNotesHammers,Hammers Field Notes
rebirthFieldNotesKnives,Knives Field Notes
rebirthFieldNotesScythes,Scythes Field Notes
rebirthFieldNotesKnuckles,Knuckles Field Notes
rebirthFieldNotesUnarmed,Unarmed Field Notes
rebirthFieldNotesArchery,Archery Field Notes
rebirthFieldNotesPistols,Pistols Field Notes
rebirthFieldNotesRevolvers,Revolvers Field Notes
rebirthFieldNotesHeavyHandguns,Heavy Handguns Field Notes
rebirthFieldNotesShotguns,Shotguns Field Notes
rebirthFieldNotesAssaultRifles,Assault Rifles Field Notes
rebirthFieldNotesTacticalRifles,Tactical Rifles Field Notes
rebirthFieldNotesLongRangeRifles,Long-Range Rifles Field Notes
rebirthFieldNotesExplosives,Explosives Field Notes
rebirthFieldNotesDeployableTurrets,Deployable Turrets Field Notes
rebirthFieldNotesDroneOperations,Drone Operations Field Notes
rebirthFieldNotesMining,Mining Field Notes
rebirthFieldNotesLogging,Logging Field Notes
rebirthFieldNotesSalvage,Salvage Field Notes
rebirthFieldNotesFarming,Farming Field Notes
rebirthFieldNotesAnimalProcessing,Animal Processing Field Notes
rebirthFieldNotesTracking,Tracking Field Notes
rebirthFieldNotesMechanics,Mechanics Field Notes
rebirthFieldNotesMedicine,Medicine Field Notes
rebirthFieldNotesCooking,Cooking Field Notes
rebirthFieldNotesMaintenance,Maintenance Field Notes
rebirthFieldNotesConstruction,Construction Field Notes
rebirthFieldNotesElectrical,Electrical Field Notes
rebirthFieldNotesMetalworking,Metalworking Field Notes
rebirthFieldNotesGunsmithing,Gunsmithing Field Notes
rebirthFieldNotesChemistry,Chemistry Field Notes
rebirthFieldNotesLockpicking,Lockpicking Field Notes
rebirthFieldNotesStealth,Stealth Field Notes
rebirthFieldNotesAthletics,Athletics Field Notes
rebirthFieldNotesArmorProficiency,Armor Proficiency Field Notes
rebirthFieldNotesBartering,Bartering Field Notes
rebirthFieldNotesTailoring,Tailoring Field Notes
xuiRebirthProgressionExplorerStateLearned,LEARNED
xuiRebirthProgressionExplorerStateNotLearned,NOT LEARNED
xuiRebirthProgressionExplorerPracticalSkill,Practical Skill
xuiRebirthProgressionExplorerSkillKnowledge,Theory
xuiRebirthProgressionExplorerSkillLayerLabels,SKILL  •  THEORY
xuiRebirthProgressionExplorerSkillLayersNeutral,"Practice improves how well you perform a skill. Study, instruction and Insights improve your Theory."
xuiRebirthProgressionExplorerKnowledgeLearnedDetail,You already know this recipe.
xuiRebirthProgressionExplorerKnowledgeMissingDetail,You have not learned this recipe yet.
xuiRebirthProgressionExplorerStudySources,Study sources: 
xuiRebirthProgressionExplorerAcquisitionSources,Learn it by reading: 
xuiRebirthProgressionExplorerMoreRelationships,Scroll the cards or use Search to see more.
xuiRebirthProgressionExplorerUnavailable,Unavailable
rebirthFoodMushroomSkilletPrepared,Well-Prepared Mushroom Skillet
rebirthFoodMushroomSkilletPreparedDesc,A carefully prepared version of Mushroom Skillet. Same nutrition and diet composition; improved food-quality Mood.
rebirthFoodPumpkinVegetableSoupPrepared,Well-Prepared Pumpkin Vegetable Soup
rebirthFoodPumpkinVegetableSoupPreparedDesc,A carefully prepared version of Pumpkin Vegetable Soup. Same nutrition and diet composition; improved food-quality Mood.
rebirthFoodBlueberryCrumblePrepared,Well-Prepared Blueberry Crumble
rebirthFoodBlueberryCrumblePreparedDesc,A carefully prepared version of Blueberry Crumble. Same nutrition and diet composition; improved food-quality Mood.
rebirthFoodMushroomPotPiePrepared,Well-Prepared Mushroom Pot Pie
rebirthFoodMushroomPotPiePreparedDesc,"A carefully prepared version of Mushroom Pot Pie. Same nutrition and diet composition; improved food-quality Mood."
rebirthGreenhouseHeatStove,Greenhouse Heat Stove
rebirthGreenhouseHeatStoveDesc,"A fuel-burning stove adapted for protected growing. When burning inside a thermally enclosed Advanced Farming structure, it provides a moderate crop-temperature bonus."
xuiRebirthLiteratureStudyTime,Literature Study Time
xuiRebirthLiteratureStudyTimeDesc,Multiplies the time required to study physical literature. Reading remains intentionally short; this setting changes the time cost without changing Knowledge gained.
FuriousRamsayWalkman,Walkman
FuriousRamsayWalkmanDesc,[B58CFF]Cassette-player component.[-]\nCombine with Headphones to craft Walkman and Headphones. Equip the combined item in Character > Walkman.
FuriousRamsayHeadphones,Headphones
FuriousRamsayHeadphonesDesc,[B58CFF]Cassette-player component.[-]\nCombine with a Walkman to craft Walkman and Headphones. Equip the combined item in Character > Walkman.
rebirthAudioSpearsPrimerCassette,Audiobook Cassette: Spear Fundamentals
rebirthAudioSpearsPrimerCassetteDesc,Audio edition of Spear Fundamentals. [B58CFF]Use with Walkman and Headphones equipped.[-] Shares study progress with the physical title.
rebirthAudioClubsPrimerCassette,Audiobook Cassette: Blunt Weapons: Leverage and Impact
rebirthAudioClubsPrimerCassetteDesc,Audio edition of Blunt Weapons: Leverage and Impact. [B58CFF]Use with Walkman and Headphones equipped.[-] Shares study progress with the physical title.
rebirthAudioSwordsPrimerCassette,Audiobook Cassette: Large-Blade Techniques
rebirthAudioSwordsPrimerCassetteDesc,Audio edition of Large-Blade Techniques. [B58CFF]Use with Walkman and Headphones equipped.[-] Shares study progress with the physical title.
rebirthAudioAxesPrimerCassette,Audiobook Cassette: Axe Handling and Safety
rebirthAudioAxesPrimerCassetteDesc,Audio edition of Axe Handling and Safety. [B58CFF]Use with Walkman and Headphones equipped.[-] Shares study progress with the physical title.
rebirthAudioBatonsPrimerCassette,Audiobook Cassette: Baton Control Techniques
rebirthAudioBatonsPrimerCassetteDesc,Audio edition of Baton Control Techniques. [B58CFF]Use with Walkman and Headphones equipped.[-] Shares study progress with the physical title.
rebirthAudioHammersPrimerCassette,Audiobook Cassette: Heavy Hammer Mechanics
rebirthAudioHammersPrimerCassetteDesc,Audio edition of Heavy Hammer Mechanics. [B58CFF]Use with Walkman and Headphones equipped.[-] Shares study progress with the physical title.
rebirthAudioKnivesPrimerCassette,Audiobook Cassette: Knife Skills Handbook
rebirthAudioKnivesPrimerCassetteDesc,Audio edition of Knife Skills Handbook. [B58CFF]Use with Walkman and Headphones equipped.[-] Shares study progress with the physical title.
rebirthAudioScythesPrimerCassette,Audiobook Cassette: Scythe Handling and Field Use
rebirthAudioScythesPrimerCassetteDesc,Audio edition of Scythe Handling and Field Use. [B58CFF]Use with Walkman and Headphones equipped.[-] Shares study progress with the physical title.
rebirthAudioKnucklesPrimerCassette,Audiobook Cassette: Fist-Weapon Fundamentals
rebirthAudioKnucklesPrimerCassetteDesc,Audio edition of Fist-Weapon Fundamentals. [B58CFF]Use with Walkman and Headphones equipped.[-] Shares study progress with the physical title.
rebirthAudioUnarmedPrimerCassette,Audiobook Cassette: Unarmed Combat Primer
rebirthAudioUnarmedPrimerCassetteDesc,Audio edition of Unarmed Combat Primer. [B58CFF]Use with Walkman and Headphones equipped.[-] Shares study progress with the physical title.
rebirthAudioArcheryPrimerCassette,Audiobook Cassette: Archery Fundamentals
rebirthAudioArcheryPrimerCassetteDesc,Audio edition of Archery Fundamentals. [B58CFF]Use with Walkman and Headphones equipped.[-] Shares study progress with the physical title.
rebirthAudioPistolsPrimerCassette,Audiobook Cassette: Pistol Handling Manual
rebirthAudioPistolsPrimerCassetteDesc,Audio edition of Pistol Handling Manual. [B58CFF]Use with Walkman and Headphones equipped.[-] Shares study progress with the physical title.
rebirthAudioRevolversPrimerCassette,Audiobook Cassette: Revolver Handling Manual
rebirthAudioRevolversPrimerCassetteDesc,Audio edition of Revolver Handling Manual. [B58CFF]Use with Walkman and Headphones equipped.[-] Shares study progress with the physical title.
rebirthAudioHeavyHandgunsPrimerCassette,Audiobook Cassette: Heavy Handgun Manual
rebirthAudioHeavyHandgunsPrimerCassetteDesc,Audio edition of Heavy Handgun Manual. [B58CFF]Use with Walkman and Headphones equipped.[-] Shares study progress with the physical title.
rebirthAudioShotgunsPrimerCassette,Audiobook Cassette: Shotgun Field Guide
rebirthAudioShotgunsPrimerCassetteDesc,Audio edition of Shotgun Field Guide. [B58CFF]Use with Walkman and Headphones equipped.[-] Shares study progress with the physical title.
rebirthAudioAssaultRiflesPrimerCassette,Audiobook Cassette: Assault Rifle Field Manual
rebirthAudioAssaultRiflesPrimerCassetteDesc,Audio edition of Assault Rifle Field Manual. [B58CFF]Use with Walkman and Headphones equipped.[-] Shares study progress with the physical title.
rebirthAudioTacticalRiflesPrimerCassette,Audiobook Cassette: Tactical Rifle Field Manual
rebirthAudioTacticalRiflesPrimerCassetteDesc,Audio edition of Tactical Rifle Field Manual. [B58CFF]Use with Walkman and Headphones equipped.[-] Shares study progress with the physical title.
rebirthAudioLongRangeRiflesPrimerCassette,Audiobook Cassette: Precision Rifle Fundamentals
rebirthAudioLongRangeRiflesPrimerCassetteDesc,Audio edition of Precision Rifle Fundamentals. [B58CFF]Use with Walkman and Headphones equipped.[-] Shares study progress with the physical title.
rebirthAudioExplosivesPrimerCassette,Audiobook Cassette: Explosives Safety Manual
rebirthAudioExplosivesPrimerCassetteDesc,Audio edition of Explosives Safety Manual. [B58CFF]Use with Walkman and Headphones equipped.[-] Shares study progress with the physical title.
rebirthAudioDeployableTurretsPrimerCassette,Audiobook Cassette: Deployable Turret Operations
rebirthAudioDeployableTurretsPrimerCassetteDesc,Audio edition of Deployable Turret Operations. [B58CFF]Use with Walkman and Headphones equipped.[-] Shares study progress with the physical title.
rebirthAudioDroneOperationsPrimerCassette,Audiobook Cassette: Drone Operations Handbook
rebirthAudioDroneOperationsPrimerCassetteDesc,Audio edition of Drone Operations Handbook. [B58CFF]Use with Walkman and Headphones equipped.[-] Shares study progress with the physical title.
rebirthAudioMiningPrimerCassette,Audiobook Cassette: Practical Mining Guide
rebirthAudioMiningPrimerCassetteDesc,Audio edition of Practical Mining Guide. [B58CFF]Use with Walkman and Headphones equipped.[-] Shares study progress with the physical title.
rebirthAudioLoggingPrimerCassette,Audiobook Cassette: Logging and Felling Guide
rebirthAudioLoggingPrimerCassetteDesc,Audio edition of Logging and Felling Guide. [B58CFF]Use with Walkman and Headphones equipped.[-] Shares study progress with the physical title.
rebirthAudioSalvagePrimerCassette,Audiobook Cassette: Salvage and Recovery Manual
rebirthAudioSalvagePrimerCassetteDesc,Audio edition of Salvage and Recovery Manual. [B58CFF]Use with Walkman and Headphones equipped.[-] Shares study progress with the physical title.
rebirthAudioFarmingPrimerCassette,Audiobook Cassette: Practical Farming Guide
rebirthAudioFarmingPrimerCassetteDesc,Audio edition of Practical Farming Guide. [B58CFF]Use with Walkman and Headphones equipped.[-] Shares study progress with the physical title.
rebirthAudioAnimalProcessingPrimerCassette,Audiobook Cassette: Animal Processing Handbook
rebirthAudioAnimalProcessingPrimerCassetteDesc,Audio edition of Animal Processing Handbook. [B58CFF]Use with Walkman and Headphones equipped.[-] Shares study progress with the physical title.
rebirthAudioTrackingPrimerCassette,Audiobook Cassette: Tracking and Sign Guide
rebirthAudioTrackingPrimerCassetteDesc,Audio edition of Tracking and Sign Guide. [B58CFF]Use with Walkman and Headphones equipped.[-] Shares study progress with the physical title.
rebirthAudioMechanicsPrimerCassette,Audiobook Cassette: Automotive Systems Manual
rebirthAudioMechanicsPrimerCassetteDesc,Audio edition of Automotive Systems Manual. [B58CFF]Use with Walkman and Headphones equipped.[-] Shares study progress with the physical title.
rebirthAudioMedicinePrimerCassette,Audiobook Cassette: Field Medicine Primer
rebirthAudioMedicinePrimerCassetteDesc,Audio edition of Field Medicine Primer. [B58CFF]Use with Walkman and Headphones equipped.[-] Shares study progress with the physical title.
rebirthAudioCookingPrimerCassette,Audiobook Cassette: Cooking Principles
"rebirthAudioCookingPrimerCassetteDesc","Audio edition of Cooking Principles. [B58CFF]Use with Walkman and Headphones equipped.[-] Shares study progress with the physical title. Keep this cassette for later listening. Keep its physical cooking reference for food preparation and crafting requirements."
rebirthAudioMaintenancePrimerCassette,Audiobook Cassette: Equipment Maintenance Manual
rebirthAudioMaintenancePrimerCassetteDesc,Audio edition of Equipment Maintenance Manual. [B58CFF]Use with Walkman and Headphones equipped.[-] Shares study progress with the physical title.
rebirthAudioConstructionPrimerCassette,Audiobook Cassette: Construction Fundamentals
rebirthAudioConstructionPrimerCassetteDesc,Audio edition of Construction Fundamentals. [B58CFF]Use with Walkman and Headphones equipped.[-] Shares study progress with the physical title.
rebirthAudioElectricalPrimerCassette,Audiobook Cassette: Electrical Fundamentals
rebirthAudioElectricalPrimerCassetteDesc,Audio edition of Electrical Fundamentals. [B58CFF]Use with Walkman and Headphones equipped.[-] Shares study progress with the physical title.
rebirthAudioMetalworkingPrimerCassette,Audiobook Cassette: Metalworking Fundamentals
rebirthAudioMetalworkingPrimerCassetteDesc,Audio edition of Metalworking Fundamentals. [B58CFF]Use with Walkman and Headphones equipped.[-] Shares study progress with the physical title.
rebirthAudioGunsmithingPrimerCassette,Audiobook Cassette: Firearm Service Manual
rebirthAudioGunsmithingPrimerCassetteDesc,Audio edition of Firearm Service Manual. [B58CFF]Use with Walkman and Headphones equipped.[-] Shares study progress with the physical title.
rebirthAudioChemistryPrimerCassette,Audiobook Cassette: Applied Chemistry Primer
rebirthAudioChemistryPrimerCassetteDesc,Audio edition of Applied Chemistry Primer. [B58CFF]Use with Walkman and Headphones equipped.[-] Shares study progress with the physical title.
rebirthAudioLockpickingPrimerCassette,Audiobook Cassette: Practical Lock Mechanisms
rebirthAudioLockpickingPrimerCassetteDesc,Audio edition of Practical Lock Mechanisms. [B58CFF]Use with Walkman and Headphones equipped.[-] Shares study progress with the physical title.
rebirthAudioStealthPrimerCassette,Audiobook Cassette: Stealth and Concealment
rebirthAudioStealthPrimerCassetteDesc,Audio edition of Stealth and Concealment. [B58CFF]Use with Walkman and Headphones equipped.[-] Shares study progress with the physical title.
rebirthAudioAthleticsPrimerCassette,Audiobook Cassette: Physical Conditioning Guide
rebirthAudioAthleticsPrimerCassetteDesc,Audio edition of Physical Conditioning Guide. [B58CFF]Use with Walkman and Headphones equipped.[-] Shares study progress with the physical title.
rebirthAudioArmorProficiencyPrimerCassette,Audiobook Cassette: Armor Fit and Movement
rebirthAudioArmorProficiencyPrimerCassetteDesc,Audio edition of Armor Fit and Movement. [B58CFF]Use with Walkman and Headphones equipped.[-] Shares study progress with the physical title.
rebirthAudioBarteringPrimerCassette,Audiobook Cassette: Trading and Negotiation
rebirthAudioBarteringPrimerCassetteDesc,Audio edition of Trading and Negotiation. [B58CFF]Use with Walkman and Headphones equipped.[-] Shares study progress with the physical title.
rebirthAudioTailoringPrimerCassette,Audiobook Cassette: Tailoring Fundamentals
rebirthAudioTailoringPrimerCassetteDesc,Audio edition of Tailoring Fundamentals. [B58CFF]Use with Walkman and Headphones equipped.[-] Shares study progress with the physical title.
rebirthAudioSpearsFieldNotesCassette,Audiobook Cassette: Spears Field Notes
rebirthAudioSpearsFieldNotesCassetteDesc,Audio edition of Spears Field Notes. [B58CFF]Use with Walkman and Headphones equipped.[-] Shares study progress with the physical title.
rebirthAudioClubsFieldNotesCassette,Audiobook Cassette: Clubs Field Notes
rebirthAudioClubsFieldNotesCassetteDesc,Audio edition of Clubs Field Notes. [B58CFF]Use with Walkman and Headphones equipped.[-] Shares study progress with the physical title.
rebirthAudioSwordsFieldNotesCassette,Audiobook Cassette: Swords Field Notes
rebirthAudioSwordsFieldNotesCassetteDesc,Audio edition of Swords Field Notes. [B58CFF]Use with Walkman and Headphones equipped.[-] Shares study progress with the physical title.
rebirthAudioAxesFieldNotesCassette,Audiobook Cassette: Axes Field Notes
rebirthAudioAxesFieldNotesCassetteDesc,Audio edition of Axes Field Notes. [B58CFF]Use with Walkman and Headphones equipped.[-] Shares study progress with the physical title.
rebirthAudioBatonsFieldNotesCassette,Audiobook Cassette: Batons Field Notes
rebirthAudioBatonsFieldNotesCassetteDesc,Audio edition of Batons Field Notes. [B58CFF]Use with Walkman and Headphones equipped.[-] Shares study progress with the physical title.
rebirthAudioHammersFieldNotesCassette,Audiobook Cassette: Hammers Field Notes
rebirthAudioHammersFieldNotesCassetteDesc,Audio edition of Hammers Field Notes. [B58CFF]Use with Walkman and Headphones equipped.[-] Shares study progress with the physical title.
rebirthAudioKnivesFieldNotesCassette,Audiobook Cassette: Knives Field Notes
rebirthAudioKnivesFieldNotesCassetteDesc,Audio edition of Knives Field Notes. [B58CFF]Use with Walkman and Headphones equipped.[-] Shares study progress with the physical title.
rebirthAudioScythesFieldNotesCassette,Audiobook Cassette: Scythes Field Notes
rebirthAudioScythesFieldNotesCassetteDesc,Audio edition of Scythes Field Notes. [B58CFF]Use with Walkman and Headphones equipped.[-] Shares study progress with the physical title.
rebirthAudioKnucklesFieldNotesCassette,Audiobook Cassette: Knuckles Field Notes
rebirthAudioKnucklesFieldNotesCassetteDesc,Audio edition of Knuckles Field Notes. [B58CFF]Use with Walkman and Headphones equipped.[-] Shares study progress with the physical title.
rebirthAudioUnarmedFieldNotesCassette,Audiobook Cassette: Unarmed Field Notes
rebirthAudioUnarmedFieldNotesCassetteDesc,Audio edition of Unarmed Field Notes. [B58CFF]Use with Walkman and Headphones equipped.[-] Shares study progress with the physical title.
rebirthAudioArcheryFieldNotesCassette,Audiobook Cassette: Archery Field Notes
rebirthAudioArcheryFieldNotesCassetteDesc,Audio edition of Archery Field Notes. [B58CFF]Use with Walkman and Headphones equipped.[-] Shares study progress with the physical title.
rebirthAudioPistolsFieldNotesCassette,Audiobook Cassette: Pistols Field Notes
rebirthAudioPistolsFieldNotesCassetteDesc,Audio edition of Pistols Field Notes. [B58CFF]Use with Walkman and Headphones equipped.[-] Shares study progress with the physical title.
rebirthAudioRevolversFieldNotesCassette,Audiobook Cassette: Revolvers Field Notes
rebirthAudioRevolversFieldNotesCassetteDesc,Audio edition of Revolvers Field Notes. [B58CFF]Use with Walkman and Headphones equipped.[-] Shares study progress with the physical title.
rebirthAudioHeavyHandgunsFieldNotesCassette,Audiobook Cassette: Heavy Handguns Field Notes
rebirthAudioHeavyHandgunsFieldNotesCassetteDesc,Audio edition of Heavy Handguns Field Notes. [B58CFF]Use with Walkman and Headphones equipped.[-] Shares study progress with the physical title.
rebirthAudioShotgunsFieldNotesCassette,Audiobook Cassette: Shotguns Field Notes
rebirthAudioShotgunsFieldNotesCassetteDesc,Audio edition of Shotguns Field Notes. [B58CFF]Use with Walkman and Headphones equipped.[-] Shares study progress with the physical title.
rebirthAudioAssaultRiflesFieldNotesCassette,Audiobook Cassette: Assault Rifles Field Notes
rebirthAudioAssaultRiflesFieldNotesCassetteDesc,Audio edition of Assault Rifles Field Notes. [B58CFF]Use with Walkman and Headphones equipped.[-] Shares study progress with the physical title.
rebirthAudioTacticalRiflesFieldNotesCassette,Audiobook Cassette: Tactical Rifles Field Notes
rebirthAudioTacticalRiflesFieldNotesCassetteDesc,Audio edition of Tactical Rifles Field Notes. [B58CFF]Use with Walkman and Headphones equipped.[-] Shares study progress with the physical title.
rebirthAudioLongRangeRiflesFieldNotesCassette,Audiobook Cassette: Long-Range Rifles Field Notes
rebirthAudioLongRangeRiflesFieldNotesCassetteDesc,Audio edition of Long-Range Rifles Field Notes. [B58CFF]Use with Walkman and Headphones equipped.[-] Shares study progress with the physical title.
rebirthAudioExplosivesFieldNotesCassette,Audiobook Cassette: Explosives Field Notes
rebirthAudioExplosivesFieldNotesCassetteDesc,Audio edition of Explosives Field Notes. [B58CFF]Use with Walkman and Headphones equipped.[-] Shares study progress with the physical title.
rebirthAudioDeployableTurretsFieldNotesCassette,Audiobook Cassette: Deployable Turrets Field Notes
rebirthAudioDeployableTurretsFieldNotesCassetteDesc,Audio edition of Deployable Turrets Field Notes. [B58CFF]Use with Walkman and Headphones equipped.[-] Shares study progress with the physical title.
rebirthAudioDroneOperationsFieldNotesCassette,Audiobook Cassette: Drone Operations Field Notes
rebirthAudioDroneOperationsFieldNotesCassetteDesc,Audio edition of Drone Operations Field Notes. [B58CFF]Use with Walkman and Headphones equipped.[-] Shares study progress with the physical title.
rebirthAudioMiningFieldNotesCassette,Audiobook Cassette: Mining Field Notes
rebirthAudioMiningFieldNotesCassetteDesc,Audio edition of Mining Field Notes. [B58CFF]Use with Walkman and Headphones equipped.[-] Shares study progress with the physical title.
rebirthAudioLoggingFieldNotesCassette,Audiobook Cassette: Logging Field Notes
rebirthAudioLoggingFieldNotesCassetteDesc,Audio edition of Logging Field Notes. [B58CFF]Use with Walkman and Headphones equipped.[-] Shares study progress with the physical title.
rebirthAudioSalvageFieldNotesCassette,Audiobook Cassette: Salvage Field Notes
rebirthAudioSalvageFieldNotesCassetteDesc,Audio edition of Salvage Field Notes. [B58CFF]Use with Walkman and Headphones equipped.[-] Shares study progress with the physical title.
rebirthAudioFarmingFieldNotesCassette,Audiobook Cassette: Farming Field Notes
rebirthAudioFarmingFieldNotesCassetteDesc,Audio edition of Farming Field Notes. [B58CFF]Use with Walkman and Headphones equipped.[-] Shares study progress with the physical title.
rebirthAudioAnimalProcessingFieldNotesCassette,Audiobook Cassette: Animal Processing Field Notes
rebirthAudioAnimalProcessingFieldNotesCassetteDesc,Audio edition of Animal Processing Field Notes. [B58CFF]Use with Walkman and Headphones equipped.[-] Shares study progress with the physical title.
rebirthAudioTrackingFieldNotesCassette,Audiobook Cassette: Tracking Field Notes
rebirthAudioTrackingFieldNotesCassetteDesc,Audio edition of Tracking Field Notes. [B58CFF]Use with Walkman and Headphones equipped.[-] Shares study progress with the physical title.
rebirthAudioMechanicsFieldNotesCassette,Audiobook Cassette: Mechanics Field Notes
rebirthAudioMechanicsFieldNotesCassetteDesc,Audio edition of Mechanics Field Notes. [B58CFF]Use with Walkman and Headphones equipped.[-] Shares study progress with the physical title.
rebirthAudioMedicineFieldNotesCassette,Audiobook Cassette: Medicine Field Notes
rebirthAudioMedicineFieldNotesCassetteDesc,Audio edition of Medicine Field Notes. [B58CFF]Use with Walkman and Headphones equipped.[-] Shares study progress with the physical title.
rebirthAudioCookingFieldNotesCassette,Audiobook Cassette: Cooking Field Notes
"rebirthAudioCookingFieldNotesCassetteDesc","Audio edition of Cooking Field Notes. [B58CFF]Use with Walkman and Headphones equipped.[-] Shares study progress with the physical title. Keep this cassette for later listening. Keep its physical cooking reference for food preparation and crafting requirements."
rebirthAudioMaintenanceFieldNotesCassette,Audiobook Cassette: Maintenance Field Notes
rebirthAudioMaintenanceFieldNotesCassetteDesc,Audio edition of Maintenance Field Notes. [B58CFF]Use with Walkman and Headphones equipped.[-] Shares study progress with the physical title.
rebirthAudioConstructionFieldNotesCassette,Audiobook Cassette: Construction Field Notes
rebirthAudioConstructionFieldNotesCassetteDesc,Audio edition of Construction Field Notes. [B58CFF]Use with Walkman and Headphones equipped.[-] Shares study progress with the physical title.
rebirthAudioElectricalFieldNotesCassette,Audiobook Cassette: Electrical Field Notes
rebirthAudioElectricalFieldNotesCassetteDesc,Audio edition of Electrical Field Notes. [B58CFF]Use with Walkman and Headphones equipped.[-] Shares study progress with the physical title.
rebirthAudioMetalworkingFieldNotesCassette,Audiobook Cassette: Metalworking Field Notes
rebirthAudioMetalworkingFieldNotesCassetteDesc,Audio edition of Metalworking Field Notes. [B58CFF]Use with Walkman and Headphones equipped.[-] Shares study progress with the physical title.
rebirthAudioGunsmithingFieldNotesCassette,Audiobook Cassette: Gunsmithing Field Notes
rebirthAudioGunsmithingFieldNotesCassetteDesc,Audio edition of Gunsmithing Field Notes. [B58CFF]Use with Walkman and Headphones equipped.[-] Shares study progress with the physical title.
rebirthAudioChemistryFieldNotesCassette,Audiobook Cassette: Chemistry Field Notes
rebirthAudioChemistryFieldNotesCassetteDesc,Audio edition of Chemistry Field Notes. [B58CFF]Use with Walkman and Headphones equipped.[-] Shares study progress with the physical title.
rebirthAudioLockpickingFieldNotesCassette,Audiobook Cassette: Lockpicking Field Notes
rebirthAudioLockpickingFieldNotesCassetteDesc,Audio edition of Lockpicking Field Notes. [B58CFF]Use with Walkman and Headphones equipped.[-] Shares study progress with the physical title.
rebirthAudioStealthFieldNotesCassette,Audiobook Cassette: Stealth Field Notes
rebirthAudioStealthFieldNotesCassetteDesc,Audio edition of Stealth Field Notes. [B58CFF]Use with Walkman and Headphones equipped.[-] Shares study progress with the physical title.
rebirthAudioAthleticsFieldNotesCassette,Audiobook Cassette: Athletics Field Notes
rebirthAudioAthleticsFieldNotesCassetteDesc,Audio edition of Athletics Field Notes. [B58CFF]Use with Walkman and Headphones equipped.[-] Shares study progress with the physical title.
rebirthAudioArmorProficiencyFieldNotesCassette,Audiobook Cassette: Armor Proficiency Field Notes
rebirthAudioArmorProficiencyFieldNotesCassetteDesc,Audio edition of Armor Proficiency Field Notes. [B58CFF]Use with Walkman and Headphones equipped.[-] Shares study progress with the physical title.
rebirthAudioBarteringFieldNotesCassette,Audiobook Cassette: Bartering Field Notes
rebirthAudioBarteringFieldNotesCassetteDesc,Audio edition of Bartering Field Notes. [B58CFF]Use with Walkman and Headphones equipped.[-] Shares study progress with the physical title.
rebirthAudioTailoringFieldNotesCassette,Audiobook Cassette: Tailoring Field Notes
rebirthAudioTailoringFieldNotesCassetteDesc,Audio edition of Tailoring Field Notes. [B58CFF]Use with Walkman and Headphones equipped.[-] Shares study progress with the physical title.
rebirthAudioRecipeFirstAidKitCassette,Audiobook Cassette: Recipe: First Aid Kit
rebirthAudioRecipeFirstAidKitCassetteDesc,Audio edition of Recipe: First Aid Kit. [B58CFF]Use with Walkman and Headphones equipped.[-] Shares study progress with the physical title.
rebirthAudioRecipeHerbalAntibioticsCassette,Audiobook Cassette: Recipe: Herbal Antibiotics
rebirthAudioRecipeHerbalAntibioticsCassetteDesc,Audio edition of Recipe: Herbal Antibiotics. [B58CFF]Use with Walkman and Headphones equipped.[-] Shares study progress with the physical title.
rebirthAudioRecipeAntibioticsCassette,Audiobook Cassette: Recipe: Antibiotics
rebirthAudioRecipeAntibioticsCassetteDesc,Audio edition of Recipe: Antibiotics. [B58CFF]Use with Walkman and Headphones equipped.[-] Shares study progress with the physical title.
rebirthAudioRecipeSteroidsCassette,Audiobook Cassette: Recipe: Steroids
rebirthAudioRecipeSteroidsCassetteDesc,Audio edition of Recipe: Steroids. [B58CFF]Use with Walkman and Headphones equipped.[-] Shares study progress with the physical title.
rebirthAudioManualRepairKitCassette,Audiobook Cassette: Manual: Repair Kit
rebirthAudioManualRepairKitCassetteDesc,Audio edition of Manual: Repair Kit. [B58CFF]Use with Walkman and Headphones equipped.[-] Shares study progress with the physical title.
rebirthAudioManualGunRepairKitCassette,Audiobook Cassette: Manual: Gun Repair Kit
rebirthAudioManualGunRepairKitCassetteDesc,Audio edition of Manual: Gun Repair Kit. [B58CFF]Use with Walkman and Headphones equipped.[-] Shares study progress with the physical title.
rebirthAudioManualElectricalRepairKitCassette,Audiobook Cassette: Manual: Electrical Repair Kit
rebirthAudioManualElectricalRepairKitCassetteDesc,Audio edition of Manual: Electrical Repair Kit. [B58CFF]Use with Walkman and Headphones equipped.[-] Shares study progress with the physical title.
rebirthAudioManualBicycleRepairKitCassette,Audiobook Cassette: Manual: Bicycle Repair Kit
rebirthAudioManualBicycleRepairKitCassetteDesc,Audio edition of Manual: Bicycle Repair Kit. [B58CFF]Use with Walkman and Headphones equipped.[-] Shares study progress with the physical title.
rebirthAudioGuideFarmPlotCassette,Audiobook Cassette: Guide: Farm Plot
rebirthAudioGuideFarmPlotCassetteDesc,Audio edition of Guide: Farm Plot. [B58CFF]Use with Walkman and Headphones equipped.[-] Shares study progress with the physical title.
rebirthAudioRecipeHoboStewCassette,Audiobook Cassette: Recipe: Hobo Stew
"rebirthAudioRecipeHoboStewCassetteDesc","Audio edition of Recipe: Hobo Stew. [B58CFF]Use with Walkman and Headphones equipped.[-] Shares study progress with the physical title. Keep this cassette for later listening. Keep its physical cooking reference for food preparation and crafting requirements."
rebirthAudioRecipeMeatStewCassette,Audiobook Cassette: Recipe: Meat Stew
"rebirthAudioRecipeMeatStewCassetteDesc","Audio edition of Recipe: Meat Stew. [B58CFF]Use with Walkman and Headphones equipped.[-] Shares study progress with the physical title. Keep this cassette for later listening. Keep its physical cooking reference for food preparation and crafting requirements."
rebirthAudioRecipeGumboStewCassette,Audiobook Cassette: Recipe: Gumbo Stew
"rebirthAudioRecipeGumboStewCassetteDesc","Audio edition of Recipe: Gumbo Stew. [B58CFF]Use with Walkman and Headphones equipped.[-] Shares study progress with the physical title. Keep this cassette for later listening. Keep its physical cooking reference for food preparation and crafting requirements."
rebirthAudioRecipeVegetableStewCassette,Audiobook Cassette: Recipe: Vegetable Stew
"rebirthAudioRecipeVegetableStewCassetteDesc","Audio edition of Recipe: Vegetable Stew. [B58CFF]Use with Walkman and Headphones equipped.[-] Shares study progress with the physical title. Keep this cassette for later listening. Keep its physical cooking reference for food preparation and crafting requirements."
rebirthAudioRecipeShamChowderCassette,Audiobook Cassette: Recipe: Sham Chowder
"rebirthAudioRecipeShamChowderCassetteDesc","Audio edition of Recipe: Sham Chowder. [B58CFF]Use with Walkman and Headphones equipped.[-] Shares study progress with the physical title. Keep this cassette for later listening. Keep its physical cooking reference for food preparation and crafting requirements."
rebirthAudioRecipeMushroomSkilletCassette,Audiobook Cassette: Recipe: Mushroom Skillet
"rebirthAudioRecipeMushroomSkilletCassetteDesc","Audio edition of Recipe: Mushroom Skillet. [B58CFF]Use with Walkman and Headphones equipped.[-] Shares study progress with the physical title. Keep this cassette for later listening. Keep its physical cooking reference for food preparation and crafting requirements."
rebirthAudioRecipePumpkinVegetableSoupCassette,Audiobook Cassette: Recipe: Pumpkin Vegetable Soup
"rebirthAudioRecipePumpkinVegetableSoupCassetteDesc","Audio edition of Recipe: Pumpkin Vegetable Soup. [B58CFF]Use with Walkman and Headphones equipped.[-] Shares study progress with the physical title. Keep this cassette for later listening. Keep its physical cooking reference for food preparation and crafting requirements."
rebirthAudioRecipeBlueberryCrumbleCassette,Audiobook Cassette: Recipe: Blueberry Crumble
"rebirthAudioRecipeBlueberryCrumbleCassetteDesc","Audio edition of Recipe: Blueberry Crumble. [B58CFF]Use with Walkman and Headphones equipped.[-] Shares study progress with the physical title. Keep this cassette for later listening. Keep its physical cooking reference for food preparation and crafting requirements."
rebirthAudioRecipeMushroomPotPieCassette,Audiobook Cassette: Recipe: Mushroom Pot Pie
"rebirthAudioRecipeMushroomPotPieCassetteDesc","Audio edition of Recipe: Mushroom Pot Pie. [B58CFF]Use with Walkman and Headphones equipped.[-] Shares study progress with the physical title. Keep this cassette for later listening. Keep its physical cooking reference for food preparation and crafting requirements."
rebirthAudioManualGarmentRepairCassette,Audiobook Cassette: Garment Repair Manual
rebirthAudioManualGarmentRepairCassetteDesc,Audio edition of Garment Repair Manual. [B58CFF]Use with Walkman and Headphones equipped.[-] Shares study progress with the physical title.
rebirthAudioManualLeatherRepairCassette,Audiobook Cassette: Leather Repair & Patchwork Manual
rebirthAudioManualLeatherRepairCassetteDesc,Audio edition of Leather Repair & Patchwork Manual. [B58CFF]Use with Walkman and Headphones equipped.[-] Shares study progress with the physical title.
rebirthAudioManualConstructionFramingCassette,Audiobook Cassette: Framing & Structural Layout Manual
rebirthAudioManualConstructionFramingCassetteDesc,Audio edition of Framing & Structural Layout Manual. [B58CFF]Use with Walkman and Headphones equipped.[-] Shares study progress with the physical title.
rebirthAudioManualConstructionMasonryCassette,Audiobook Cassette: Masonry & Concrete Work Manual
rebirthAudioManualConstructionMasonryCassetteDesc,Audio edition of Masonry & Concrete Work Manual. [B58CFF]Use with Walkman and Headphones equipped.[-] Shares study progress with the physical title.
rebirthAudioManualConstructionReinforcementCassette,Audiobook Cassette: Structural Reinforcement Manual
rebirthAudioManualConstructionReinforcementCassetteDesc,Audio edition of Structural Reinforcement Manual. [B58CFF]Use with Walkman and Headphones equipped.[-] Shares study progress with the physical title.
rebirthAudioManualGeneratorServiceCassette,Audiobook Cassette: Generator Inspection & Service Manual
rebirthAudioManualGeneratorServiceCassetteDesc,Audio edition of Generator Inspection & Service Manual. [B58CFF]Use with Walkman and Headphones equipped.[-] Shares study progress with the physical title.
rebirthAudioManualBatteryServiceCassette,Audiobook Cassette: Battery Bank Inspection & Service Manual
rebirthAudioManualBatteryServiceCassetteDesc,Audio edition of Battery Bank Inspection & Service Manual. [B58CFF]Use with Walkman and Headphones equipped.[-] Shares study progress with the physical title.
rebirthAudioManualControlDevicesCassette,Audiobook Cassette: Control Devices & Sensors Manual
rebirthAudioManualControlDevicesCassetteDesc,Audio edition of Control Devices & Sensors Manual. [B58CFF]Use with Walkman and Headphones equipped.[-] Shares study progress with the physical title.
rebirthAudioManualFoodSafetyCassette,Audiobook Cassette: Food Safety & Sanitation Manual
"rebirthAudioManualFoodSafetyCassetteDesc","Audio edition of Food Safety & Sanitation Manual. [B58CFF]Use with Walkman and Headphones equipped.[-] Shares study progress with the physical title. Keep this cassette for later listening. Keep its physical cooking reference for food preparation and crafting requirements."
rebirthAudioManualFoodPreservationCassette,Audiobook Cassette: Drying
"rebirthAudioManualFoodPreservationCassetteDesc","Audio edition of Drying. [B58CFF]Use with Walkman and Headphones equipped.[-] Shares study progress with the physical title. Keep this cassette for later listening. Keep its physical cooking reference for food preparation and crafting requirements."
rebirthAudioManualBakingTechniquesCassette,Audiobook Cassette: Baking Techniques Manual
"rebirthAudioManualBakingTechniquesCassetteDesc","Audio edition of Baking Techniques Manual. [B58CFF]Use with Walkman and Headphones equipped.[-] Shares study progress with the physical title. Keep this cassette for later listening. Keep its physical cooking reference for food preparation and crafting requirements."
rebirthAudioManualFieldDressingCassette,Audiobook Cassette: Field Dressing Manual
rebirthAudioManualFieldDressingCassetteDesc,Audio edition of Field Dressing Manual. [B58CFF]Use with Walkman and Headphones equipped.[-] Shares study progress with the physical title.
rebirthAudioManualHidePreparationCassette,Audiobook Cassette: Hide Preparation Manual
rebirthAudioManualHidePreparationCassetteDesc,Audio edition of Hide Preparation Manual. [B58CFF]Use with Walkman and Headphones equipped.[-] Shares study progress with the physical title.
rebirthAudioCookbookCampfireBasicsCassette,Audiobook Cassette: Campfire Cooking Basics
"rebirthAudioCookbookCampfireBasicsCassetteDesc","Audio edition of Campfire Cooking Basics. [B58CFF]Use with Walkman and Headphones equipped.[-] Shares study progress with the physical title. Keep this cassette for later listening. Keep its physical cooking reference for food preparation and crafting requirements."
rebirthAudioCookbookBakingCassette,Audiobook Cassette: Baking & Pastry Recipes
"rebirthAudioCookbookBakingCassetteDesc","Audio edition of Baking & Pastry Recipes. [B58CFF]Use with Walkman and Headphones equipped.[-] Shares study progress with the physical title. Keep this cassette for later listening. Keep its physical cooking reference for food preparation and crafting requirements."
rebirthAudioCookbookPreparedMealsCassette,Audiobook Cassette: Prepared Meals Cookbook
"rebirthAudioCookbookPreparedMealsCassetteDesc","Audio edition of Prepared Meals Cookbook. [B58CFF]Use with Walkman and Headphones equipped.[-] Shares study progress with the physical title. Keep this cassette for later listening. Keep its physical cooking reference for food preparation and crafting requirements."
rebirthAudioCookbookPreservationCassette,Audiobook Cassette: Preserving Food
"rebirthAudioCookbookPreservationCassetteDesc","Audio edition of Preserving Food. [B58CFF]Use with Walkman and Headphones equipped.[-] Shares study progress with the physical title. Keep this cassette for later listening. Keep its physical cooking reference for food preparation and crafting requirements."
rebirthAudioGuidePreparedBeveragesCassette,Audiobook Cassette: Prepared Beverages Guide
"rebirthAudioGuidePreparedBeveragesCassetteDesc","Audio edition of Prepared Beverages Guide. [B58CFF]Use with Walkman and Headphones equipped.[-] Shares study progress with the physical title. Keep this cassette for later listening. Keep its physical cooking reference for food preparation and crafting requirements."
rebirthAudioManualFieldTriageCassette,Audiobook Cassette: Field Triage Manual
rebirthAudioManualFieldTriageCassetteDesc,Audio edition of Field Triage Manual. [B58CFF]Use with Walkman and Headphones equipped.[-] Shares study progress with the physical title.
rebirthAudioManualFractureCareCassette,Audiobook Cassette: Fracture Care Manual
rebirthAudioManualFractureCareCassetteDesc,Audio edition of Fracture Care Manual. [B58CFF]Use with Walkman and Headphones equipped.[-] Shares study progress with the physical title.
rebirthAudioManualInfectionCareCassette,Audiobook Cassette: Infection Recognition & Care Manual
rebirthAudioManualInfectionCareCassetteDesc,Audio edition of Infection Recognition & Care Manual. [B58CFF]Use with Walkman and Headphones equipped.[-] Shares study progress with the physical title.
rebirthAudioManualSterileDressingCassette,Audiobook Cassette: Sterile Dressing Manual
rebirthAudioManualSterileDressingCassetteDesc,Audio edition of Sterile Dressing Manual. [B58CFF]Use with Walkman and Headphones equipped.[-] Shares study progress with the physical title.
rebirthAudioManualReagentHandlingCassette,Audiobook Cassette: Reagent Handling & Measurement Manual
rebirthAudioManualReagentHandlingCassetteDesc,Audio edition of Reagent Handling & Measurement Manual. [B58CFF]Use with Walkman and Headphones equipped.[-] Shares study progress with the physical title.
rebirthAudioRecipeFirstAidBandageCassette,Audiobook Cassette: First Aid Bandage Instructions
rebirthAudioRecipeFirstAidBandageCassetteDesc,Audio edition of First Aid Bandage Instructions. [B58CFF]Use with Walkman and Headphones equipped.[-] Shares study progress with the physical title.
rebirthAudioRecipePlasterCastCassette,Audiobook Cassette: Plaster Cast Instructions
rebirthAudioRecipePlasterCastCassetteDesc,Audio edition of Plaster Cast Instructions. [B58CFF]Use with Walkman and Headphones equipped.[-] Shares study progress with the physical title.
rebirthAudioFormulaFortBitesCassette,Audiobook Cassette: Fort Bites Formula
rebirthAudioFormulaFortBitesCassetteDesc,Audio edition of Fort Bites Formula. [B58CFF]Use with Walkman and Headphones equipped.[-] Shares study progress with the physical title.
rebirthAudioFormulaRecogCassette,Audiobook Cassette: Recog Formula
rebirthAudioFormulaRecogCassetteDesc,Audio edition of Recog Formula. [B58CFF]Use with Walkman and Headphones equipped.[-] Shares study progress with the physical title.
rebirthAudioFormulaOilCassette,Audiobook Cassette: Oil Processing Formula
rebirthAudioFormulaOilCassetteDesc,Audio edition of Oil Processing Formula. [B58CFF]Use with Walkman and Headphones equipped.[-] Shares study progress with the physical title.
rebirthAudioFormulaAntisepticSolutionCassette,Audiobook Cassette: Antiseptic Solution Formula
rebirthAudioFormulaAntisepticSolutionCassetteDesc,Audio edition of Antiseptic Solution Formula. [B58CFF]Use with Walkman and Headphones equipped.[-] Shares study progress with the physical title.
rebirthAudioFormulaIndustrialAdhesiveCassette,Audiobook Cassette: Industrial Adhesive Formula
rebirthAudioFormulaIndustrialAdhesiveCassetteDesc,Audio edition of Industrial Adhesive Formula. [B58CFF]Use with Walkman and Headphones equipped.[-] Shares study progress with the physical title.
rebirthAudioManualPreventiveMaintenanceCassette,Audiobook Cassette: Preventive Equipment Maintenance Manual
rebirthAudioManualPreventiveMaintenanceCassetteDesc,Audio edition of Preventive Equipment Maintenance Manual. [B58CFF]Use with Walkman and Headphones equipped.[-] Shares study progress with the physical title.
rebirthAudioManualSharpeningEdgeServiceCassette,Audiobook Cassette: Sharpening & Edge Service Manual
rebirthAudioManualSharpeningEdgeServiceCassetteDesc,Audio edition of Sharpening & Edge Service Manual. [B58CFF]Use with Walkman and Headphones equipped.[-] Shares study progress with the physical title.
rebirthAudioManualFirearmFieldServiceCassette,Audiobook Cassette: Firearm Cleaning & Field Service Manual
rebirthAudioManualFirearmFieldServiceCassetteDesc,Audio edition of Firearm Cleaning & Field Service Manual. [B58CFF]Use with Walkman and Headphones equipped.[-] Shares study progress with the physical title.
rebirthAudioManualHeatTreatmentCassette,Audiobook Cassette: Heat Treatment & Edge Hardening Manual
rebirthAudioManualHeatTreatmentCassetteDesc,Audio edition of Heat Treatment & Edge Hardening Manual. [B58CFF]Use with Walkman and Headphones equipped.[-] Shares study progress with the physical title.
rebirthAudioManualSpecialtyAmmoCassette,Audiobook Cassette: Specialty Ammunition Manual
rebirthAudioManualSpecialtyAmmoCassetteDesc,Audio edition of Specialty Ammunition Manual. [B58CFF]Use with Walkman and Headphones equipped.[-] Shares study progress with the physical title.
rebirthAudioManualFirearmServiceModsCassette,Audiobook Cassette: Firearm Service & Handling Modifications Manual
rebirthAudioManualFirearmServiceModsCassetteDesc,Audio edition of Firearm Service & Handling Modifications Manual. [B58CFF]Use with Walkman and Headphones equipped.[-] Shares study progress with the physical title.
rebirthAudioManualTailoringWeatherproofingCassette,Audiobook Cassette: Garment Weatherproofing Manual
rebirthAudioManualTailoringWeatherproofingCassetteDesc,Audio edition of Garment Weatherproofing Manual. [B58CFF]Use with Walkman and Headphones equipped.[-] Shares study progress with the physical title.
rebirthAudioManualBackpackExpansionCassette,Audiobook Cassette: Backpack Fitting & Expansion Manual
rebirthAudioManualBackpackExpansionCassetteDesc,Audio edition of Backpack Fitting & Expansion Manual. [B58CFF]Use with Walkman and Headphones equipped.[-] Shares study progress with the physical title.
rebirthAudioManualPoweredDoorInstallationCassette,Audiobook Cassette: Powered Door Installation Manual
rebirthAudioManualPoweredDoorInstallationCassetteDesc,Audio edition of Powered Door Installation Manual. [B58CFF]Use with Walkman and Headphones equipped.[-] Shares study progress with the physical title.
rebirthAudioManualTireServiceCassette,Audiobook Cassette: Tire Repair & Wheel Service Manual
rebirthAudioManualTireServiceCassetteDesc,Audio edition of Tire Repair & Wheel Service Manual. [B58CFF]Use with Walkman and Headphones equipped.[-] Shares study progress with the physical title.
rebirthAudioManualRoadsideDiagnosticsCassette,Audiobook Cassette: Roadside Diagnostics Manual
rebirthAudioManualRoadsideDiagnosticsCassetteDesc,Audio edition of Roadside Diagnostics Manual. [B58CFF]Use with Walkman and Headphones equipped.[-] Shares study progress with the physical title.
rebirthAudioManualVehicleModificationsCassette,Audiobook Cassette: Vehicle Modification Schematics
rebirthAudioManualVehicleModificationsCassetteDesc,Audio edition of Vehicle Modification Schematics. [B58CFF]Use with Walkman and Headphones equipped.[-] Shares study progress with the physical title.
rebirthAudioGuideSeedSavingCassette,Audiobook Cassette: Seed Saving & Propagation Guide
rebirthAudioGuideSeedSavingCassetteDesc,Audio edition of Seed Saving & Propagation Guide. [B58CFF]Use with Walkman and Headphones equipped.[-] Shares study progress with the physical title.
rebirthAudioGuideProtectedGrowingCassette,Audiobook Cassette: Protected Growing Guide
rebirthAudioGuideProtectedGrowingCassetteDesc,Audio edition of Protected Growing Guide. [B58CFF]Use with Walkman and Headphones equipped.[-] Shares study progress with the physical title.
rebirthAudioRecipeRenderedTallowCassette,Audiobook Cassette: Rendered Tallow Recipe
"rebirthAudioRecipeRenderedTallowCassetteDesc","Audio edition of Rendered Tallow Recipe. [B58CFF]Use with Walkman and Headphones equipped.[-] Shares study progress with the physical title. Keep this cassette for later listening. Keep its physical cooking reference for food preparation and crafting requirements."
rebirthAudioRecipePickledVegetablesCassette,Audiobook Cassette: Pickled Vegetables Recipe
"rebirthAudioRecipePickledVegetablesCassetteDesc","Audio edition of Pickled Vegetables Recipe. [B58CFF]Use with Walkman and Headphones equipped.[-] Shares study progress with the physical title. Keep this cassette for later listening. Keep its physical cooking reference for food preparation and crafting requirements."
rebirthAudioRecipeSterileDressingCassette,Audiobook Cassette: Sterile Dressing Instructions
rebirthAudioRecipeSterileDressingCassetteDesc,Audio edition of Sterile Dressing Instructions. [B58CFF]Use with Walkman and Headphones equipped.[-] Shares study progress with the physical title.
rebirthAudioManualTurretCalibrationCassette,Audiobook Cassette: Turret Calibration Manual
rebirthAudioManualTurretCalibrationCassetteDesc,Audio edition of Turret Calibration Manual. [B58CFF]Use with Walkman and Headphones equipped.[-] Shares study progress with the physical title.
rebirthAudioManualTurretFeedServiceCassette,Audiobook Cassette: Turret Feed & Jam Service Manual
rebirthAudioManualTurretFeedServiceCassetteDesc,Audio edition of Turret Feed & Jam Service Manual. [B58CFF]Use with Walkman and Headphones equipped.[-] Shares study progress with the physical title.
rebirthAudioManualDroneFieldServiceCassette,Audiobook Cassette: Drone Field Service Manual
rebirthAudioManualDroneFieldServiceCassetteDesc,Audio edition of Drone Field Service Manual. [B58CFF]Use with Walkman and Headphones equipped.[-] Shares study progress with the physical title.
rebirthAudioGuideSpoorIdentificationCassette,Audiobook Cassette: Spoor Identification Guide
rebirthAudioGuideSpoorIdentificationCassetteDesc,Audio edition of Spoor Identification Guide. [B58CFF]Use with Walkman and Headphones equipped.[-] Shares study progress with the physical title.
rebirthAudioManualArmorFittingCassette,Audiobook Cassette: Armor Fitting & Adjustment Manual
rebirthAudioManualArmorFittingCassetteDesc,Audio edition of Armor Fitting & Adjustment Manual. [B58CFF]Use with Walkman and Headphones equipped.[-] Shares study progress with the physical title.
rebirthAudioGuidePracticalAppraisalCassette,Audiobook Cassette: Practical Appraisal Guide
rebirthAudioGuidePracticalAppraisalCassetteDesc,Audio edition of Practical Appraisal Guide. [B58CFF]Use with Walkman and Headphones equipped.[-] Shares study progress with the physical title.
FuriousRamsayCassetteDesc,[B58CFF]Music for your equipped Walkman.[-] Open its + button in Character to store this cassette and choose shuffle or ordered playback.
FuriousRamsayCassette01,Turn One
FuriousRamsayCassette02,Take My Pulse
FuriousRamsayCassette03,Electric Rose
FuriousRamsayCassette04,Vampire Vigilante
FuriousRamsayCassette05,Double Face
FuriousRamsayCassette06,Protocol
FuriousRamsayCassette07,Downbeat Beatdown
FuriousRamsayCassette08,Lost Bytes
FuriousRamsayCassette09,The Shifting Tide
FuriousRamsayCassette10,Lust
FuriousRamsayCassette11,San Fransyntho
FuriousRamsayCassette12,Faded Secrets
FuriousRamsayCassette13,Spacemesh
FuriousRamsayCassette14,Cloak and Dagger
FuriousRamsayCassette15,Binary Groove
FuriousRamsayCassette16,Sun Run
FuriousRamsayCassette17,Wasted Keybinds
FuriousRamsayCassette18,Breath of Anything
FuriousRamsayCassette19,Freelancer
FuriousRamsayCassette20,Guerilla Milkshake
FuriousRamsayCassette21,Moon Spelunking
FuriousRamsayCassette22,Frame Sifter
FuriousRamsayCassette23,Occam's Razor
xuiRebirthStudyHudReading,READING
xuiRebirthStudyHudListening,LISTENING
xuiRebirthStudyHudFullAttention,FULL ATTENTION
xuiRebirthStudyHudHalfAttention,50% SPEED
xuiRebirthStudyHudHandsFree,HANDS-FREE
xuiRebirthCharacterOverview,OVERVIEW
xuiRebirthCharacterOverviewIdentity,SURVIVOR
xuiRebirthCharacterOverviewBackground,BACKGROUND
xuiRebirthCharacterOverviewTraits,TRAITS
xuiRebirthCharacterOverviewEquipment,EQUIPMENT & APPEARANCE
xuiRebirthCharacterOverviewAttributes,CORE ATTRIBUTES
xuiRebirthCharacterOverviewVitals,VITAL STATUS
xuiRebirthCharacterOverviewConditions,CURRENT CONDITIONS
xuiRebirthCharacterOverviewBiomeGear,BIOME GEAR
xuiRebirthCharacterOverviewGear,SURVIVOR GEAR
xuiRebirthCharacterOverviewArmor,ARMOR
xuiRebirthCharacterOverviewClothing,CLOTHING
xuiRebirthCharacterOverviewHealth,HEALTH
xuiRebirthCharacterOverviewStamina,STAMINA
xuiRebirthCharacterOverviewEnergy,ENERGY
xuiRebirthCharacterOverviewNutrition,NUTRITION
xuiRebirthCharacterOverviewHydration,HYDRATION
xuiRebirthCharacterOverviewMoodExcellent,Excellent Mood
xuiRebirthCharacterOverviewMoodGood,Good Mood
xuiRebirthCharacterOverviewMoodLow,Low Mood
xuiRebirthCharacterOverviewMoodMiserable,Miserable Mood
xuiRebirthCharacterOverviewDietSatisfaction,Diet Satisfaction
xuiRebirthCharacterOverviewHealthCapacity,Health Capacity
xuiRebirthCharacterOverviewActive,active
xuiRebirthCharacterOverviewGrace,grace
xuiRebirthCharacterOverviewVarieties,varieties
xuiRebirthCharacterProgression,PROGRESSION
xuiRebirthProgressionAttributeOverview,ATTRIBUTE OVERVIEW
xuiRebirthProgressionCurrentPotential,CURRENT / POTENTIAL
xuiRebirthProgressionPractical,PRACTICAL
xuiRebirthProgressionSkillKnowledge,THEORY
xuiRebirthProgressionSelectedSkill,SELECTED SKILL
xuiRebirthProgressionPrimaryAttribute,Primary Attribute
xuiRebirthProgressionTrainingSource,Improves By Doing
xuiRebirthProgressionKnowledgeDiscoveries,RECIPES & TECHNIQUES
xuiRebirthProgressionKnown,KNOWN
xuiRebirthProgressionUnknown,UNKNOWN
xuiRebirthProgressionHowWorks,HOW PROGRESSION WORKS
xuiRebirthProgressionHowUse,USE TO IMPROVE
xuiRebirthProgressionHowUseDesc,Practical Skill improves through legitimate matching gameplay actions.
xuiRebirthProgressionHowStudy,STUDY TO UNDERSTAND
xuiRebirthProgressionHowStudyDesc,Study builds subject knowledge. Manuals and schematics teach recipes and techniques.
xuiRebirthProgressionHowAttribute,ATTRIBUTES TRAIN THROUGH SKILLS
xuiRebirthProgressionHowAttributeDesc,Skill progress trains the primary Attribute mapped to that Skill.
xuiRebirthProgressionHowNoPoints,NO ATTRIBUTE POINTS
xuiRebirthProgressionHowNoPointsDesc,Rebirth Attributes improve through training; there are no points to spend.
xuiRebirthProgressionOpenExplorer,OPEN IN EXPLORER
xuiRebirthProgressionNoAssociatedKnowledge,No recipes or techniques are associated with this skill.
xuiRebirthProgressionUseHint,Skills improve through use. Attributes train from Skill progress.
xuiRebirthProgressionKnowledgeHint,Study builds Theory and teaches recipes and techniques.
xuiRebirthProgressionTowardNext,toward next
xuiRebirthProgressionKnownSuffix,known
xuiRebirthProgressionPracticalLabel,Practical
xuiRebirthProgressionSkillKnowledgeLabel,Theory
xuiRebirthConditionActive,Active
xuiRebirthConditionCapacity,Capacity
xuiRebirthConditionCategoryDiet,Diet
xuiRebirthConditionCategoryEnvironment,Environment
xuiRebirthConditionCategoryHealth,Health
xuiRebirthConditionCategoryIllness,Illness
xuiRebirthConditionCategoryInjury,Injury
xuiRebirthConditionCategoryMetabolism,Metabolism
xuiRebirthConditionCategoryMood,Mood
xuiRebirthConditionCategoryNativeStatus,Native Status
xuiRebirthConditionCategorySupport,Trait Support
xuiRebirthConditionColdDescription,Your body temperature is low.
xuiRebirthConditionColdExposure,Cold Exposure
xuiRebirthConditionColdMoodEffect,Cold exposure lowers your mood while it remains active.
xuiRebirthConditionCoreTemperature,Core temperature
xuiRebirthConditionCurrent,Current
xuiRebirthConditionDescription,DESCRIPTION
xuiRebirthConditionDietDescription,Diet Satisfaction reflects recent compatible meals and food variety for the selected Survivor Diet.
xuiRebirthConditionDietGuidance,Compatible meals and greater recent variety improve Diet Satisfaction; repetition reduces its benefit.
xuiRebirthConditionDigestiveDescription,Digestive Health affects current nutrient and fluid utilization in the Metabolism digestion model.
xuiRebirthConditionDigestiveGuidance,Digestive Health recovers toward its configured baseline when current digestive damage is no longer being applied.
xuiRebirthConditionDigestiveHealth,Digestive Health
xuiRebirthConditionEffects,EFFECTS
xuiRebirthConditionEnergyDescription,Energy is the REBIRTH activity reserve that feeds the current stamina-recovery model.
xuiRebirthConditionEnergyGuidance,Energy changes through the authoritative activity-use and Metabolism recovery rules; hydration and nutrition state can affect recovery.
xuiRebirthConditionEnergyRecovery,Energy recovery
xuiRebirthConditionEnergyRecoveryHydration,Energy recovery hydration multiplier
xuiRebirthConditionEnergyUse,Energy use
xuiRebirthConditionFluidUtilization,Fluid utilization
xuiRebirthConditionHealthBlocked,Health blocked
xuiRebirthConditionHealthCapacityDescription,Health Capacity is the Survivor-owned maximum-health ceiling applied to the native Health stat.
xuiRebirthConditionHealthCapacityFullEffect,Health Capacity currently matches its healthy potential.
xuiRebirthConditionHealthCapacityGuidance,"Capacity recovers toward potential when active loss sources are absent, using the authoritative Health Capacity recovery rules."
xuiRebirthConditionHealthCapacityReducedEffect,Native maximum Health is currently limited by this reduced capacity.
xuiRebirthConditionHeatDescription,Your body temperature is high.
xuiRebirthConditionHeatExposure,Heat Exposure
xuiRebirthConditionHeatMoodEffect,Heat exposure lowers your mood while it remains active.
xuiRebirthConditionHowToImprove,HOW TO IMPROVE
xuiRebirthConditionHydrationDescription,Hydration is the absorbed body-water reserve owned by REBIRTH Metabolism.
xuiRebirthConditionHydrationGuidance,Consume fluids and allow them to move through digestion and absorption to restore the Hydration reserve.
xuiRebirthConditionInjuryDescription,Injuries are reducing the maximum health currently available to you.
xuiRebirthConditionInjuryImpact,Injury / Health Blockage
xuiRebirthConditionInjuryMoodSource,Injury pain also lowers your mood.
xuiRebirthConditionLog,CONDITIONS LOG
xuiRebirthConditionLogAdded,Added
xuiRebirthConditionLogCleared,Cleared
xuiRebirthConditionLogEmpty,No condition changes observed this session.
xuiRebirthConditionLogSessionNote,Observed changes while this Character window is active.
xuiRebirthConditionMealCompatible,Last meal compatible
xuiRebirthConditionMealIncompatible,Last meal incompatible
xuiRebirthConditionMetabolismState,Metabolism
xuiRebirthConditionMoodDescription,Your mood changes with your current circumstances.
xuiRebirthConditionMoodGuidance,Improve the conditions affecting your mood to help it recover.
xuiRebirthConditionMoodTargetImpact,Mood target impact
xuiRebirthConditionNativeStatuses,Native statuses
xuiRebirthConditionNegative,Negative
xuiRebirthConditionNegativeContributor,Negative contributor
xuiRebirthConditionNetRate,Net rate
xuiRebirthConditionNeutral,Neutral
xuiRebirthConditionNone,None
xuiRebirthConditionNoneActive,No conditions available
xuiRebirthConditionNoneAvailableBody,No source-backed condition data is currently available.
xuiRebirthConditionNutrientUtilization,Nutrient utilization
xuiRebirthConditionNutritionDescription,Nutrition is the absorbed body-food reserve owned by REBIRTH Metabolism.
xuiRebirthConditionNutritionGuidance,Consume food and allow nutrients to pass through digestion and absorption to restore the Nutrition reserve.
xuiRebirthConditionNutritionUse,Nutrition use
xuiRebirthConditionPositive,Positive
xuiRebirthConditionPositiveContributor,Positive contributor
xuiRebirthConditionPotential,Potential
xuiRebirthConditionRealMinute,real min
xuiRebirthConditionRecoveryRate,Recovery
xuiRebirthConditionRelatedSystem,RELATED SYSTEM
xuiRebirthConditionRemaining,remaining
xuiRebirthConditionSeriousIllness,Serious Illness
xuiRebirthConditionSeriousIllnessDescription,You have an active serious illness.
xuiRebirthConditionSeriousIllnessEffect,Serious illness contributes negatively to the current Survivor Mood target.
xuiRebirthConditionSeverity,Severity
xuiRebirthConditionSourceDiet,Survivor Diet
xuiRebirthConditionSourceEnvironment,Environment
xuiRebirthConditionSourceHealthCapacity,Health Capacity
xuiRebirthConditionSourceMetabolism,Metabolism
xuiRebirthConditionSourceNative,Base Game
xuiRebirthConditionSourceSupport,Trait Support
xuiRebirthConditionSourceSurvivor,Survivor Condition
xuiRebirthConditionStaminaRecovery,Stamina recovery multiplier
xuiRebirthConditionStatus,STATUS
xuiRebirthConditionSystemState,SYSTEM STATE
xuiRebirthConditionTarget,Target
xuiRebirthConditionUseRate,Use
xuiRebirthConditionsCurrent,CURRENT CONDITIONS
xuiRebirthConditionsOverview,CONDITIONS OVERVIEW
xuiRebirthCharacterStatistics,Statistics
xuiRebirthStatisticsTimeSurvived,Time Survived
xuiRebirthStatisticsDistanceTraveled,Distance Traveled
xuiRebirthStatisticsDaysSurvived,Days Survived
xuiRebirthStatisticsKnowledgeDiscovered,Recipes & Techniques Learned
xuiRebirthStatisticsSkillProgressGained,Skill Progress Gained
xuiRebirthStatisticsActivitySummary,Activity Summary
xuiRebirthStatisticsCombat,Combat
xuiRebirthStatisticsSurvival,Survival
xuiRebirthStatisticsCrafting,Crafting
xuiRebirthStatisticsExploration,Exploration
xuiRebirthStatisticsManagement,Management
xuiRebirthStatisticsSurvivalTrend,Survival Trend
xuiRebirthStatisticsTopCategories,Top Categories
xuiRebirthStatisticsItemsCrafted,Items Crafted
xuiRebirthStatisticsResourcesGathered,Resources Gathered
xuiRebirthStatisticsPoisCleared,POIs Cleared
xuiRebirthStatisticsLocationsDiscovered,Locations Discovered
xuiRebirthStatisticsTradersVisited,Traders Visited
xuiRebirthStatisticsBiomesVisited,Biomes Visited
xuiRebirthStatisticsCombatBreakdown,Combat Breakdown
xuiRebirthStatisticsMeleeKills,Melee Kills
xuiRebirthStatisticsRangedKills,Ranged Kills
xuiRebirthStatisticsHeadshots,Headshots
xuiRebirthStatisticsAnimalsKilled,Animals Killed
xuiRebirthStatisticsDamageDealt,Damage Dealt
xuiRebirthStatisticsDamageTaken,Damage Taken
xuiRebirthStatisticsDamageBlocked,Damage Blocked
xuiRebirthStatisticsWeaponKills,Weapon Kills
xuiRebirthStatisticsPersonalBests,Personal Bests
xuiRebirthStatisticsMostZombiesDay,Most Zombies Killed in a Day
xuiRebirthStatisticsLongestLife,Longest Life
xuiRebirthStatisticsFarthestOnFoot,Farthest on Foot in a Day
xuiRebirthStatisticsHighestHit,Highest Damage in a Hit
xuiRebirthStatisticsMostCraftedDay,Most Items Crafted in a Day
xuiRebirthStatisticsMostResourcesDay,Most Resources Gathered in a Day
xuiRebirthStatisticsHighestFallSurvived,Highest Fall Damage Survived
xuiRebirthStatisticsMilestones,Milestones
xuiRebirthStatisticsMilestoneFirstBlood,First Blood
xuiRebirthStatisticsMilestoneFirstDay,First Day Survived
xuiRebirthStatisticsMilestoneCrafter25,Crafted 25 Items
xuiRebirthStatisticsMilestoneExplorer5,Discovered 5 Locations
xuiRebirthStatisticsMilestoneScholar10,Learned 10 Recipes & Techniques
xuiRebirthStatisticsMilestonePracticed10,Gained 10 Skill Progress
xuiRebirthStatisticsMilestoneGatherer100,Gathered 100 Resources
xuiRebirthStatisticsMilestoneTraveler10km,Traveled 10 Kilometers
xuiRebirthRecipes,Recipes
xuiRebirthSelectedRecipe,Selected Recipe
xuiRebirthExpectedOutcome,Expected Outcome
xuiRebirthSuccessChance,Success Chance
xuiRebirthQualityRange,Quality
xuiRebirthCraftingXp,Base Crafting XP
xuiRebirthPossibleResults,Result
xuiRebirthHighQuality,High Quality
xuiRebirthNormalQuality,Normal Quality
xuiRebirthLowQuality,Low Quality
xuiRebirthKnowledge,Recipe / Technique
xuiRebirthKnowledgeSkills,Recipes & Techniques / Skills
xuiRebirthCurrentMinRecommended,Current / Min / Rec
xuiRebirthViewKnowledge,View Recipe / Technique
xuiRebirthCookTime,Cook Time
xuiRebirthCraftTime,Craft Time
xuiRebirthBatchSize,Batch Size
xuiRebirthRequirements,Requirements
xuiRebirthCraftingQueue,Crafting Queue
xuiRebirthNotApplicable,N/A
xuiRebirthQualityTier,Tier
xuiRebirthWellPrepared,Well-Prepared
xuiRebirthStandardQuality,Standard
xuiRebirthNativeRecipeRules,Native recipe rules
xuiRebirthNoKnowledgeRequirement,No recipe or technique requirement
xuiRebirthOwned,Owned
xuiRebirthMissing,Missing
xuiRebirthRequirementMet,Requirement met
xuiRebirthActions,Actions
xuiRebirthCombatData,Combat Data
xuiRebirthSkillTrained,Skill Trained
xuiRebirthNormalAttackDps,Normal Attack DPS
xuiRebirthPowerAttackDps,Power Attack DPS
xuiRebirthNormalStaminaEfficiency,Normal Damage / Stamina
xuiRebirthPowerStaminaEfficiency,Power Damage / Stamina
xuiRebirthSustainedDps,Sustained DPS
xuiRebirthMagazineCapacity,Capacity
xuiRebirthReloadTime,Reload Time
xuiRebirthReloadsPerMinute,Reloads / Minute
xuiRebirthSkillGainPer100Damage,Skill Gain / 100 Damage
xuiRebirthCraftDetailTabsHint,Ingredients  •  Description  •  Unlocks
xuiRebirthRequiredMaterial,Required material
xuiRebirthQueueEmpty,Empty
xuiRebirthQueueCrafting,Crafting
xuiRebirthQueueQueued,Queued
xuiRebirthQueueActiveCount,{0} / {1}
xuiRebirthQueueTime,Time
xuiRebirthQueueQty,Qty
xuiRebirthQueueCancelTooltip,Cancel this queued craft
xuiRebirthOutcomeDeterministicNote,No random craft failure or quality roll is active; normal requirements still apply.
xuiRebirthPlayerList,Player List
xuiRebirthPlayerDetails,Player Details
xuiRebirthPlayerSelectHint,Select a player from the list to view current details.
xuiRebirthPlayerStats,Player Stats
xuiRebirthPlayerRelationships,Party & Allies
xuiRebirthPlayerDistance,Distance
xuiRebirthPlayerYou,You
xuiRebirthPlayerStatusYou,You
xuiRebirthPlayerStatusOnline,Online
xuiRebirthPlayerStatusOffline,Offline
xuiRebirthPlayerPartyNone,Not in Party
xuiRebirthPlayerPartyLeader,Leader
xuiRebirthPlayerPartyMember,Member
xuiRebirthPlayerPartyInviteReceived,Invite Received
xuiRebirthPlayerPartyInviteSent,Invite Sent
xuiRebirthPlayerAllied,Allied
xuiRebirthPlayerNotAllied,Not Allied
xuiRebirthGroupIdentity,Group Identity
xuiRebirthGroupSave,Save
xuiRebirthGroupUnnamed,Unnamed Group
xuiRebirthGroupViewOnly,Group identity is read-only for the selected player.
xuiRebirthGroupSyncing,Synchronizing group identity...
xuiRebirthGroupLeaderCanEdit,You are the party leader. Name and color changes apply to the whole party.
xuiRebirthGroupSoloCanEdit,You are not in a party. This identity will seed a party you lead.
xuiRebirthGroupMemberViewOnly,Only the current party leader can rename or recolor the group.
xuiRebirthGroupSaving,Saving group identity...
xuiRebirthHudTrackingOpen,HUD TRACKING
xuiRebirthHudTrackingTitle,HUD TRACKING
xuiRebirthHudTrackingTrackerState,Tracker
xuiRebirthHudTrackingToggle,Toggle
xuiRebirthHudTrackingEnabled,ENABLED
xuiRebirthHudTrackingDisabled,DISABLED
xuiRebirthHudTrackingSelected,Selected
xuiRebirthHudTrackingSafeCapacity,Safe display capacity
xuiRebirthHudTrackingTrackedOnHud,TRACKED ON HUD
xuiRebirthHudTrackingTrackedHint,Order controls the bottom-to-top HUD row order.
xuiRebirthHudTrackingTrackedEmpty,Nothing is currently selected for the progression HUD.
xuiRebirthHudTrackingAvailable,AVAILABLE TO TRACK
xuiRebirthHudTrackingShowing,Showing
xuiRebirthHudTrackingSkills,SKILLS
xuiRebirthHudTrackingAttributes,ATTRIBUTES
xuiRebirthHudTrackingKnowledge,KNOWLEDGE
xuiRebirthHudTrackingSummary,SUMMARY
xuiRebirthHudTrackingUp,UP
xuiRebirthHudTrackingDown,DOWN
xuiRebirthHudTrackingRemove,REMOVE
xuiRebirthHudTrackingTrackToggle,TRACK / UNTRACK
xuiRebirthHudTrackingTrackFocus,TRACK ON HUD
xuiRebirthHudTrackingUntrackFocus,UNTRACK FROM HUD
xuiRebirthHudTrackingTracked,TRACKED
xuiRebirthHudTrackingAvailableState,AVAILABLE
xuiRebirthHudTrackingUnavailable,Unavailable
xuiRebirthHudTrackingClear,CLEAR TRACKED ITEMS
xuiRebirthHudTrackingAvailableEmpty,No source-backed entries are available in this category.
xuiRebirthHudTrackingCapacityNote,Selections are preserved even if resolution or UI scale temporarily reduces safe display capacity; overflow is handled by the gameplay HUD.
xuiRebirthHudSummaryKnowledgeDiscovered,Recipes & Techniques Learned
xuiRebirthHudTrackingOverflow,more tracked
xuiRebirthKnowledgeChunkGProcedureConstructionFurnitureBasic,Furniture Construction
rebirthManualFurnitureConstruction,Furniture Construction Manual
xuiRebirthKnowledgeChunkGProcedureConstructionUpholstery,Upholstery & Soft Furnishings
rebirthManualUpholstery,Upholstery & Soft Furnishings Manual
xuiRebirthKnowledgeChunkGProcedureConstructionFixturesCabinetry,Fixtures & Cabinetry
rebirthManualFixturesCabinetry,Fixtures & Cabinetry Manual
xuiRebirthKnowledgeChunkGProcedureConstructionSecureStorage,Secure Storage Construction
rebirthManualSecureStorage,Secure Storage Construction Manual
xuiRebirthKnowledgeChunkGProcedureConstructionConcealedTraps,Concealed Trap Construction
rebirthManualConcealedTraps,Concealed Trap Construction Manual
xuiRebirthKnowledgeChunkGProcedureConstructionGlazing,Structural Glazing
rebirthManualStructuralGlazing,Structural Glazing Manual
xuiRebirthKnowledgeChunkGPatternTailoringAssassinArmor,Assassin Armor Pattern
rebirthPatternAssassinArmor,Assassin Armor Pattern
xuiRebirthKnowledgeChunkGPatternTailoringAthleticArmor,Athletic Armor Pattern
rebirthPatternAthleticArmor,Athletic Armor Pattern
xuiRebirthKnowledgeChunkGPatternTailoringBikerArmor,Biker Armor Pattern
rebirthPatternBikerArmor,Biker Armor Pattern
xuiRebirthKnowledgeChunkGPatternTailoringCommandoArmor,Commando Armor Pattern
rebirthPatternCommandoArmor,Commando Armor Pattern
xuiRebirthKnowledgeChunkGPatternTailoringEnforcerArmor,Enforcer Armor Pattern
rebirthPatternEnforcerArmor,Enforcer Armor Pattern
xuiRebirthKnowledgeChunkGPatternTailoringFarmerArmor,Farmer Armor Pattern
rebirthPatternFarmerArmor,Farmer Armor Pattern
xuiRebirthKnowledgeChunkGPatternTailoringLumberjackArmor,Lumberjack Armor Pattern
rebirthPatternLumberjackArmor,Lumberjack Armor Pattern
xuiRebirthKnowledgeChunkGPatternTailoringMinerArmor,Miner Armor Pattern
rebirthPatternMinerArmor,Miner Armor Pattern
xuiRebirthKnowledgeChunkGPatternTailoringNerdArmor,Nerd Armor Pattern
rebirthPatternNerdArmor,Nerd Armor Pattern
xuiRebirthKnowledgeChunkGPatternTailoringNomadArmor,Nomad Armor Pattern
rebirthPatternNomadArmor,Nomad Armor Pattern
xuiRebirthKnowledgeChunkGPatternTailoringPreacherArmor,Preacher Armor Pattern
rebirthPatternPreacherArmor,Preacher Armor Pattern
xuiRebirthKnowledgeChunkGPatternTailoringRaiderArmor,Raider Armor Pattern
rebirthPatternRaiderArmor,Raider Armor Pattern
xuiRebirthKnowledgeChunkGPatternTailoringRangerArmor,Ranger Armor Pattern
rebirthPatternRangerArmor,Ranger Armor Pattern
xuiRebirthKnowledgeChunkGPatternTailoringScavengerArmor,Scavenger Armor Pattern
rebirthPatternScavengerArmor,Scavenger Armor Pattern
xuiRebirthKnowledgeChunkGSchematicTailoringArmorStorageMods,Armor Storage Mod Schematics
rebirthSchematicArmorStorageMods,Armor Storage Mod Schematics
xuiRebirthKnowledgeChunkGSchematicTailoringArmorProtectionMods,Armor Protection Mod Schematics
rebirthSchematicArmorProtectionMods,Armor Protection Mod Schematics
xuiRebirthKnowledgeChunkGSchematicTailoringArmorStealthMods,Armor Stealth Mod Schematics
rebirthSchematicArmorStealthMods,Armor Stealth Mod Schematics
xuiRebirthKnowledgeChunkGSchematicTailoringArmorUtilityMods,Armor Utility Mod Schematics
rebirthSchematicArmorUtilityMods,Armor Utility Mod Schematics
xuiRebirthKnowledgeChunkGProcedureFarmingApiary,Apiary Management
rebirthGuideApiaryManagement,Apiary Management Guide
xuiRebirthKnowledgeChunkGProcedureFarmingPoultry,Poultry Keeping
rebirthGuidePoultryKeeping,Poultry Keeping Guide
xuiRebirthKnowledgeChunkGProcedureFarmingWaterHarvesting,Water Harvesting
rebirthGuideWaterHarvesting,Water Harvesting Guide
xuiRebirthKnowledgeChunkGSchematicMaintenanceClubMods,Club Modification Schematics
rebirthSchematicClubMods,Club Modification Schematics
xuiRebirthKnowledgeChunkGSchematicMaintenanceToolEdgeMods,Tool & Edge Modification Schematics
rebirthSchematicToolEdgeMods,Tool & Edge Modification Schematics
xuiRebirthKnowledgeChunkGSchematicMaintenancePoweredMeleeMods,Powered Melee Modification Schematics
rebirthSchematicPoweredMeleeMods,Powered Melee Modification Schematics
xuiRebirthKnowledgeChunkGFormulaExplosivesProjectilePayloads,Explosive Projectile Payloads
rebirthFormulaExplosiveProjectiles,Explosive Projectile Payloads
xuiRebirthKnowledgeChunkGFormulaExplosivesImprovised,Improvised Explosives
rebirthFormulaImprovisedExplosives,Improvised Explosives
xuiRebirthKnowledgeChunkGFormulaExplosivesGrenades,Grenade & Charge Formulas
rebirthFormulaGrenadesCharges,Grenade & Charge Formulas
xuiRebirthKnowledgeChunkGFormulaExplosivesMines,Improvised Mine Formulas
rebirthFormulaImprovisedMines,Improvised Mine Formulas
xuiRebirthKnowledgeChunkGFormulaExplosivesRockets,Rocket Payload Formulas
rebirthFormulaRocketPayloads,Rocket Payload Formulas
xuiRebirthKnowledgeChunkGPatternArcheryBowmaking,Bowmaking Pattern
rebirthPatternBowmaking,Bowmaking Pattern
xuiRebirthKnowledgeChunkGSchematicArcheryCrossbowsCompound,Crossbow & Compound Bow Schematics
rebirthSchematicCrossbowsCompound,Crossbow & Compound Bow Schematics
xuiRebirthKnowledgeChunkGSchematicArcherySpecialtyAmmo,Specialty Archery Ammunition
rebirthSchematicArcherySpecialtyAmmo,Specialty Archery Ammunition Schematics
xuiRebirthKnowledgeChunkGSchematicArcheryBowMods,Bow Modification Schematics
rebirthSchematicBowMods,Bow Modification Schematics
xuiRebirthKnowledgeChunkGPatternMetalworkingHandTools,Iron Hand Tool Patterns
rebirthPatternIronHandTools,Iron Hand Tool Patterns
xuiRebirthKnowledgeChunkGSchematicMetalworkingPowerTools,Powered Tool Schematics
rebirthSchematicPoweredTools,Powered Tool Schematics
xuiRebirthKnowledgeChunkGProcedureMetalworkingServiceTools,Service Tool Fabrication
rebirthManualServiceToolFabrication,Service Tool Fabrication
xuiRebirthKnowledgeChunkGPatternMetalworkingWeaponForging,Melee Weapon Forging Patterns
rebirthPatternMeleeWeaponForging,Melee Weapon Forging Patterns
xuiRebirthKnowledgeChunkGProcedureMetalworkingForgeTools,Forge Tool Fabrication
rebirthManualForgeTools,Forge Tool Fabrication
xuiRebirthKnowledgeChunkGProcedureMetalworkingCookware,Metal Cookware Fabrication
rebirthManualMetalCookware,Metal Cookware Fabrication
xuiRebirthKnowledgeChunkGSchematicMetalworkingRocketComponents,Rocket Component Schematics
rebirthSchematicRocketComponents,Rocket Component Schematics
xuiRebirthKnowledgeChunkGSchematicGunsmithingStandardAmmo,Standard Ammunition Schematics
rebirthSchematicStandardAmmunition,Standard Ammunition Schematics
xuiRebirthKnowledgeChunkGProcedureElectricalServiceTools,Electrical Service Tools
rebirthManualElectricalServiceTools,Electrical Service Tools Manual
xuiRebirthKnowledgeChunkGFormulaChemistryFuelBlending,Fuel Blending Formula
rebirthFormulaFuelBlending,Fuel Blending Formula
xuiRebirthKnowledgeChunkGSchematicTurretsAmmunition,Turret Ammunition Schematics
rebirthSchematicTurretAmmunition,Turret Ammunition Schematics
xuiRebirthKnowledgeOwned,Recipe / technique learned
xuiRebirthMissingKnowledgeFormat,Recipe / technique required: {0}
xuiRebirthSkillUnavailableFormat,Skill state unavailable: {0}
xuiRebirthSkillRequiredFormat,{0} {1} / {2} required
xuiRebirthSkillRecommendedFormat,{0} {1} / {2} recommended
xuiRebirthCraftDisabledByProgression,Recipe disabled by REBIRTH crafting progression policy
xuiRebirthProgressionExplorerTypeDiscipline,DISCIPLINE
xuiRebirthDisciplineBeastmaster,Beastmaster
xuiRebirthDisciplineBeastmasterDesc,Advanced living-animal handling and persistent wild predator companionship. Zombie and undead animals are never Beastmaster tameable.
xuiRebirthDisciplineWitchDoctor,Witch Doctor
xuiRebirthDisciplineWitchDoctorDesc,Advanced Black Magic discipline for undead domination binding and summoning progression.
xuiRebirthDisciplineBerserker,Berserker
xuiRebirthDisciplineBerserkerDesc,Advanced Rage discipline layered over existing individual melee Skills without a generic melee Skill.
xuiRebirthDisciplineInitiationAction,Discipline Initiation
xuiRebirthDisciplineLockedFoundation,Advanced Discipline initiation path. Acquisition is not enabled in the Chunk A foundation.
xuiRebirthProgressionExplorerRequiresDiscipline,REQUIRES DISCIPLINE
xuiRebirthProgressionExplorerUnlocksDiscipline,UNLOCKS DISCIPLINE
xuiRebirthProgressionExplorerDisciplineDescriptionFallback,A discoverable advanced progression path earned through Rebirth gameplay. Disciplines are not character-creation classes.
xuiRebirthSkillAnimalHandling,Animal Handling
xuiRebirthSkillSourceAnimalHandling,successful dog training and meaningful animal care
xuiRebirthKnowledgeBasicDogTraining,Basic Dog Training
xuiRebirthKnowledgeWorkingDogTraining,Working Dog Training
xuiRebirthKnowledgeAnimalBehavior,Animal Behavior
xuiRebirthDogTraining,Training
xuiRebirthDogBond,Bond
xuiRebirthDogLearnedCommands,Learned Commands
xuiRebirthDogCommandLearned,Learned
xuiRebirthDogCommandTrainingRequired,Training required
xuiRebirthDogCommandUnavailable,Dog command unavailable.
xuiRebirthDogCommandRequiresAnimalHandling,Requires Animal Handling {0}.
xuiRebirthDogCommandRequiresTrainingKnowledge,Requires additional dog-training techniques.
xuiRebirthDogCommandNotLearned,This dog has not learned that command yet.
xuiRebirthDogTrainingSuccess,Dog training exercise completed.
xuiRebirthKnowledgePredatorHandling,Predator Handling
xuiRebirthKnowledgePackBonding,Pack Bonding
xuiRebirthKnowledgeApexPredatorHandling,Apex Predator Handling
xuiRebirthCompanionSafetyLimitReached,The global companion safety limit has been reached.
rebirthBeastmasterInteract,Handle / Tame
rebirthWildCare,Care / Feed
xuiRebirthDisciplineInitiationActionDesc,Complete the listed initiation requirements to unlock this Advanced Discipline.
xuiRebirthTamedWildType,Tamed Wildlife
xuiRebirthWildPickupUnavailable,Tamed wild animals cannot be converted into dog deployment capsules.
xuiRebirthWildStorageUnavailable,This species cannot carry items for you.
xuiRebirthSpecies,Species
xuiRebirthAnimalCapacityCost,Animal Capacity Cost
xuiRebirthWildInventoryNotSupported,Inventory: Not supported for this species.
xuiRebirthBlackMagicZombieAnimalAudit,Zombie Animal Black Magic Audit
xuiRebirthBlackMagicNotSourceAudited,This undead animal has not been source-audited for Black Magic control.
xuiRebirthBlackMagicProtectedTarget,This target is protected from Black Magic control.
xuiRebirthBlackMagicRuntimeIncompatible,This undead animal uses an unsupported AI/runtime family for Black Magic control.
xuiRebirthSkillBlackMagic,Black Magic
xuiRebirthSkillSourceBlackMagic,Temporary undead domination and controlled-undead combat
xuiRebirthKnowledgeMindControlI,Mind Control I
xuiRebirthKnowledgeMindControlII,Mind Control II
xuiRebirthKnowledgeMindControlIII,Mind Control III
rebirthWitchDoctorAttune,Attune
rebirthBlackMagicDominate,Dominate
rebirthBlackMagicRelease,Release Control
xuiRebirthBlackMagicDominated,Dominated
xuiRebirthBlackMagicCapacity,Domination Capacity
rebirthBlackMagicControl,Dominate / Release Control
xuiRebirthKnowledgeUndeadConditioning,Undead Conditioning
xuiRebirthKnowledgeBindingRitual,Binding Ritual
xuiRebirthKnowledgeFeralBinding,Feral Binding
xuiRebirthKnowledgeRadiatedBinding,Radiated Binding
xuiRebirthKnowledgeChargedBinding,Charged Binding
xuiRebirthKnowledgeInfernalBinding,Infernal Binding
xuiRebirthKnowledgeLesserSummoning,Lesser Summoning
xuiRebirthKnowledgeGreaterSummoning,Greater Summoning
xuiRebirthKnowledgeArmyOfTheDead,Army of the Dead
rebirthBlackMagicCondition,Condition Undead
rebirthBlackMagicBind,Binding Ritual
xuiRebirthBoundUndead,Bound Undead
xuiRebirthBoundUndeadAwaitingReturn,Awaiting Return
xuiRebirthBoundUndeadReportForDuty,Report for Duty
xuiRebirthBoundUndeadOverviewDesc,A permanently bound undead companion. Conditioning and binding are individual to this undead and consume Bound Undead Capacity.
xuiRebirthBoundUndeadTier,Undead Tier
xuiRebirthConditioning,Conditioning
xuiRebirthBindingStability,Binding Stability
xuiRebirthBoundUndeadCapacityCost,Bound Undead Capacity Cost
xuiRebirthBoundUndeadLifecycle,Lifecycle
xuiRebirthBoundUndeadInventoryNotSupported,Inventory: Not available for bound undead
xuiRebirthSkillRage,Rage
xuiRebirthSkillSourceRage,Meaningful melee combat while Rage is active
xuiRebirthKnowledgeRageBasic,Basic Rage
xuiRebirthKnowledgeRageControlled,Controlled Rage
xuiRebirthKnowledgeRageOffensive,Offensive Rage
xuiRebirthKnowledgeRageBlood,Blood Rage
rebirthRageCapsule,Rage Capsule
rebirthRageCapsuleDesc,A volatile combat stimulant. Only an initiated Berserker trained in Offensive Rage can exploit it safely.
xuiRebirthKnowledgePantherHandling,Panther Handling
xuiRebirthKnowledgePantherBinding,Panther Binding
xuiRebirthKnowledgeInfectedAnimalBehavior,Infected Animal Behavior
rebirthGuideInfectedAnimalBehavior,Infected Animal Behavior Field Guide
rebirthGuidePantherHandling,Panther Handling Field Guide
rebirthManualBlackMagicPantherBinding,Panther Binding Treatise
rebirthManualMindControlAdvanced,Advanced Mind Control Treatise
rebirthManualMindControlMastery,Mind Control Mastery Treatise
rebirthManualUndeadConditioning,Undead Conditioning Manual
rebirthManualBindingRituals,Binding Rituals Manual
rebirthManualFeralBinding,Feral Binding Manual
rebirthManualRadiatedBinding,Radiated Binding Manual
rebirthManualChargedBinding,Charged Binding Manual
rebirthManualInfernalBinding,Infernal Binding Manual
rebirthManualLesserSummoning,Lesser Summoning Manual
rebirthManualGreaterSummoning,Greater Summoning Manual
rebirthManualArmyOfTheDead,Army of the Dead Treatise
rebirthManualControlledRage,Controlled Rage Manual
rebirthManualOffensiveRage,Offensive Rage Manual
rebirthManualBloodRage,Blood Rage Manual
xuiRebirthExplorerActionDogTraining,Dog Training
xuiRebirthExplorerActionDogTrainingDesc,Train observable basic dog behaviors. Successful exercises improve Animal Handling and teach Basic Dog Training.
xuiRebirthExplorerActionWorkingDogTraining,Working Dog Training
xuiRebirthExplorerActionWorkingDogTrainingDesc,Advance an owned dog into Guard Area and other working behaviors through training milestones.
xuiRebirthExplorerActionAnimalBehavior,Animal Behavior
xuiRebirthExplorerActionAnimalBehaviorDesc,Develop the handling theory used for advanced dog behavior and Beastmaster initiation.
xuiRebirthExplorerActionPredatorHandling,Predator Handling
xuiRebirthExplorerActionPredatorHandlingDesc,Beastmaster route for living coyotes and early natural predators. Infected animals are excluded.
xuiRebirthExplorerActionPackBonding,Pack Bonding
xuiRebirthExplorerActionPackBondingDesc,Beastmaster route for living wolves and advanced wolf variants.
xuiRebirthExplorerActionApexHandling,Apex Predator Handling
xuiRebirthExplorerActionApexHandlingDesc,Beastmaster route for living mountain lions and bears. Zombie animals cannot be tamed.
xuiRebirthExplorerActionInfectedAnimalBinding,Infected Animal Binding
xuiRebirthExplorerActionInfectedAnimalBindingDesc,Black Magic route for source-audited infected animals. Requires Animal Handling and Infected Animal Behavior; Beastmaster is not a prerequisite and cannot tame them.
xuiRebirthExplorerActionMindControlI,Mind Control I
xuiRebirthExplorerActionMindControlIDesc,Temporarily control eligible Normal and Feral undead. Requires the Witch Doctor discipline and available Black Magic capacity.
xuiRebirthExplorerActionMindControlII,Mind Control II
xuiRebirthExplorerActionMindControlIIDesc,Temporarily control eligible Radiated and Charged undead with advanced Black Magic.
xuiRebirthExplorerActionMindControlIII,Mind Control III
xuiRebirthExplorerActionMindControlIIIDesc,Temporarily control eligible Infernal undead with master-level Black Magic.
xuiRebirthExplorerActionUndeadConditioning,Undead Conditioning
xuiRebirthExplorerActionUndeadConditioningDesc,Condition one dominated undead over repeated valid exercises before permanent binding.
xuiRebirthExplorerActionBindingNormal,Normal Binding
xuiRebirthExplorerActionBindingNormalDesc,Permanently bind a fully conditioned Normal undead when capacity permits.
xuiRebirthExplorerActionBindingFeral,Feral Binding
xuiRebirthExplorerActionBindingFeralDesc,Permanently bind a fully conditioned Feral undead after the required Black Magic progression.
xuiRebirthExplorerActionBindingRadiated,Radiated Binding
xuiRebirthExplorerActionBindingRadiatedDesc,Permanently bind a fully conditioned Radiated undead after the required Black Magic progression.
xuiRebirthExplorerActionBindingCharged,Charged Binding
xuiRebirthExplorerActionBindingChargedDesc,Permanently bind a fully conditioned Charged undead after the required Black Magic progression.
xuiRebirthExplorerActionBindingInfernal,Infernal Binding
xuiRebirthExplorerActionBindingInfernalDesc,Master-tier permanent binding for fully conditioned Infernal undead.
xuiRebirthExplorerActionLesserSummoning,Lesser Summoning
xuiRebirthExplorerActionLesserSummoningDesc,Lesser Summoning is unavailable in this release. Learning its knowledge does not currently let you summon undead.
xuiRebirthExplorerActionGreaterSummoning,Greater Summoning
xuiRebirthExplorerActionGreaterSummoningDesc,Greater Summoning is unavailable in this release. Learning its knowledge does not currently let you summon undead.
xuiRebirthExplorerActionArmyOfDead,Army of the Dead
xuiRebirthExplorerActionArmyOfDeadDesc,Army of the Dead is unavailable in this release. Learning its knowledge does not currently let you summon undead.
xuiRebirthExplorerSummoningAssetsUnavailable,Summoning is unavailable in this release.
xuiRebirthExplorerActionRageBasic,Basic Rage
xuiRebirthExplorerActionRageBasicDesc,Berserker Rage fueled by the 3.0 Energy system; meaningful melee combat while active trains Rage.
xuiRebirthExplorerActionRageControlled,Controlled Rage
xuiRebirthExplorerActionRageControlledDesc,Improved Rage control earned through Rage Skill progression and study.
xuiRebirthExplorerActionRageOffensive,Offensive Rage
xuiRebirthExplorerActionRageOffensiveDesc,Offensive Rage specialization and the discipline gate for exploiting Rage Capsules.
xuiRebirthExplorerActionRageBlood,Blood Rage
xuiRebirthExplorerActionRageBloodDesc,Late Berserker specialization available only during an active Blood Moon.
xuiRebirthExplorerActionHorrorPanther,Horror Panther
xuiRebirthExplorerActionHorrorPantherDesc,"Witch Doctor special panther route requiring Animal Handling, Panther Handling, Black Magic and Panther Binding."
xuiRebirthExplorerActionRagePanther,Rage Panther
xuiRebirthExplorerActionRagePantherDesc,"Berserker special panther route requiring Animal Handling, Panther Handling and advanced Rage mastery."
xuiRebirthDeployHorrorPanther,Deploy Horror Panther
xuiRebirthDeployRagePanther,Deploy Rage Panther
xuiRebirthBackgroundBonusEfficientMovement,Efficient Movement
xuiRebirthBackgroundBonusEfficientMovementDesc,Sprinting and jumping and swimming use 15% less movement Energy. Mining and attacks are unaffected.
xuiRebirthBackgroundBonusTraumaSpecialist,Trauma Specialist
xuiRebirthBackgroundBonusTraumaSpecialistDesc,Properly treated injuries heal twice as fast when treated by a Paramedic.
xuiRebirthBackgroundBonusPharmacyEye,Pharmacy Eye
xuiRebirthBackgroundBonusPharmacyEyeDesc,Pharmaceutical containers yield substantially more useful medication-related supplies.
xuiRebirthBackgroundBonusReagentRecovery,Reagent Recovery
xuiRebirthBackgroundBonusReagentRecoveryDesc,Some lab and chemistry work recovers reagents that would normally be consumed.
xuiRebirthBackgroundBonusBookworm,Bookworm
xuiRebirthBackgroundBonusBookwormDesc,Bookcases and similar literature containers provide twice as much readable or Knowledge-related content.
xuiRebirthBackgroundBonusPartsSalvager,Parts Salvager
xuiRebirthBackgroundBonusPartsSalvagerDesc,Dismantled vehicles provide significantly more usable mechanical parts.
xuiRebirthBackgroundBonusPowerSaver,Power Saver
xuiRebirthBackgroundBonusPowerSaverDesc,Electrical systems built or configured by an Electrician consume less generator and battery power.
xuiRebirthBackgroundBonusBuiltToLast,Built to Last
xuiRebirthBackgroundBonusBuiltToLastDesc,Structures built by a Construction Worker have 15% greater maximum durability.
xuiRebirthBackgroundBonusHeatTreatment,Heat Treatment
xuiRebirthBackgroundBonusHeatTreatmentDesc,Metal tools melee weapons and fabricated metal equipment made by a Metal Worker have 15% greater maximum durability.
xuiRebirthBackgroundBonusNothingIsDisposable,Nothing Is Disposable / Tools at Hand
xuiRebirthBackgroundBonusNothingIsDisposableDesc,Repairs cause 50% less permanent maximum-condition loss. Tools at Hand gives 2 extra toolbelt slots with any belt or without one.
xuiRebirthBackgroundBonusEngineeredReliability,Engineered Reliability
xuiRebirthBackgroundBonusEngineeredReliabilityDesc,Electrical and automated traps built by an Engineer have 50% greater maximum durability.
xuiRebirthBackgroundBonusOreSense,Ore Sense
xuiRebirthBackgroundBonusOreSenseDesc,Miners can toggle Ore Sense to locate nearby ore deposits through surrounding rock.
xuiRebirthBackgroundBonusProfessionalLogging,Professional Logging
xuiRebirthBackgroundBonusProfessionalLoggingDesc,Trees provide substantially more wood when brought down and cutting them consumes less Stamina and Energy.
xuiRebirthBackgroundBonusFireResistant,Fire Resistant
xuiRebirthBackgroundBonusFireResistantDesc,Firefighters take substantially less damage from fire and burning and burning ends sooner.
xuiRebirthBackgroundBonusCombatMomentum,Combat Momentum
xuiRebirthBackgroundBonusCombatMomentumDesc,Qualifying combat kills build up to three stacks of improved reload speed and weapon handling.
xuiRebirthBackgroundBonusPatrolCarFamiliarity,Patrol Car Familiarity
xuiRebirthBackgroundBonusPatrolCarFamiliarityDesc,Police vehicles provide three times the normal ammunition when searched by a Police Officer.
xuiRebirthBackgroundBonusHuntersMark,Hunter's Mark
xuiRebirthBackgroundBonusHuntersMarkDesc,Hunters can observe and track individual natural animals and unharvested animal carcasses remain visible on their compass.
xuiRebirthBackgroundBonusCalmingPresence,Calming Presence
xuiRebirthBackgroundBonusCalmingPresenceDesc,Wildlife takes significantly longer to become hostile around a Park Ranger.
xuiRebirthBackgroundBonusGunsmithMasterRestoration,Master Restoration
xuiRebirthBackgroundBonusGunsmithMasterRestorationDesc,Repairing firearms can recover maximum durability previously lost to permanent degradation.
xuiRebirthBackgroundBonusProfessionalCooking,Professional Cooking
xuiRebirthBackgroundBonusProfessionalCookingDesc,Chef-prepared meals provide stronger Energy recovery and make absorbed Nutrition sustain Energy more efficiently.
xuiRebirthBackgroundBonusTailorMasterRestoration,Master Restoration
xuiRebirthBackgroundBonusTailorMasterRestorationDesc,Repairing armor and clothing can recover maximum durability previously lost to permanent degradation.
xuiRebirthBackgroundBonusRapidCultivation,Rapid Cultivation
xuiRebirthBackgroundBonusRapidCultivationDesc,Crops grown by a Farmer reach maturity substantially faster.
xuiRebirthBackgroundBonusWholeAnimal,Whole Animal
xuiRebirthBackgroundBonusWholeAnimalDesc,Butchers recover substantially more usable resources from animal carcasses.
xuiRebirthBackgroundBonusMasterMixologist,Master Mixologist
xuiRebirthBackgroundBonusMasterMixologistDesc,Special effects from drinks prepared by a Bartender last twice as long.
xuiRebirthBackgroundBonusMoreOptions,More Options
xuiRebirthBackgroundBonusMoreOptionsDesc,Trader quest rewards provide one additional reward option to choose from; it does not increase how many rewards are claimed.
xuiRebirthBackgroundBonusScholarAndMentor,Scholar and Mentor
xuiRebirthBackgroundBonusScholarAndMentorDesc,Teachers learn Knowledge faster from books and training materials and students they teach gain a temporary learning bonus in that subject.
xuiRebirthBackgroundBonusNothingIsJunk,Nothing Is Junk / Expert Packing
xuiRebirthBackgroundBonusNothingIsJunkDesc,Recover more useful materials when dismantling. Expert Packing adds 11 usable backpack slots (one full inventory row). The extra row also adds 11 slots you can fill without becoming encumbered.
inpActRebirthOreSenseName,Ore Sense
inpActRebirthOreSenseDesc,Toggle the Miner Ore Sense overlay
xuiRebirthOreSenseHudTitle,ORE SENSE
rebirthHunterObserve,Observe Animal
xuiRebirthCombatMomentumName,Combat Momentum
xuiRebirthCombatMomentumDesc,Qualifying personal combat kills build up to three temporary stacks of faster reload and steadier weapon handling.
xuiRebirthHunterObservationName,Observing Animal
xuiRebirthHunterObservationDesc,Maintain clear line of sight until observation completes.
xuiRebirthSkillDrinkPreparation,Drink Preparation
xuiRebirthSkillSourceDrinkPreparation,Learn by completing prepared drinks. Skill determines audited special-effect duration at craft completion.
xuiRebirthPreparedBeerPainResistanceName,Prepared Beer: Pain Resistance
xuiRebirthPreparedBeerPainResistanceDesc,The prepared beer's pain-resistance effect has entered absorption.
xuiRebirthPreparedBeerPainResistanceTooltip,Physical damage resistance from a specially prepared beer.
xuiRebirthPreparedRedTeaMobilityName,Prepared Red Tea: Mobility
xuiRebirthPreparedRedTeaMobilityDesc,The prepared red tea's mobility effect has entered absorption.
xuiRebirthPreparedRedTeaMobilityTooltip,Carry capacity and movement speed from specially prepared red tea.
xuiRebirthPreparedGoldenrodMiningName,Prepared Goldenrod Tea: Mining
xuiRebirthPreparedGoldenrodMiningDesc,The prepared goldenrod tea's mining effect has entered absorption.
xuiRebirthPreparedGoldenrodMiningTooltip,Greater mining damage to stone and metal while using mining tools.
xuiRebirthPreparedYuccaWorkName,Prepared Yucca Juice: Field Work
xuiRebirthPreparedYuccaWorkDesc,The prepared yucca juice's field-work effect has entered absorption.
xuiRebirthPreparedYuccaWorkTooltip,Greater earth and wood work output while using shovels and axes.
xuiRebirthSkillTrading,Trading
xuiRebirthSkillSourceTrading,"Learn by completing meaningful NPC trader sales. Reversible loops, repeated tiny trades and spoofed values award little or nothing."
xuiRebirthTradingSpecialStock,Trading Stock
xuiRebirthTradingSpecialStockDesc,Special trader stock expands as Trading improves; native trader stage and item progression still apply.
xuiRebirthSkillTeaching,Teaching
xuiRebirthSkillSourceTeaching,Theory actually transferred and persisted to a player or owned NPC/companion student.
xuiRebirthTeach,Teach
xuiRebirthTeachingTitle,Teach a Survivor
xuiRebirthTeachingSubjects,Subjects You Can Teach
xuiRebirthTeachingSelectSubject,Select a subject to teach.
xuiRebirthTeachingNoSubjects,No eligible subjects are currently available. You must know the subject better than the student and any repeat cooldown must have expired.
xuiRebirthTeachingOfferLesson,Offer Lesson
xuiRebirthTeachingClose,Close
xuiRebirthTeachingOfferTitle,Teaching Offer
xuiRebirthTeachingOfferBody,{0} wants to teach you {1}. Accepting starts a nearby timed lesson; moving away or disconnecting cancels it.
xuiRebirthTeachingAccept,Accept
xuiRebirthTeachingDecline,Decline
xuiRebirthTeachingLoading,Checking teachable subjects...
xuiRebirthTeachingTarget,Student
xuiRebirthTeachingSubject,Subject
xuiRebirthTeachingReady,Select a subject and offer the lesson.
xuiRebirthTeachingOfferSent,Lesson offer sent.
xuiRebirthSignatureBonus,Signature Bonus
xuiRebirthSignatureBonusNone,None
xuiRebirthSignatureBonusNoneDesc,This Experience has no Signature Bonus.
xuiRebirthProgressionRelatedSignatureBonus,Related Signature Bonus
xuiRebirthBackgroundBonusNotPrerequisite,Signature Bonuses modify related gameplay but do not make normal Skills or Knowledge background prerequisites.
xuiRebirthSkillRelationAnimalHandling,"Calming Presence complements Animal Handling, but Animal Handling remains available to every Rebirth survivor."
xuiRebirthSkillRelationDrinkPreparation,Master Mixologist multiplies the final prepared-drink effect duration after Drink Preparation determines it; the Skill is not background-gated.
xuiRebirthSkillRelationTrading,More Options is independent of Trading and can add another reward option; Trading remains a normal Skill for every Rebirth survivor.
xuiRebirthSkillRelationTeaching,"Scholar and Mentor augments study and lessons, but Teaching remains available to every Rebirth survivor."
xuiRebirthEnergyIdleRecovery,Idle Recovery
xuiRebirthEnergyRecovering,Recovering
xuiRebirthEnergyExertion,Exertion
xuiRebirthEnergyStable,Stable
xuiRebirthEnergyFatigue,Fatigue
xuiRebirthEnergyStaminaRecovery,Stamina recovery
xuiRebirthEnergyCritical,Critical
xuiRebirthPersonalCrafting,Personal Crafting
xuiRebirthCraftingTabsComing,Custom navigation/status region — implemented in Chunk C
xuiRebirthCraftingSearchPlaceholder,Search recipes...
xuiRebirthCraftingNoRecipes,No recipes match the current filters.
xuiRebirthCraftingFavoritesTooltip,Show favorite recipes only
xuiRebirthCraftingStatusReady,Ready
xuiRebirthCraftingStatusMissing,Missing items
xuiRebirthCraftingStatusLocked,Locked
xuiRebirthCraftingStatusTracked,Tracked
xuiRebirthCraftingStatusQuest,Quest
xuiRebirthCraftingStatusChallenge,Challenge
xuiRebirthCraftStatus,Craft Status
xuiRebirthReadyToCraft,Ready to craft
xuiRebirthMissingMaterials,Missing materials
xuiRebirthRecipeLocked,Recipe locked
xuiRebirthCraftRequirementsBlocked,Crafting requirement blocked
xuiRebirthCraftTemporarilyBlocked,Temporarily blocked
xuiRebirthHave,Have
xuiRebirthNeed,Need
xuiRebirthSources,Sources
xuiRebirthNoAvailableSources,No available sources
xuiRebirthBackpack,Backpack
xuiRebirthToolbelt,Toolbelt
xuiRebirthWorkstation,Workstation
xuiRebirthVehicle,Vehicle
xuiRebirthCompanion,Companion
xuiRebirthStorageContainer,Storage Container
xuiRebirthSelectRecipeOutcomePrompt,Select a recipe to preview its deterministic outcome.
xuiRebirthCraftingInventoryUnencumbered,unencumbered
xuiRebirthCraftingInventoryLockTooltip,Lock or unlock backpack slots
xuiRebirthCraftingInventorySortTooltip,Sort backpack while preserving locked slots
xuiRebirthSelectedItem,Selected Item
xuiRebirthItemContextCloseTooltip,Close selected item actions
xuiRebirthItemReady,Ready
xuiRebirthCount,Count
xuiRebirthCraftingInventoryEncumbered,encumbered
xuiRebirthCraftingProgressionAction,Progression
xuiRebirthCharacterDataPending,Waiting for character data...
xuiRebirthCharacterListUnavailable,List presentation unavailable. Check the installed Character files.
xuiRebirthCharacterNoTraits,No traits on this character.
xuiRebirthCharacterNoConditions,No current conditions.
xuiRebirthCharacterArtUnavailable,Background art unavailable
xuiRebirthCharacterModelUnavailable,Character preview unavailable
xuiRebirthCharacterEquipmentHint,Use equipment slots to change armor and clothing.\nManage other items from Inventory.

inpActRebirthMinimapZoomInName,Minimap Zoom In
inpActRebirthMinimapZoomOutName,Minimap Zoom Out
inpActRebirthMinimapZoomInDesc,Zoom the minimap in one small step.
inpActRebirthMinimapZoomOutDesc,Zoom the minimap out one small step.
xuiRebirthMinimapTransparency,Minimap Transparency

xuiRebirthMinimapVisibility,Minimap Visibility
xuiRebirthMinimapOn,On
xuiRebirthMinimapOff,Off
inpActRebirthMinimapVisibilityName,Toggle Minimap Visibility
inpActRebirthMinimapVisibilityDesc,Show or hide the minimap.
rebirthCookingFoodN01,Carrot & Ginger Soup
rebirthCookingFoodN01Desc,A cooked serving of Carrot & Ginger Soup. Nutrition and comfort reflect this dish; personal diet and recent meal variety affect enjoyment.
rebirthCookingFoodN02,Onion & Barley Broth
rebirthCookingFoodN02Desc,A cooked serving of Onion & Barley Broth. Nutrition and comfort reflect this dish; personal diet and recent meal variety affect enjoyment.
rebirthCookingFoodN03,Sweet Potato & Turnip Mash
rebirthCookingFoodN03Desc,A cooked serving of Sweet Potato & Turnip Mash. Nutrition and comfort reflect this dish; personal diet and recent meal variety affect enjoyment.
rebirthCookingFoodN04,Roasted Root Medley
rebirthCookingFoodN04Desc,A cooked serving of Roasted Root Medley. Nutrition and comfort reflect this dish; personal diet and recent meal variety affect enjoyment.
rebirthCookingFoodN05,Chard & Onion Rice
rebirthCookingFoodN05Desc,A cooked serving of Chard & Onion Rice. Nutrition and comfort reflect this dish; personal diet and recent meal variety affect enjoyment.
rebirthCookingFoodN06,Garden-Stuffed Peppers
rebirthCookingFoodN06Desc,A cooked serving of Garden-Stuffed Peppers. Nutrition and comfort reflect this dish; personal diet and recent meal variety affect enjoyment.
rebirthCookingFoodN07,Zucchini Cornmeal Fritters
rebirthCookingFoodN07Desc,A cooked serving of Zucchini Cornmeal Fritters. Nutrition and comfort reflect this dish; personal diet and recent meal variety affect enjoyment.
rebirthCookingFoodN08,Chard & Tomato Omelette
rebirthCookingFoodN08Desc,A cooked serving of Chard & Tomato Omelette. Nutrition and comfort reflect this dish; personal diet and recent meal variety affect enjoyment.
rebirthCookingFoodN09,Garden Tomato Pasta
rebirthCookingFoodN09Desc,A cooked serving of Garden Tomato Pasta. Nutrition and comfort reflect this dish; personal diet and recent meal variety affect enjoyment.
rebirthCookingFoodN10,Crunchy Garden Salad
rebirthCookingFoodN10Desc,"Assemble Crunchy Garden Salad in your backpack from the listed ingredients after learning the recipe. No campfire or cooking tool is required. Nutrition and comfort reflect the dish; personal diet and recent meal variety affect enjoyment."
rebirthCookingFoodN11,Cucumber & Radish Salad
rebirthCookingFoodN11Desc,"Assemble Cucumber & Radish Salad in your backpack from the listed ingredients after learning the recipe. No campfire or cooking tool is required. Nutrition and comfort reflect the dish; personal diet and recent meal variety affect enjoyment."
rebirthCookingFoodN12,Chanterelle & King Oyster Rice
rebirthCookingFoodN12Desc,A cooked serving of Chanterelle & King Oyster Rice. Nutrition and comfort reflect this dish; personal diet and recent meal variety affect enjoyment.
rebirthCookingFoodN13,Black Trumpet Barley Stew
rebirthCookingFoodN13Desc,A cooked serving of Black Trumpet Barley Stew. Nutrition and comfort reflect this dish; personal diet and recent meal variety affect enjoyment.
rebirthCookingFoodN14,Enoki & Chard Miso Soup
rebirthCookingFoodN14Desc,A cooked serving of Enoki & Chard Miso Soup. Nutrition and comfort reflect this dish; personal diet and recent meal variety affect enjoyment.
rebirthCookingFoodN15,Black Trumpet & Onion Pie
rebirthCookingFoodN15Desc,A cooked serving of Black Trumpet & Onion Pie. Nutrition and comfort reflect this dish; personal diet and recent meal variety affect enjoyment.
rebirthCookingFoodN16,Butternut Rice Bake
rebirthCookingFoodN16Desc,A cooked serving of Butternut Rice Bake. Nutrition and comfort reflect this dish; personal diet and recent meal variety affect enjoyment.
rebirthCookingFoodN17,Cranberry Oat Porridge
rebirthCookingFoodN17Desc,A cooked serving of Cranberry Oat Porridge. Nutrition and comfort reflect this dish; personal diet and recent meal variety affect enjoyment.
rebirthCookingFoodN18,Strawberry Breakfast Porridge
rebirthCookingFoodN18Desc,A cooked serving of Strawberry Breakfast Porridge. Nutrition and comfort reflect this dish; personal diet and recent meal variety affect enjoyment.
rebirthCookingFoodN19,Currant Flatbread
rebirthCookingFoodN19Desc,A cooked serving of Currant Flatbread. Nutrition and comfort reflect this dish; personal diet and recent meal variety affect enjoyment.
rebirthCookingFoodN20,Gooseberry Oat Crumble
rebirthCookingFoodN20Desc,A cooked serving of Gooseberry Oat Crumble. Nutrition and comfort reflect this dish; personal diet and recent meal variety affect enjoyment.
rebirthCookingFoodN21,Raspberry Oat Bars
rebirthCookingFoodN21Desc,A cooked serving of Raspberry Oat Bars. Nutrition and comfort reflect this dish; personal diet and recent meal variety affect enjoyment.
rebirthCookingFoodN22,Strawberry Galette
rebirthCookingFoodN22Desc,A cooked serving of Strawberry Galette. Nutrition and comfort reflect this dish; personal diet and recent meal variety affect enjoyment.
rebirthCookingFoodN23,Cranberry-Glazed Meat
rebirthCookingFoodN23Desc,A cooked serving of Cranberry-Glazed Meat. Nutrition and comfort reflect this dish; personal diet and recent meal variety affect enjoyment.
rebirthCookingFoodN24,Ginger Chicken Rice
rebirthCookingFoodN24Desc,A cooked serving of Ginger Chicken Rice. Nutrition and comfort reflect this dish; personal diet and recent meal variety affect enjoyment.
rebirthCookingFoodN25,Tomato & Salmon Stew
rebirthCookingFoodN25Desc,A cooked serving of Tomato & Salmon Stew. Nutrition and comfort reflect this dish; personal diet and recent meal variety affect enjoyment.
rebirthCookingFoodN26,Tuna-Stuffed Peppers
rebirthCookingFoodN26Desc,A cooked serving of Tuna-Stuffed Peppers. Nutrition and comfort reflect this dish; personal diet and recent meal variety affect enjoyment.
rebirthCookingFoodN27,Sweet Potato Hand Pies
rebirthCookingFoodN27Desc,A cooked serving of Sweet Potato Hand Pies. Nutrition and comfort reflect this dish; personal diet and recent meal variety affect enjoyment.
rebirthCookingFoodN28,Tomato & Turnip Soup
rebirthCookingFoodN28Desc,A cooked serving of Tomato & Turnip Soup. Nutrition and comfort reflect this dish; personal diet and recent meal variety affect enjoyment.
rebirthCookingFoodN29,Harvest Vegetable Pie
rebirthCookingFoodN29Desc,A cooked serving of Harvest Vegetable Pie. Nutrition and comfort reflect this dish; personal diet and recent meal variety affect enjoyment.
rebirthCookingFoodN30,Tomato Barley Casserole
rebirthCookingFoodN30Desc,A cooked serving of Tomato Barley Casserole. Nutrition and comfort reflect this dish; personal diet and recent meal variety affect enjoyment.
rebirthCookingFoodN31,Gooseberry & Currant Compote
rebirthCookingFoodN31Desc,A cooked serving of Gooseberry & Currant Compote. Nutrition and comfort reflect this dish; personal diet and recent meal variety affect enjoyment.
rebirthCookingFoodN32,Lavender Oat Biscuits
rebirthCookingFoodN32Desc,A cooked serving of Lavender Oat Biscuits. Nutrition and comfort reflect this dish; personal diet and recent meal variety affect enjoyment.
rebirthCookingFoodN33,Chamomile Honey Custard
rebirthCookingFoodN33Desc,A cooked serving of Chamomile Honey Custard. Nutrition and comfort reflect this dish; personal diet and recent meal variety affect enjoyment.
rebirthCookingFoodN34,Onion & Oat Meatloaf
rebirthCookingFoodN34Desc,A cooked serving of Onion & Oat Meatloaf. Nutrition and comfort reflect this dish; personal diet and recent meal variety affect enjoyment.
rebirthCookingFoodN35,Crisp King Oyster Bites
rebirthCookingFoodN35Desc,A cooked serving of Crisp King Oyster Bites. Nutrition and comfort reflect this dish; personal diet and recent meal variety affect enjoyment.
rebirthCookingFoodN36,Ginger Enoki Rice Bowl
rebirthCookingFoodN36Desc,A cooked serving of Ginger Enoki Rice Bowl. Nutrition and comfort reflect this dish; personal diet and recent meal variety affect enjoyment.
rebirthCookingFoodN37,Chamomile & Raspberry Infusion
rebirthCookingFoodN37Desc,"Calming infusion. A full serving eases 10 stress over 30 seconds and reduces incoming stress by 30% for five minutes, including during danger. Partial servings grant proportional benefit; relief is limited to once per five minutes."
rebirthCookingFoodN38,Lavender & Currant Infusion
rebirthCookingFoodN38Desc,"Comforting infusion. Raises your Mood target by 3 for ten minutes per full serving. Partial servings grant proportional duration, capped at ten minutes; strength does not stack."
rebirthCookingFoodN39,Chanterelle & Egg Skillet
rebirthCookingFoodN39Desc,A cooked serving of Chanterelle & Egg Skillet. Nutrition and comfort reflect this dish; personal diet and recent meal variety affect enjoyment.
rebirthCookingFoodN40,Chanterelle & Turnip Soup
rebirthCookingFoodN40Desc,A cooked serving of Chanterelle & Turnip Soup. Nutrition and comfort reflect this dish; personal diet and recent meal variety affect enjoyment.
rebirthCookingFoodN41,Chanterelle-Stuffed Zucchini
rebirthCookingFoodN41Desc,A cooked serving of Chanterelle-Stuffed Zucchini. Nutrition and comfort reflect this dish; personal diet and recent meal variety affect enjoyment.
rebirthCookingFoodN42,Black Trumpet & Egg Scramble
rebirthCookingFoodN42Desc,A cooked serving of Black Trumpet & Egg Scramble. Nutrition and comfort reflect this dish; personal diet and recent meal variety affect enjoyment.
rebirthCookingFoodN43,Black Trumpet Rice Broth
rebirthCookingFoodN43Desc,A cooked serving of Black Trumpet Rice Broth. Nutrition and comfort reflect this dish; personal diet and recent meal variety affect enjoyment.
rebirthCookingFoodN44,Black Trumpet & Sweet Potato Bake
rebirthCookingFoodN44Desc,A cooked serving of Black Trumpet & Sweet Potato Bake. Nutrition and comfort reflect this dish; personal diet and recent meal variety affect enjoyment.
rebirthCookingFoodN45,King Oyster & Barley Soup
rebirthCookingFoodN45Desc,A cooked serving of King Oyster & Barley Soup. Nutrition and comfort reflect this dish; personal diet and recent meal variety affect enjoyment.
rebirthCookingFoodN46,King Oyster Lettuce Cups
rebirthCookingFoodN46Desc,A cooked serving of King Oyster Lettuce Cups. Nutrition and comfort reflect this dish; personal diet and recent meal variety affect enjoyment.
rebirthCookingFoodN47,King Oyster & Zucchini Skillet
rebirthCookingFoodN47Desc,A cooked serving of King Oyster & Zucchini Skillet. Nutrition and comfort reflect this dish; personal diet and recent meal variety affect enjoyment.
rebirthCookingFoodN48,Enoki & Egg Soup
rebirthCookingFoodN48Desc,A cooked serving of Enoki & Egg Soup. Nutrition and comfort reflect this dish; personal diet and recent meal variety affect enjoyment.
rebirthCookingFoodN49,Crisp Enoki Cornmeal Cakes
rebirthCookingFoodN49Desc,A cooked serving of Crisp Enoki Cornmeal Cakes. Nutrition and comfort reflect this dish; personal diet and recent meal variety affect enjoyment.
rebirthCookingFoodN50,Enoki & Radish Broth
rebirthCookingFoodN50Desc,A cooked serving of Enoki & Radish Broth. Nutrition and comfort reflect this dish; personal diet and recent meal variety affect enjoyment.
rebirthCookingFoodN51,Butternut & Barley Soup
rebirthCookingFoodN51Desc,A cooked serving of Butternut & Barley Soup. Nutrition and comfort reflect this dish; personal diet and recent meal variety affect enjoyment.
rebirthCookingFoodN52,Butternut Cornmeal Cakes
rebirthCookingFoodN52Desc,A cooked serving of Butternut Cornmeal Cakes. Nutrition and comfort reflect this dish; personal diet and recent meal variety affect enjoyment.
rebirthCookingFoodN53,Sweet Potato Breakfast Hash
rebirthCookingFoodN53Desc,A cooked serving of Sweet Potato Breakfast Hash. Nutrition and comfort reflect this dish; personal diet and recent meal variety affect enjoyment.
rebirthCookingFoodN54,Warm Radish & Carrot Salad
rebirthCookingFoodN54Desc,A cooked serving of Warm Radish & Carrot Salad. Nutrition and comfort reflect this dish; personal diet and recent meal variety affect enjoyment.
rebirthCookingFoodN55,Cucumber & Barley Salad
rebirthCookingFoodN55Desc,A cooked serving of Cucumber & Barley Salad. Nutrition and comfort reflect this dish; personal diet and recent meal variety affect enjoyment.
rebirthCookingFoodN56,Cucumber Tuna Lettuce Cups
rebirthCookingFoodN56Desc,"Assemble Cucumber Tuna Lettuce Cups in your backpack from the listed ingredients after learning the recipe. No campfire or cooking tool is required. Nutrition and comfort reflect the dish; personal diet and recent meal variety affect enjoyment."
rebirthCookingFoodN57,Strawberry & Lettuce Salad
rebirthCookingFoodN57Desc,"Assemble Strawberry & Lettuce Salad in your backpack from the listed ingredients after learning the recipe. No campfire or cooking tool is required. Nutrition and comfort reflect the dish; personal diet and recent meal variety affect enjoyment."
rebirthCookingFoodN58,Strawberry Rice Pudding
rebirthCookingFoodN58Desc,A cooked serving of Strawberry Rice Pudding. Nutrition and comfort reflect this dish; personal diet and recent meal variety affect enjoyment.
rebirthCookingFoodN59,Raspberry Cornmeal Pancakes
rebirthCookingFoodN59Desc,A cooked serving of Raspberry Cornmeal Pancakes. Nutrition and comfort reflect this dish; personal diet and recent meal variety affect enjoyment.
rebirthCookingFoodN60,Raspberry & Gooseberry Fruit Bowl
rebirthCookingFoodN60Desc,"Assemble Raspberry & Gooseberry Fruit Bowl in your backpack from the listed ingredients after learning the recipe. No campfire or cooking tool is required. Nutrition and comfort reflect the dish; personal diet and recent meal variety affect enjoyment."
rebirthCookingFoodN61,Gooseberry Skillet Cakes
rebirthCookingFoodN61Desc,A cooked serving of Gooseberry Skillet Cakes. Nutrition and comfort reflect this dish; personal diet and recent meal variety affect enjoyment.
rebirthCookingFoodN62,Cranberry & Barley Pilaf
rebirthCookingFoodN62Desc,A cooked serving of Cranberry & Barley Pilaf. Nutrition and comfort reflect this dish; personal diet and recent meal variety affect enjoyment.
rebirthCookingFoodN63,Cranberry Cornmeal Griddle Cakes
rebirthCookingFoodN63Desc,A cooked serving of Cranberry Cornmeal Griddle Cakes. Nutrition and comfort reflect this dish; personal diet and recent meal variety affect enjoyment.
rebirthCookingFoodN64,Cranberry & Sweet Potato Bake
rebirthCookingFoodN64Desc,A cooked serving of Cranberry & Sweet Potato Bake. Nutrition and comfort reflect this dish; personal diet and recent meal variety affect enjoyment.
rebirthCookingFoodN65,Currant Rice Breakfast Bowl
rebirthCookingFoodN65Desc,A cooked serving of Currant Rice Breakfast Bowl. Nutrition and comfort reflect this dish; personal diet and recent meal variety affect enjoyment.
rebirthCookingFoodN66,Currant & Carrot Slaw
rebirthCookingFoodN66Desc,"Assemble Currant & Carrot Slaw in your backpack from the listed ingredients after learning the recipe. No campfire or cooking tool is required. Nutrition and comfort reflect the dish; personal diet and recent meal variety affect enjoyment."
rebirthCookingFoodP01,Wheat Flour
rebirthCookingFoodP01Desc,Wheat flour processed at the mortar and pestle. Use it as an ingredient in dough and other recipes.
rebirthCookingFoodP02,Rolled Oats
rebirthCookingFoodP02Desc,Oats processed at the mortar and pestle. Use them as an ingredient in porridge and other recipes.
rebirthCookingFoodP03,Cane Syrup
rebirthCookingFoodP03Desc,A sweet cane syrup used as an ingredient in other recipes.
rebirthCookingFoodP04,Cranberry Sauce
rebirthCookingFoodP04Desc,A cranberry sauce used as an ingredient in other recipes.
SurvivorStewBeefMushroom,Basic Boeuf Bourguignon
SurvivorStewBeefMushroomDesc,A cooked serving of Basic Boeuf Bourguignon. Nutrition and comfort reflect this dish; personal diet and recent meal variety affect enjoyment.
SurvivorStewBrainStew,Rad-atouille
SurvivorStewBrainStewDesc,A cooked serving of Rad-atouille. Nutrition and comfort reflect this dish; personal diet and recent meal variety affect enjoyment.
SurvivorStewChickenChiliYucca,Frickin' Chicken Fricassee
SurvivorStewChickenChiliYuccaDesc,A cooked serving of Frickin' Chicken Fricassee. Nutrition and comfort reflect this dish; personal diet and recent meal variety affect enjoyment.
SurvivorStewChickenSoupCorn,Quicka Chicka Chowdah
SurvivorStewChickenSoupCornDesc,A cooked serving of Quicka Chicka Chowdah. Nutrition and comfort reflect this dish; personal diet and recent meal variety affect enjoyment.
SurvivorStewLambPeasRavioli,Pass da Fazool
SurvivorStewLambPeasRavioliDesc,A cooked serving of Pass da Fazool. Nutrition and comfort reflect this dish; personal diet and recent meal variety affect enjoyment.
SurvivorStewMisoPetFood,Purrina's Tamale Hash
SurvivorStewMisoPetFoodDesc,A cooked serving of Purrina's Tamale Hash. Nutrition and comfort reflect this dish; personal diet and recent meal variety affect enjoyment.
SurvivorStewPetFoodPuree,Furious' Famous Fabada
SurvivorStewPetFoodPureeDesc,A cooked serving of Furious' Famous Fabada. Nutrition and comfort reflect this dish; personal diet and recent meal variety affect enjoyment.
SurvivorStewSalmonChiliPear,Ramsay's Chili Surprise
SurvivorStewSalmonChiliPearDesc,A cooked serving of Ramsay's Chili Surprise. Nutrition and comfort reflect this dish; personal diet and recent meal variety affect enjoyment.
SurvivorStewTunaCatFoodPumpkin,Chunkin Punkin
SurvivorStewTunaCatFoodPumpkinDesc,A cooked serving of Chunkin Punkin. Nutrition and comfort reflect this dish; personal diet and recent meal variety affect enjoyment.
SurvivorStewTunaDogFoodBlueberry,Fruity Surf-N-Turf
SurvivorStewTunaDogFoodBlueberryDesc,A cooked serving of Fruity Surf-N-Turf. Nutrition and comfort reflect this dish; personal diet and recent meal variety affect enjoyment.
foodForestSmoothie,Woodland Smoothie
foodForestSmoothieDesc,"Assemble Woodland Smoothie in your backpack from the listed ingredients after learning the recipe. No campfire or cooking tool is required. Nutrition and comfort reflect the dish; personal diet and recent meal variety affect enjoyment."
rebirthCookingCardCbacon,Bacon and Eggs — Recipe Card
rebirthCookingCardCbaconDesc,"Reusable recipe reference. Study to remember this title. You can share the card afterward; reading does not raise Cooking skill. Ingredients: 5 Raw Meat, 2 Egg. Keep this reference after reading: cooking literature can be needed later for food preparation and crafting requirements."
rebirthCookingCardCberrypie,Blueberry Pie — Recipe Card
rebirthCookingCardCberrypieDesc,"Reusable recipe reference. Study to remember this title. You can share the card afterward; reading does not raise Cooking skill. Ingredients: 5 Blueberries, 1 Egg, 1 Cornmeal, 1 Animal Fat, 1 Water. Keep this reference after reading: cooking literature can be needed later for food preparation and crafting requirements."
rebirthCookingCardCpumpkinpie,Pumpkin Pie — Recipe Card
rebirthCookingCardCpumpkinpieDesc,"Reusable recipe reference. Study to remember this title. You can share the card afterward; reading does not raise Cooking skill. Ingredients: 2 Pumpkin, 1 Egg, 1 Cornmeal, 1 Animal Fat, 1 Water. Keep this reference after reading: cooking literature can be needed later for food preparation and crafting requirements."
rebirthCookingCardCcheesecake,Pumpkin Cheesecake — Recipe Card
rebirthCookingCardCcheesecakeDesc,"Reusable recipe reference. Study to remember this title. You can share the card afterward; reading does not raise Cooking skill. Ingredients: 1 Pumpkin, 1 Egg, 1 Cornmeal, 1 Animal Fat, 1 Beer. Keep this reference after reading: cooking literature can be needed later for food preparation and crafting requirements."
rebirthCookingCardCpumpkinbread,Pumpkin Bread — Recipe Card
rebirthCookingCardCpumpkinbreadDesc,"Reusable recipe reference. Study to remember this title. You can share the card afterward; reading does not raise Cooking skill. Ingredients: 1 Pumpkin, 1 Cornmeal, 1 Water. Keep this reference after reading: cooking literature can be needed later for food preparation and crafting requirements."
rebirthCookingCardCsham,Can of Sham — Recipe Card
rebirthCookingCardCshamDesc,"Reusable recipe reference. Study to remember this title. You can share the card afterward; reading does not raise Cooking skill. Ingredients: 5 Rotting Flesh, 5 Bone, 5 Animal Fat. Keep this reference after reading: cooking literature can be needed later for food preparation and crafting requirements."
rebirthCookingCardCchilidog,Chili Dog — Recipe Card
rebirthCookingCardCchilidogDesc,"Reusable recipe reference. Study to remember this title. You can share the card afterward; reading does not raise Cooking skill. Ingredients: 1 Can of Chili, 1 Grilled Meat, 1 Corn Bread. Keep this reference after reading: cooking literature can be needed later for food preparation and crafting requirements."
rebirthCookingCardCcornbread,Corn Bread — Recipe Card
rebirthCookingCardCcornbreadDesc,"Reusable recipe reference. Study to remember this title. You can share the card afterward; reading does not raise Cooking skill. Ingredients: 1 Cornmeal, 1 Water. Keep this reference after reading: cooking literature can be needed later for food preparation and crafting requirements."
rebirthCookingCardCtacos,Fish Tacos — Recipe Card
rebirthCookingCardCtacosDesc,"Reusable recipe reference. Study to remember this title. You can share the card afterward; reading does not raise Cooking skill. Ingredients: 1 Can of Salmon, 2 Cornmeal. Keep this reference after reading: cooking literature can be needed later for food preparation and crafting requirements."
rebirthCookingCardCwings,Chicken Wings — Recipe Card
rebirthCookingCardCwingsDesc,"Reusable recipe reference. Study to remember this title. You can share the card afterward; reading does not raise Cooking skill. Ingredients: 1 Domesticated Chicken, 1 Cornmeal, 1 Egg, 1 Oil, 1 Jar of Honey. Keep this reference after reading: cooking literature can be needed later for food preparation and crafting requirements."
rebirthCookingCardCnuggets,Chicken Nuggets — Recipe Card
rebirthCookingCardCnuggetsDesc,"Reusable recipe reference. Study to remember this title. You can share the card afterward; reading does not raise Cooking skill. Ingredients: 1 Grilled Meat, 2 Feather, 1 Cornmeal, 1 Animal Fat. Keep this reference after reading: cooking literature can be needed later for food preparation and crafting requirements."
rebirthCookingCardCashstew,Ash Chicken Stew — Recipe Card
rebirthCookingCardCashstewDesc,"Reusable recipe reference. Study to remember this title. You can share the card afterward; reading does not raise Cooking skill. Ingredients: 1 Domesticated Chicken, 2 Mushrooms, 3 Ear of Corn, 1 Coal, 1 Water. Keep this reference after reading: cooking literature can be needed later for food preparation and crafting requirements."
rebirthCookingCardCjerky,Roadrunner Chicken Jerky — Recipe Card
rebirthCookingCardCjerkyDesc,"Reusable recipe reference. Study to remember this title. You can share the card afterward; reading does not raise Cooking skill. Ingredients: 1 Domesticated Chicken, 2 Yucca Fruit, 1 Nitrate Powder, 1 Beer. Keep this reference after reading: cooking literature can be needed later for food preparation and crafting requirements."
rebirthCookingCardCburnt,Black Lung Serum — Recipe Card
rebirthCookingCardCburntDesc,"Reusable recipe reference. Study to remember this title. You can share the card afterward; reading does not raise Cooking skill. Ingredients: 5 Coal, 20 Plant Fibers, 5 Mushrooms, 1 Water. Keep this reference after reading: cooking literature can be needed later for food preparation and crafting requirements."
rebirthCookingCardCoasis,Sunstroke Tonic — Recipe Card
rebirthCookingCardCoasisDesc,"Reusable recipe reference. Study to remember this title. You can share the card afterward; reading does not raise Cooking skill. Ingredients: 5 Aloe Vera Leaf, 5 Oil Shale, 5 Mushrooms, 1 Water. Keep this reference after reading: cooking literature can be needed later for food preparation and crafting requirements."
rebirthCookingCardCfrost,Scorcher Stew — Recipe Card
rebirthCookingCardCfrostDesc,"Reusable recipe reference. Study to remember this title. You can share the card afterward; reading does not raise Cooking skill. Ingredients: 5 Blueberries, 1 Grilled Meat, 1 Can of Chili, 1 Beer. Keep this reference after reading: cooking literature can be needed later for food preparation and crafting requirements."
rebirthCookingCardCatomic,Fallout Flush — Recipe Card
rebirthCookingCardCatomicDesc,"Reusable recipe reference. Study to remember this title. You can share the card afterward; reading does not raise Cooking skill. Ingredients: 5 Yucca Fruit, 1 Ear of Super Corn, 5 Radiated Mushrooms, 1 Bottle of Acid. Keep this reference after reading: cooking literature can be needed later for food preparation and crafting requirements."
rebirthCookingCardChobo,Hobo Stew — Recipe Card
rebirthCookingCardChoboDesc,"Reusable recipe reference. Study to remember this title. You can share the card afterward; reading does not raise Cooking skill. Ingredients: 10 Rotting Flesh, 2 Potato, 2 Ear of Corn, 1 Animal Fat, 1 Water. Keep this reference after reading: cooking literature can be needed later for food preparation and crafting requirements."
rebirthCookingCardCmeatstew,Meat Stew — Recipe Card
rebirthCookingCardCmeatstewDesc,"Reusable recipe reference. Study to remember this title. You can share the card afterward; reading does not raise Cooking skill. Ingredients: 1 Grilled Meat, 2 Potato, 2 Ear of Corn, 1 Animal Fat, 1 Water. Keep this reference after reading: cooking literature can be needed later for food preparation and crafting requirements."
rebirthCookingCardCglazed,Honey Glazed Sham — Recipe Card
rebirthCookingCardCglazedDesc,"Reusable recipe reference. Study to remember this title. You can share the card afterward; reading does not raise Cooking skill. Ingredients: 1 Can of Sham, 4 Ear of Corn, 1 Potato, 1 Animal Fat, 1 Jar of Honey. Keep this reference after reading: cooking literature can be needed later for food preparation and crafting requirements."
rebirthCookingCardCbrisket,Honey Brisket — Recipe Card
rebirthCookingCardCbrisketDesc,"Reusable recipe reference. Study to remember this title. You can share the card afterward; reading does not raise Cooking skill. Ingredients: 3 Grilled Meat, 1 Cornmeal, 1 Mushrooms, 1 Animal Fat, 1 Jar of Honey. Keep this reference after reading: cooking literature can be needed later for food preparation and crafting requirements."
rebirthCookingCardCgumbo,Gumbo Stew — Recipe Card
rebirthCookingCardCgumboDesc,"Reusable recipe reference. Study to remember this title. You can share the card afterward; reading does not raise Cooking skill. Ingredients: 1 Large Beef Ration, 1 Can of Peas, 1 Can of Stock, 3 Animal Fat, 1 Water. Keep this reference after reading: cooking literature can be needed later for food preparation and crafting requirements."
rebirthCookingCardCshepherd,Shepherd's Pie — Recipe Card
rebirthCookingCardCshepherdDesc,"Reusable recipe reference. Study to remember this title. You can share the card afterward; reading does not raise Cooking skill. Ingredients: 1 Lamb Rations, 1 Can of Peas, 1 Ear of Corn, 3 Animal Fat, 1 Potato. Keep this reference after reading: cooking literature can be needed later for food preparation and crafting requirements."
rebirthCookingCardCpasta,Spaghetti — Recipe Card
rebirthCookingCardCpastaDesc,"Reusable recipe reference. Study to remember this title. You can share the card afterward; reading does not raise Cooking skill. Ingredients: 1 Large Beef Ration, 1 Can of Pasta, 1 Mushrooms, 3 Animal Fat, 1 Water. Keep this reference after reading: cooking literature can be needed later for food preparation and crafting requirements."
rebirthCookingCardCtunatoast,Tuna Fish Gravy Toast — Recipe Card
rebirthCookingCardCtunatoastDesc,"Reusable recipe reference. Study to remember this title. You can share the card afterward; reading does not raise Cooking skill. Ingredients: 1 Can of Tuna, 1 Cornmeal, 2 Corn Bread, 3 Animal Fat, 1 Can of Peas. Keep this reference after reading: cooking literature can be needed later for food preparation and crafting requirements."
rebirthCookingCardCchowder,Sham Chowder — Recipe Card
rebirthCookingCardCchowderDesc,"Reusable recipe reference. Study to remember this title. You can share the card afterward; reading does not raise Cooking skill. Ingredients: 1 Can of Sham, 2 Potato, 2 Ear of Corn, 1 Water. Keep this reference after reading: cooking literature can be needed later for food preparation and crafting requirements."
rebirthCookingCardCsteak,Steak and Potato Meal — Recipe Card
rebirthCookingCardCsteakDesc,"Reusable recipe reference. Study to remember this title. You can share the card afterward; reading does not raise Cooking skill. Ingredients: 1 Grilled Meat, 2 Potato, 2 Mushrooms, 1 Animal Fat. Keep this reference after reading: cooking literature can be needed later for food preparation and crafting requirements."
rebirthCookingCardCvegstew,Vegetable Stew — Recipe Card
rebirthCookingCardCvegstewDesc,"Reusable recipe reference. Study to remember this title. You can share the card afterward; reading does not raise Cooking skill. Ingredients: 2 Potato, 2 Ear of Corn, 2 Mushrooms, 1 Water. Keep this reference after reading: cooking literature can be needed later for food preparation and crafting requirements."
rebirthCookingCardCskillet,Mushroom Skillet — Recipe Card
rebirthCookingCardCskilletDesc,"Reusable recipe reference. Study to remember this title. You can share the card afterward; reading does not raise Cooking skill. Ingredients: 4 Mushrooms, 2 Potato, 2 Ear of Corn. Keep this reference after reading: cooking literature can be needed later for food preparation and crafting requirements."
rebirthCookingCardCsoup,Pumpkin Vegetable Soup — Recipe Card
rebirthCookingCardCsoupDesc,"Reusable recipe reference. Study to remember this title. You can share the card afterward; reading does not raise Cooking skill. Ingredients: 2 Pumpkin, 2 Ear of Corn, 2 Mushrooms, 1 Pure Mineral Water. Keep this reference after reading: cooking literature can be needed later for food preparation and crafting requirements."
rebirthCookingCardCcrumble,Blueberry Crumble — Recipe Card
rebirthCookingCardCcrumbleDesc,"Reusable recipe reference. Study to remember this title. You can share the card afterward; reading does not raise Cooking skill. Ingredients: 5 Blueberries, 3 Cornmeal, 1 Pumpkin, 1 Pure Mineral Water. Keep this reference after reading: cooking literature can be needed later for food preparation and crafting requirements."
rebirthCookingCardCpotpie,Mushroom Pot Pie — Recipe Card
rebirthCookingCardCpotpieDesc,"Reusable recipe reference. Study to remember this title. You can share the card afterward; reading does not raise Cooking skill. Ingredients: 4 Mushrooms, 2 Potato, 2 Cornmeal, 1 Pure Mineral Water. Keep this reference after reading: cooking literature can be needed later for food preparation and crafting requirements."
rebirthCookingCardCdried,Dried Meat — Recipe Card
rebirthCookingCardCdriedDesc,"Reusable recipe reference. Study to remember this title. You can share the card afterward; reading does not raise Cooking skill. Ingredients: 4 Raw Meat. Keep this reference after reading: cooking literature can be needed later for food preparation and crafting requirements."
rebirthCookingCardCpickles,Pickled Vegetables — Recipe Card
rebirthCookingCardCpicklesDesc,"Reusable recipe reference. Study to remember this title. You can share the card afterward; reading does not raise Cooking skill. Ingredients: 2 Ear of Corn, 2 Potato, 1 Water. Keep this reference after reading: cooking literature can be needed later for food preparation and crafting requirements."
rebirthCookingCardCN01,Carrot & Ginger Soup — Recipe Card
rebirthCookingCardCN01Desc,"Reusable recipe reference. Study to remember this title. You can share the card afterward; reading does not raise Cooking skill. Ingredients: 4 Carrots, 1 Ginger, 1 Water. Keep this reference after reading: cooking literature can be needed later for food preparation and crafting requirements."
rebirthCookingCardCN02,Onion & Barley Broth — Recipe Card
rebirthCookingCardCN02Desc,"Reusable recipe reference. Study to remember this title. You can share the card afterward; reading does not raise Cooking skill. Ingredients: 3 Onions, 4 Barley, 1 Carrots, 1 Water. Keep this reference after reading: cooking literature can be needed later for food preparation and crafting requirements."
rebirthCookingCardCN03,Sweet Potato & Turnip Mash — Recipe Card
rebirthCookingCardCN03Desc,"Reusable recipe reference. Study to remember this title. You can share the card afterward; reading does not raise Cooking skill. Ingredients: 4 Sweet Potatoes, 2 Turnips, 1 Water. Keep this reference after reading: cooking literature can be needed later for food preparation and crafting requirements."
rebirthCookingCardCN04,Roasted Root Medley — Recipe Card
rebirthCookingCardCN04Desc,"Reusable recipe reference. Study to remember this title. You can share the card afterward; reading does not raise Cooking skill. Ingredients: 2 Carrots, 2 Turnips, 2 Sweet Potatoes, 1 Onions. Keep this reference after reading: cooking literature can be needed later for food preparation and crafting requirements."
rebirthCookingCardCN05,Chard & Onion Rice — Recipe Card
rebirthCookingCardCN05Desc,"Reusable recipe reference. Study to remember this title. You can share the card afterward; reading does not raise Cooking skill. Ingredients: 4 Rice, 2 Swiss Chard, 1 Onions, 1 Water. Keep this reference after reading: cooking literature can be needed later for food preparation and crafting requirements."
rebirthCookingCardCN06,Garden-Stuffed Peppers — Recipe Card
rebirthCookingCardCN06Desc,"Reusable recipe reference. Study to remember this title. You can share the card afterward; reading does not raise Cooking skill. Ingredients: 2 Bell Peppers, 3 Rice, 2 Tomatoes, 1 Swiss Chard, 1 Water. Keep this reference after reading: cooking literature can be needed later for food preparation and crafting requirements."
rebirthCookingCardCN07,Zucchini Cornmeal Fritters — Recipe Card
rebirthCookingCardCN07Desc,"Reusable recipe reference. Study to remember this title. You can share the card afterward; reading does not raise Cooking skill. Ingredients: 3 Zucchini, 2 Cornmeal, 1 Egg. Keep this reference after reading: cooking literature can be needed later for food preparation and crafting requirements."
rebirthCookingCardCN08,Chard & Tomato Omelette — Recipe Card
rebirthCookingCardCN08Desc,"Reusable recipe reference. Study to remember this title. You can share the card afterward; reading does not raise Cooking skill. Ingredients: 2 Egg, 2 Swiss Chard, 1 Tomatoes. Keep this reference after reading: cooking literature can be needed later for food preparation and crafting requirements."
rebirthCookingCardCN09,Garden Tomato Pasta — Recipe Card
rebirthCookingCardCN09Desc,"Reusable recipe reference. Study to remember this title. You can share the card afterward; reading does not raise Cooking skill. Ingredients: 1 Can of Pasta, 3 Tomatoes, 2 Zucchini. Keep this reference after reading: cooking literature can be needed later for food preparation and crafting requirements."
rebirthCookingCardCN10,Crunchy Garden Salad — Recipe Card
rebirthCookingCardCN10Desc,"Reusable recipe reference. Study to remember this title. You can share the card afterward; reading does not raise Cooking skill. Ingredients: 2 Lettuce, 1 Cucumbers, 1 Radishes, 1 Tomatoes, 1 Bell Peppers. Assemble in your backpack; no campfire is required. Keep this reference after reading: cooking literature can be needed later for food preparation and crafting requirements."
rebirthCookingCardCN11,Cucumber & Radish Salad — Recipe Card
rebirthCookingCardCN11Desc,"Reusable recipe reference. Study to remember this title. You can share the card afterward; reading does not raise Cooking skill. Ingredients: 3 Cucumbers, 2 Radishes, 1 Lettuce. Assemble in your backpack; no campfire is required. Keep this reference after reading: cooking literature can be needed later for food preparation and crafting requirements."
rebirthCookingCardCN12,Chanterelle & King Oyster Rice — Recipe Card
rebirthCookingCardCN12Desc,"Reusable recipe reference. Study to remember this title. You can share the card afterward; reading does not raise Cooking skill. Ingredients: 4 Rice, 2 Chanterelle Mushrooms, 2 King Oyster Mushrooms, 1 Water. Keep this reference after reading: cooking literature can be needed later for food preparation and crafting requirements."
rebirthCookingCardCN13,Black Trumpet Barley Stew — Recipe Card
rebirthCookingCardCN13Desc,"Reusable recipe reference. Study to remember this title. You can share the card afterward; reading does not raise Cooking skill. Ingredients: 4 Barley, 2 Black Trumpet Mushrooms, 1 Carrots, 1 Onions, 1 Water. Keep this reference after reading: cooking literature can be needed later for food preparation and crafting requirements."
rebirthCookingCardCN14,Enoki & Chard Miso Soup — Recipe Card
rebirthCookingCardCN14Desc,"Reusable recipe reference. Study to remember this title. You can share the card afterward; reading does not raise Cooking skill. Ingredients: 1 Can of Miso, 3 Enoki Mushrooms, 1 Swiss Chard, 1 Ginger, 1 Water. Keep this reference after reading: cooking literature can be needed later for food preparation and crafting requirements."
rebirthCookingCardCN15,Black Trumpet & Onion Pie — Recipe Card
rebirthCookingCardCN15Desc,"Reusable recipe reference. Study to remember this title. You can share the card afterward; reading does not raise Cooking skill. Ingredients: 3 Wheat Flour, 3 Black Trumpet Mushrooms, 2 Potato, 1 Onions, 1 Water. Keep this reference after reading: cooking literature can be needed later for food preparation and crafting requirements."
rebirthCookingCardCN16,Butternut Rice Bake — Recipe Card
rebirthCookingCardCN16Desc,"Reusable recipe reference. Study to remember this title. You can share the card afterward; reading does not raise Cooking skill. Ingredients: 4 Butternut Squash, 3 Rice, 1 Swiss Chard, 1 Water. Keep this reference after reading: cooking literature can be needed later for food preparation and crafting requirements."
rebirthCookingCardCN17,Cranberry Oat Porridge — Recipe Card
rebirthCookingCardCN17Desc,"Reusable recipe reference. Study to remember this title. You can share the card afterward; reading does not raise Cooking skill. Ingredients: 4 Rolled Oats, 2 Cranberries, 1 Cane Syrup, 1 Water. Keep this reference after reading: cooking literature can be needed later for food preparation and crafting requirements."
rebirthCookingCardCN18,Strawberry Breakfast Porridge — Recipe Card
rebirthCookingCardCN18Desc,"Reusable recipe reference. Study to remember this title. You can share the card afterward; reading does not raise Cooking skill. Ingredients: 4 Rolled Oats, 3 Strawberries, 1 Water. Keep this reference after reading: cooking literature can be needed later for food preparation and crafting requirements."
rebirthCookingCardCN19,Currant Flatbread — Recipe Card
rebirthCookingCardCN19Desc,"Reusable recipe reference. Study to remember this title. You can share the card afterward; reading does not raise Cooking skill. Ingredients: 3 Wheat Flour, 2 Currants, 1 Cane Syrup, 1 Water. Keep this reference after reading: cooking literature can be needed later for food preparation and crafting requirements."
rebirthCookingCardCN20,Gooseberry Oat Crumble — Recipe Card
rebirthCookingCardCN20Desc,"Reusable recipe reference. Study to remember this title. You can share the card afterward; reading does not raise Cooking skill. Ingredients: 4 Gooseberries, 3 Rolled Oats, 1 Wheat Flour, 1 Cane Syrup, 1 Water. Keep this reference after reading: cooking literature can be needed later for food preparation and crafting requirements."
rebirthCookingCardCN21,Raspberry Oat Bars — Recipe Card
rebirthCookingCardCN21Desc,"Reusable recipe reference. Study to remember this title. You can share the card afterward; reading does not raise Cooking skill. Ingredients: 3 Raspberries, 4 Rolled Oats, 1 Wheat Flour, 1 Cane Syrup, 1 Water. Keep this reference after reading: cooking literature can be needed later for food preparation and crafting requirements."
rebirthCookingCardCN22,Strawberry Galette — Recipe Card
rebirthCookingCardCN22Desc,"Reusable recipe reference. Study to remember this title. You can share the card afterward; reading does not raise Cooking skill. Ingredients: 4 Strawberries, 3 Wheat Flour, 1 Cane Syrup, 1 Water. Keep this reference after reading: cooking literature can be needed later for food preparation and crafting requirements."
rebirthCookingCardCN23,Cranberry-Glazed Meat — Recipe Card
rebirthCookingCardCN23Desc,"Reusable recipe reference. Study to remember this title. You can share the card afterward; reading does not raise Cooking skill. Ingredients: 2 Grilled Meat, 1 Cranberry Sauce. Keep this reference after reading: cooking literature can be needed later for food preparation and crafting requirements."
rebirthCookingCardCN24,Ginger Chicken Rice — Recipe Card
rebirthCookingCardCN24Desc,"Reusable recipe reference. Study to remember this title. You can share the card afterward; reading does not raise Cooking skill. Ingredients: 1 Chicken Ration, 4 Rice, 1 Ginger, 2 Carrots, 1 Water. Keep this reference after reading: cooking literature can be needed later for food preparation and crafting requirements."
rebirthCookingCardCN25,Tomato & Salmon Stew — Recipe Card
rebirthCookingCardCN25Desc,"Reusable recipe reference. Study to remember this title. You can share the card afterward; reading does not raise Cooking skill. Ingredients: 1 Can of Salmon, 3 Tomatoes, 1 Onions, 2 Turnips, 1 Water. Keep this reference after reading: cooking literature can be needed later for food preparation and crafting requirements."
rebirthCookingCardCN26,Tuna-Stuffed Peppers — Recipe Card
rebirthCookingCardCN26Desc,"Reusable recipe reference. Study to remember this title. You can share the card afterward; reading does not raise Cooking skill. Ingredients: 2 Bell Peppers, 1 Can of Tuna, 3 Rice, 1 Tomatoes, 1 Water. Keep this reference after reading: cooking literature can be needed later for food preparation and crafting requirements."
rebirthCookingCardCN27,Sweet Potato Hand Pies — Recipe Card
rebirthCookingCardCN27Desc,"Reusable recipe reference. Study to remember this title. You can share the card afterward; reading does not raise Cooking skill. Ingredients: 4 Sweet Potatoes, 3 Wheat Flour, 1 Egg, 1 Cane Syrup, 1 Water. Keep this reference after reading: cooking literature can be needed later for food preparation and crafting requirements."
rebirthCookingCardCN28,Tomato & Turnip Soup — Recipe Card
rebirthCookingCardCN28Desc,"Reusable recipe reference. Study to remember this title. You can share the card afterward; reading does not raise Cooking skill. Ingredients: 4 Tomatoes, 2 Turnips, 1 Onions, 1 Water. Keep this reference after reading: cooking literature can be needed later for food preparation and crafting requirements."
rebirthCookingCardCN29,Harvest Vegetable Pie — Recipe Card
rebirthCookingCardCN29Desc,"Reusable recipe reference. Study to remember this title. You can share the card afterward; reading does not raise Cooking skill. Ingredients: 3 Wheat Flour, 2 Carrots, 2 Turnips, 1 Onions, 1 Swiss Chard, 2 Chanterelle Mushrooms, 2 Barley, 1 Water, 2 Butternut Squash. Keep this reference after reading: cooking literature can be needed later for food preparation and crafting requirements."
rebirthCookingCardCN30,Tomato Barley Casserole — Recipe Card
rebirthCookingCardCN30Desc,"Reusable recipe reference. Study to remember this title. You can share the card afterward; reading does not raise Cooking skill. Ingredients: 4 Barley, 3 Tomatoes, 1 Bell Peppers, 1 Water. Keep this reference after reading: cooking literature can be needed later for food preparation and crafting requirements."
rebirthCookingCardCN31,Gooseberry & Currant Compote — Recipe Card
rebirthCookingCardCN31Desc,"Reusable recipe reference. Study to remember this title. You can share the card afterward; reading does not raise Cooking skill. Ingredients: 2 Gooseberries, 2 Currants, 1 Cane Syrup, 1 Water. Keep this reference after reading: cooking literature can be needed later for food preparation and crafting requirements."
rebirthCookingCardCN32,Lavender Oat Biscuits — Recipe Card
rebirthCookingCardCN32Desc,"Reusable recipe reference. Study to remember this title. You can share the card afterward; reading does not raise Cooking skill. Ingredients: 3 Rolled Oats, 2 Wheat Flour, 1 Cane Syrup, 1 Water, 1 Lavender. Keep this reference after reading: cooking literature can be needed later for food preparation and crafting requirements."
rebirthCookingCardCN33,Chamomile Honey Custard — Recipe Card
rebirthCookingCardCN33Desc,"Reusable recipe reference. Study to remember this title. You can share the card afterward; reading does not raise Cooking skill. Ingredients: 3 Egg, 1 Jar of Honey, 1 Water, 1 Chamomile. Keep this reference after reading: cooking literature can be needed later for food preparation and crafting requirements."
rebirthCookingCardCN34,Onion & Oat Meatloaf — Recipe Card
rebirthCookingCardCN34Desc,"Reusable recipe reference. Study to remember this title. You can share the card afterward; reading does not raise Cooking skill. Ingredients: 10 Raw Meat, 1 Egg, 2 Rolled Oats, 2 Onions, 1 Water. Keep this reference after reading: cooking literature can be needed later for food preparation and crafting requirements."
rebirthCookingCardCN35,Crisp King Oyster Bites — Recipe Card
rebirthCookingCardCN35Desc,"Reusable recipe reference. Study to remember this title. You can share the card afterward; reading does not raise Cooking skill. Ingredients: 4 King Oyster Mushrooms, 2 Cornmeal, 1 Water. Keep this reference after reading: cooking literature can be needed later for food preparation and crafting requirements."
rebirthCookingCardCN36,Ginger Enoki Rice Bowl — Recipe Card
rebirthCookingCardCN36Desc,"Reusable recipe reference. Study to remember this title. You can share the card afterward; reading does not raise Cooking skill. Ingredients: 4 Rice, 3 Enoki Mushrooms, 1 Ginger, 1 Swiss Chard, 1 Water. Keep this reference after reading: cooking literature can be needed later for food preparation and crafting requirements."
rebirthCookingCardCN37,Chamomile & Raspberry Infusion — Recipe Card
rebirthCookingCardCN37Desc,"Reusable recipe reference. Study to remember this title. You can share the card afterward; reading does not raise Cooking skill. Ingredients: 1 Chamomile, 2 Raspberries, 1 Water. Keep this reference after reading: cooking literature can be needed later for food preparation and crafting requirements."
rebirthCookingCardCN38,Lavender & Currant Infusion — Recipe Card
rebirthCookingCardCN38Desc,"Reusable recipe reference. Study to remember this title. You can share the card afterward; reading does not raise Cooking skill. Ingredients: 1 Lavender, 2 Currants, 1 Water. Keep this reference after reading: cooking literature can be needed later for food preparation and crafting requirements."
rebirthCookingCardCN39,Chanterelle & Egg Skillet — Recipe Card
rebirthCookingCardCN39Desc,"Reusable recipe reference. Study to remember this title. You can share the card afterward; reading does not raise Cooking skill. Ingredients: 3 Chanterelle Mushrooms, 2 Egg. Keep this reference after reading: cooking literature can be needed later for food preparation and crafting requirements."
rebirthCookingCardCN40,Chanterelle & Turnip Soup — Recipe Card
rebirthCookingCardCN40Desc,"Reusable recipe reference. Study to remember this title. You can share the card afterward; reading does not raise Cooking skill. Ingredients: 3 Chanterelle Mushrooms, 2 Turnips, 1 Water. Keep this reference after reading: cooking literature can be needed later for food preparation and crafting requirements."
rebirthCookingCardCN41,Chanterelle-Stuffed Zucchini — Recipe Card
rebirthCookingCardCN41Desc,"Reusable recipe reference. Study to remember this title. You can share the card afterward; reading does not raise Cooking skill. Ingredients: 3 Zucchini, 3 Chanterelle Mushrooms, 2 Cornmeal, 1 Water. Keep this reference after reading: cooking literature can be needed later for food preparation and crafting requirements."
rebirthCookingCardCN42,Black Trumpet & Egg Scramble — Recipe Card
rebirthCookingCardCN42Desc,"Reusable recipe reference. Study to remember this title. You can share the card afterward; reading does not raise Cooking skill. Ingredients: 3 Black Trumpet Mushrooms, 2 Egg. Keep this reference after reading: cooking literature can be needed later for food preparation and crafting requirements."
rebirthCookingCardCN43,Black Trumpet Rice Broth — Recipe Card
rebirthCookingCardCN43Desc,"Reusable recipe reference. Study to remember this title. You can share the card afterward; reading does not raise Cooking skill. Ingredients: 3 Black Trumpet Mushrooms, 3 Rice, 1 Water. Keep this reference after reading: cooking literature can be needed later for food preparation and crafting requirements."
rebirthCookingCardCN44,Black Trumpet & Sweet Potato Bake — Recipe Card
rebirthCookingCardCN44Desc,"Reusable recipe reference. Study to remember this title. You can share the card afterward; reading does not raise Cooking skill. Ingredients: 3 Black Trumpet Mushrooms, 3 Sweet Potatoes, 1 Water. Keep this reference after reading: cooking literature can be needed later for food preparation and crafting requirements."
rebirthCookingCardCN45,King Oyster & Barley Soup — Recipe Card
rebirthCookingCardCN45Desc,"Reusable recipe reference. Study to remember this title. You can share the card afterward; reading does not raise Cooking skill. Ingredients: 3 King Oyster Mushrooms, 3 Barley, 1 Water. Keep this reference after reading: cooking literature can be needed later for food preparation and crafting requirements."
rebirthCookingCardCN46,King Oyster Lettuce Cups — Recipe Card
rebirthCookingCardCN46Desc,"Reusable recipe reference. Study to remember this title. You can share the card afterward; reading does not raise Cooking skill. Ingredients: 3 King Oyster Mushrooms, 2 Lettuce, 1 Water. Keep this reference after reading: cooking literature can be needed later for food preparation and crafting requirements."
rebirthCookingCardCN47,King Oyster & Zucchini Skillet — Recipe Card
rebirthCookingCardCN47Desc,"Reusable recipe reference. Study to remember this title. You can share the card afterward; reading does not raise Cooking skill. Ingredients: 3 King Oyster Mushrooms, 3 Zucchini. Keep this reference after reading: cooking literature can be needed later for food preparation and crafting requirements."
rebirthCookingCardCN48,Enoki & Egg Soup — Recipe Card
rebirthCookingCardCN48Desc,"Reusable recipe reference. Study to remember this title. You can share the card afterward; reading does not raise Cooking skill. Ingredients: 3 Enoki Mushrooms, 2 Egg, 1 Water. Keep this reference after reading: cooking literature can be needed later for food preparation and crafting requirements."
rebirthCookingCardCN49,Crisp Enoki Cornmeal Cakes — Recipe Card
rebirthCookingCardCN49Desc,"Reusable recipe reference. Study to remember this title. You can share the card afterward; reading does not raise Cooking skill. Ingredients: 3 Enoki Mushrooms, 2 Cornmeal, 1 Egg. Keep this reference after reading: cooking literature can be needed later for food preparation and crafting requirements."
rebirthCookingCardCN50,Enoki & Radish Broth — Recipe Card
rebirthCookingCardCN50Desc,"Reusable recipe reference. Study to remember this title. You can share the card afterward; reading does not raise Cooking skill. Ingredients: 3 Enoki Mushrooms, 2 Radishes, 1 Water. Keep this reference after reading: cooking literature can be needed later for food preparation and crafting requirements."
rebirthCookingCardCN51,Butternut & Barley Soup — Recipe Card
rebirthCookingCardCN51Desc,"Reusable recipe reference. Study to remember this title. You can share the card afterward; reading does not raise Cooking skill. Ingredients: 3 Butternut Squash, 3 Barley, 1 Water. Keep this reference after reading: cooking literature can be needed later for food preparation and crafting requirements."
rebirthCookingCardCN52,Butternut Cornmeal Cakes — Recipe Card
rebirthCookingCardCN52Desc,"Reusable recipe reference. Study to remember this title. You can share the card afterward; reading does not raise Cooking skill. Ingredients: 3 Butternut Squash, 2 Cornmeal, 1 Egg. Keep this reference after reading: cooking literature can be needed later for food preparation and crafting requirements."
rebirthCookingCardCN53,Sweet Potato Breakfast Hash — Recipe Card
rebirthCookingCardCN53Desc,"Reusable recipe reference. Study to remember this title. You can share the card afterward; reading does not raise Cooking skill. Ingredients: 3 Sweet Potatoes, 2 Egg, 1 Bell Peppers. Keep this reference after reading: cooking literature can be needed later for food preparation and crafting requirements."
rebirthCookingCardCN54,Warm Radish & Carrot Salad — Recipe Card
rebirthCookingCardCN54Desc,"Reusable recipe reference. Study to remember this title. You can share the card afterward; reading does not raise Cooking skill. Ingredients: 3 Radishes, 2 Carrots, 1 Water. Keep this reference after reading: cooking literature can be needed later for food preparation and crafting requirements."
rebirthCookingCardCN55,Cucumber & Barley Salad — Recipe Card
rebirthCookingCardCN55Desc,"Reusable recipe reference. Study to remember this title. You can share the card afterward; reading does not raise Cooking skill. Ingredients: 3 Cucumbers, 3 Barley, 1 Water. Keep this reference after reading: cooking literature can be needed later for food preparation and crafting requirements."
rebirthCookingCardCN56,Cucumber Tuna Lettuce Cups — Recipe Card
rebirthCookingCardCN56Desc,"Reusable recipe reference. Study to remember this title. You can share the card afterward; reading does not raise Cooking skill. Ingredients: 2 Cucumbers, 1 Can of Tuna, 2 Lettuce. Assemble in your backpack; no campfire is required. Keep this reference after reading: cooking literature can be needed later for food preparation and crafting requirements."
rebirthCookingCardCN57,Strawberry & Lettuce Salad — Recipe Card
rebirthCookingCardCN57Desc,"Reusable recipe reference. Study to remember this title. You can share the card afterward; reading does not raise Cooking skill. Ingredients: 3 Strawberries, 2 Lettuce, 1 Cucumbers. Assemble in your backpack; no campfire is required. Keep this reference after reading: cooking literature can be needed later for food preparation and crafting requirements."
rebirthCookingCardCN58,Strawberry Rice Pudding — Recipe Card
rebirthCookingCardCN58Desc,"Reusable recipe reference. Study to remember this title. You can share the card afterward; reading does not raise Cooking skill. Ingredients: 3 Strawberries, 3 Rice, 1 Water. Keep this reference after reading: cooking literature can be needed later for food preparation and crafting requirements."
rebirthCookingCardCN59,Raspberry Cornmeal Pancakes — Recipe Card
rebirthCookingCardCN59Desc,"Reusable recipe reference. Study to remember this title. You can share the card afterward; reading does not raise Cooking skill. Ingredients: 3 Raspberries, 2 Cornmeal, 1 Egg, 1 Water. Keep this reference after reading: cooking literature can be needed later for food preparation and crafting requirements."
rebirthCookingCardCN60,Raspberry & Gooseberry Fruit Bowl — Recipe Card
rebirthCookingCardCN60Desc,"Reusable recipe reference. Study to remember this title. You can share the card afterward; reading does not raise Cooking skill. Ingredients: 2 Raspberries, 2 Gooseberries. Assemble in your backpack; no campfire is required. Keep this reference after reading: cooking literature can be needed later for food preparation and crafting requirements."
rebirthCookingCardCN61,Gooseberry Skillet Cakes — Recipe Card
rebirthCookingCardCN61Desc,"Reusable recipe reference. Study to remember this title. You can share the card afterward; reading does not raise Cooking skill. Ingredients: 3 Gooseberries, 2 Wheat Flour, 1 Egg, 1 Cane Syrup, 1 Water. Keep this reference after reading: cooking literature can be needed later for food preparation and crafting requirements."
rebirthCookingCardCN62,Cranberry & Barley Pilaf — Recipe Card
rebirthCookingCardCN62Desc,"Reusable recipe reference. Study to remember this title. You can share the card afterward; reading does not raise Cooking skill. Ingredients: 2 Cranberries, 3 Barley, 1 Water. Keep this reference after reading: cooking literature can be needed later for food preparation and crafting requirements."
rebirthCookingCardCN63,Cranberry Cornmeal Griddle Cakes — Recipe Card
rebirthCookingCardCN63Desc,"Reusable recipe reference. Study to remember this title. You can share the card afterward; reading does not raise Cooking skill. Ingredients: 3 Cranberries, 2 Cornmeal, 1 Egg, 1 Cane Syrup, 1 Water. Keep this reference after reading: cooking literature can be needed later for food preparation and crafting requirements."
rebirthCookingCardCN64,Cranberry & Sweet Potato Bake — Recipe Card
rebirthCookingCardCN64Desc,"Reusable recipe reference. Study to remember this title. You can share the card afterward; reading does not raise Cooking skill. Ingredients: 2 Cranberries, 3 Sweet Potatoes, 1 Water. Keep this reference after reading: cooking literature can be needed later for food preparation and crafting requirements."
rebirthCookingCardCN65,Currant Rice Breakfast Bowl — Recipe Card
rebirthCookingCardCN65Desc,"Reusable recipe reference. Study to remember this title. You can share the card afterward; reading does not raise Cooking skill. Ingredients: 3 Currants, 3 Rice, 1 Cane Syrup, 1 Water. Keep this reference after reading: cooking literature can be needed later for food preparation and crafting requirements."
rebirthCookingCardCN66,Currant & Carrot Slaw — Recipe Card
rebirthCookingCardCN66Desc,"Reusable recipe reference. Study to remember this title. You can share the card afterward; reading does not raise Cooking skill. Ingredients: 2 Currants, 3 Carrots, 1 Lettuce. Assemble in your backpack; no campfire is required. Keep this reference after reading: cooking literature can be needed later for food preparation and crafting requirements."
rebirthCookingCardCP01,Wheat Flour — Recipe Card
rebirthCookingCardCP01Desc,"Reusable recipe reference. Study to remember this title. You can share the card afterward; reading does not raise Cooking skill. Ingredients: 4 Wheat. Keep this reference after reading: cooking literature can be needed later for food preparation and crafting requirements."
rebirthCookingCardCP02,Rolled Oats — Recipe Card
rebirthCookingCardCP02Desc,"Reusable recipe reference. Study to remember this title. You can share the card afterward; reading does not raise Cooking skill. Ingredients: 4 Oats. Keep this reference after reading: cooking literature can be needed later for food preparation and crafting requirements."
rebirthCookingCardCP03,Cane Syrup — Recipe Card
rebirthCookingCardCP03Desc,"Reusable recipe reference. Study to remember this title. You can share the card afterward; reading does not raise Cooking skill. Ingredients: 4 Sugar Cane, 1 Water. Keep this reference after reading: cooking literature can be needed later for food preparation and crafting requirements."
rebirthCookingCardCP04,Cranberry Sauce — Recipe Card
rebirthCookingCardCP04Desc,"Reusable recipe reference. Study to remember this title. You can share the card afterward; reading does not raise Cooking skill. Ingredients: 3 Cranberries, 1 Cane Syrup, 1 Water. Keep this reference after reading: cooking literature can be needed later for food preparation and crafting requirements."
rebirthCookingCardCL01,Basic Boeuf Bourguignon — Recipe Card
rebirthCookingCardCL01Desc,"Reusable recipe reference. Study to remember this title. You can share the card afterward; reading does not raise Cooking skill. Ingredients: 1 Large Beef Ration, 1 Mushrooms, 1 Cornmeal, 1 Goldenrod Flower, 1 Water. Keep this reference after reading: cooking literature can be needed later for food preparation and crafting requirements."
rebirthCookingCardCL02,Rad-atouille — Recipe Card
rebirthCookingCardCL02Desc,"Reusable recipe reference. Study to remember this title. You can share the card afterward; reading does not raise Cooking skill. Ingredients: 25 Raw Meat, 5 Carrots, 5 Onions, 5 Water, 5 Goldenrod Flower. Keep this reference after reading: cooking literature can be needed later for food preparation and crafting requirements."
rebirthCookingCardCL03,Frickin' Chicken Fricassee — Recipe Card
rebirthCookingCardCL03Desc,"Reusable recipe reference. Study to remember this title. You can share the card afterward; reading does not raise Cooking skill. Ingredients: 1 Chicken Ration, 1 Can of Chili, 1 Yucca Fruit, 1 Goldenrod Flower, 1 Water. Keep this reference after reading: cooking literature can be needed later for food preparation and crafting requirements."
rebirthCookingCardCL04,Quicka Chicka Chowdah — Recipe Card
rebirthCookingCardCL04Desc,"Reusable recipe reference. Study to remember this title. You can share the card afterward; reading does not raise Cooking skill. Ingredients: 1 Chicken Soup, 1 Can of Stock, 1 Ear of Corn, 1 Goldenrod Flower. Keep this reference after reading: cooking literature can be needed later for food preparation and crafting requirements."
rebirthCookingCardCL05,Pass da Fazool — Recipe Card
rebirthCookingCardCL05Desc,"Reusable recipe reference. Study to remember this title. You can share the card afterward; reading does not raise Cooking skill. Ingredients: 1 Lamb Rations, 1 Can of Peas, 1 Can of Pasta, 1 Goldenrod Flower, 1 Water. Keep this reference after reading: cooking literature can be needed later for food preparation and crafting requirements."
rebirthCookingCardCL06,Purrina's Tamale Hash — Recipe Card
rebirthCookingCardCL06Desc,"Reusable recipe reference. Study to remember this title. You can share the card afterward; reading does not raise Cooking skill. Ingredients: 1 Can of Miso, 1 Can of Dog Food, 1 Can of Cat Food, 1 Chrysanthemum, 1 Goldenrod Flower. Keep this reference after reading: cooking literature can be needed later for food preparation and crafting requirements."
rebirthCookingCardCL07,Furious' Famous Fabada — Recipe Card
rebirthCookingCardCL07Desc,"Reusable recipe reference. Study to remember this title. You can share the card afterward; reading does not raise Cooking skill. Ingredients: 1 Can of Cat Food, 1 Can of Dog Food, 1 Cornmeal, 1 Goldenrod Flower, 1 Water. Keep this reference after reading: cooking literature can be needed later for food preparation and crafting requirements."
rebirthCookingCardCL08,Ramsay's Chili Surprise — Recipe Card
rebirthCookingCardCL08Desc,"Reusable recipe reference. Study to remember this title. You can share the card afterward; reading does not raise Cooking skill. Ingredients: 1 Can of Salmon, 1 Can of Chili, 1 Can of Pears, 1 Goldenrod Flower, 1 Water. Keep this reference after reading: cooking literature can be needed later for food preparation and crafting requirements."
rebirthCookingCardCL09,Chunkin Punkin — Recipe Card
rebirthCookingCardCL09Desc,"Reusable recipe reference. Study to remember this title. You can share the card afterward; reading does not raise Cooking skill. Ingredients: 1 Can of Tuna, 1 Can of Cat Food, 1 Pumpkin, 1 Goldenrod Flower, 1 Water. Keep this reference after reading: cooking literature can be needed later for food preparation and crafting requirements."
rebirthCookingCardCL10,Fruity Surf-N-Turf — Recipe Card
rebirthCookingCardCL10Desc,"Reusable recipe reference. Study to remember this title. You can share the card afterward; reading does not raise Cooking skill. Ingredients: 1 Can of Tuna, 1 Can of Dog Food, 1 Blueberries, 1 Goldenrod Flower, 1 Water. Keep this reference after reading: cooking literature can be needed later for food preparation and crafting requirements."
rebirthCookingCardCL11,Woodland Smoothie — Recipe Card
rebirthCookingCardCL11Desc,"Reusable recipe reference. Study to remember this title. You can share the card afterward; reading does not raise Cooking skill. Ingredients: 5 Goldenrod Flower, 20 Plant Fibers, 2 Jar of Honey, 1 Water. Assemble in your backpack; no campfire is required. Keep this reference after reading: cooking literature can be needed later for food preparation and crafting requirements."
rebirthCookingMagazineM01,Camp Cook #1: Efficient Setup
rebirthCookingMagazineM01Desc,"[B58CFF]Study once; keep or share afterward.[-]\nTopic: Arrange the job before lighting the fire.\nExamples: Water, Baked Potato and 3 other recipes.\nCooking skill grows through practice. Keep this reference after reading: cooking literature can be needed later for food preparation and crafting requirements."
rebirthCookingMagazineM02,Fire & Food #2: Even Coal Heat
rebirthCookingMagazineM02Desc,"[B58CFF]Study once; keep or share afterward.[-]\nTopic: Distribute heat across the cooking surface.\nExamples: Charred Meat, Grilled Meat and 3 other recipes.\nCooking skill grows through practice. Keep this reference after reading: cooking literature can be needed later for food preparation and crafting requirements."
rebirthCookingMagazineM03,One Pot #3: Gentle Simmer
rebirthCookingMagazineM03Desc,"[B58CFF]Study once; keep or share afterward.[-]\nTopic: Keep wet dishes from harsh cooking.\nExamples: Boiled Meat, Meat Stew and 4 other recipes.\nCooking skill grows through practice. Keep this reference after reading: cooking literature can be needed later for food preparation and crafting requirements."
rebirthCookingMagazineM04,Root Cellar #4: Uniform Cuts
rebirthCookingMagazineM04Desc,"[B58CFF]Study once; keep or share afterward.[-]\nTopic: Prepare similarly sized root pieces.\nExamples: Baked Potato, Meat Stew and 4 other recipes.\nCooking skill grows through practice. Keep this reference after reading: cooking literature can be needed later for food preparation and crafting requirements."
rebirthCookingMagazineM05,Grain Craft #5: Even Hydration
rebirthCookingMagazineM05Desc,"[B58CFF]Study once; keep or share afterward.[-]\nTopic: Disperse liquid through cornmeal.\nExamples: Corn Bread, Pumpkin Bread and 2 other recipes.\nCooking skill grows through practice. Keep this reference after reading: cooking literature can be needed later for food preparation and crafting requirements."
rebirthCookingMagazineM06,Breakfast Bench #6: Gentle Egg Setting
rebirthCookingMagazineM06Desc,"[B58CFF]Study once; keep or share afterward.[-]\nTopic: Control the texture of egg dishes.\nExamples: Boiled Egg, Bacon and Eggs and 1 other recipes.\nCooking skill grows through practice. Keep this reference after reading: cooking literature can be needed later for food preparation and crafting requirements."
rebirthCookingMagazineM07,Pantry Plates #7: Staged Assembly
rebirthCookingMagazineM07Desc,"[B58CFF]Study once; keep or share afterward.[-]\nTopic: Organize already-cooked ingredients.\nExamples: Chili Dog, Gumbo Stew and 12 other recipes.\nCooking skill grows through practice. Keep this reference after reading: cooking literature can be needed later for food preparation and crafting requirements."
rebirthCookingMagazineM08,Soup Workshop #8: Balanced Body
rebirthCookingMagazineM08Desc,"[B58CFF]Study once; keep or share afterward.[-]\nTopic: Keep broth and solid components balanced.\nExamples: Meat Stew, Vegetable Stew and 12 other recipes.\nCooking skill grows through practice. Keep this reference after reading: cooking literature can be needed later for food preparation and crafting requirements."
rebirthCookingMagazineM09,Mushroom Monthly #9: Moisture Control
rebirthCookingMagazineM09Desc,"[B58CFF]Study once; keep or share afterward.[-]\nTopic: Avoid a watery mushroom filling.\nExamples: Mushroom Skillet, Mushroom Pot Pie and 2 other recipes.\nCooking skill grows through practice. Keep this reference after reading: cooking literature can be needed later for food preparation and crafting requirements."
rebirthCookingMagazineM10,Harvest Kitchen #10: Smooth Squash
rebirthCookingMagazineM10Desc,"[B58CFF]Study once; keep or share afterward.[-]\nTopic: Prepare an even squash base.\nExamples: Pumpkin Vegetable Soup, Pumpkin Pie and 2 other recipes.\nCooking skill grows through practice. Keep this reference after reading: cooking literature can be needed later for food preparation and crafting requirements."
rebirthCookingMagazineM11,Berry Basket #11: Controlled Filling
rebirthCookingMagazineM11Desc,"[B58CFF]Study once; keep or share afterward.[-]\nTopic: Manage wet fruit within a dessert.\nExamples: Blueberry Pie, Blueberry Crumble.\nCooking skill grows through practice. Keep this reference after reading: cooking literature can be needed later for food preparation and crafting requirements."
rebirthCookingMagazineM12,Pastry Practice #12: Protect the Crust
rebirthCookingMagazineM12Desc,"[B58CFF]Study once; keep or share afterward.[-]\nTopic: Balance filling and pastry moisture.\nExamples: Blueberry Pie, Pumpkin Pie and 1 other recipes.\nCooking skill grows through practice. Keep this reference after reading: cooking literature can be needed later for food preparation and crafting requirements."
rebirthCookingMagazineM13,Bread Bench #13: Measure Before Mixing
rebirthCookingMagazineM13Desc,"[B58CFF]Study once; keep or share afterward.[-]\nTopic: Organize grain preparation and bread mixing efficiently.\nExamples: Cornmeal, Corn Bread and 1 other recipes.\nCooking skill grows through practice. Keep this reference after reading: cooking literature can be needed later for food preparation and crafting requirements."
rebirthCookingMagazineM14,Crisp Kitchen #14: Thin Even Coating
rebirthCookingMagazineM14Desc,"[B58CFF]Study once; keep or share afterward.[-]\nTopic: Apply an even coating before cooking.\nExamples: Chicken Wings, Chicken Nuggets and 1 other recipes.\nCooking skill grows through practice. Keep this reference after reading: cooking literature can be needed later for food preparation and crafting requirements."
rebirthCookingMagazineM15,Golden Glaze #15: Late Glazing
rebirthCookingMagazineM15Desc,"[B58CFF]Study once; keep or share afterward.[-]\nTopic: Keep sweet coatings from dominating or scorching.\nExamples: Chicken Wings, Honey Glazed Sham and 2 other recipes.\nCooking skill grows through practice. Keep this reference after reading: cooking literature can be needed later for food preparation and crafting requirements."
rebirthCookingMagazineM16,Fish Counter #16: Gentle Flaking
rebirthCookingMagazineM16Desc,"[B58CFF]Study once; keep or share afterward.[-]\nTopic: Preserve texture when combining cooked fish.\nExamples: Fish Tacos, Tuna Fish Gravy Toast.\nCooking skill grows through practice. Keep this reference after reading: cooking literature can be needed later for food preparation and crafting requirements."
rebirthCookingMagazineM17,Butcher to Table #17: Consistent Portions
rebirthCookingMagazineM17Desc,"[B58CFF]Study once; keep or share afterward.[-]\nTopic: Prepare comparable meat portions.\nExamples: Bacon and Eggs, Boiled Meat and 4 other recipes.\nCooking skill grows through practice. Keep this reference after reading: cooking literature can be needed later for food preparation and crafting requirements."
rebirthCookingMagazineM18,Pantry Keeper #18: Uniform Drying Strips
rebirthCookingMagazineM18Desc,"[B58CFF]Study once; keep or share afterward.[-]\nTopic: Prepare evenly sized drying pieces.\nExamples: Dried Meat, Roadrunner Chicken Jerky.\nCooking skill grows through practice. Keep this reference after reading: cooking literature can be needed later for food preparation and crafting requirements."
rebirthCookingMagazineM19,Pantry Keeper #19: Organized Preserving
rebirthCookingMagazineM19Desc,"[B58CFF]Study once; keep or share afterward.[-]\nTopic: Lay out small preservation batches.\nExamples: Dried Meat, Roadrunner Chicken Jerky and 1 other recipes.\nCooking skill grows through practice. Keep this reference after reading: cooking literature can be needed later for food preparation and crafting requirements."
rebirthCookingMagazineM20,Plant Plates #20: Layered Texture
rebirthCookingMagazineM20Desc,"[B58CFF]Study once; keep or share afterward.[-]\nTopic: Balance distinct vegetable components.\nExamples: Vegetable Stew, Mushroom Skillet and 2 other recipes.\nCooking skill grows through practice. Keep this reference after reading: cooking literature can be needed later for food preparation and crafting requirements."
rebirthCookingMagazineM21,Dessert Lab #21: Gentle Finish
rebirthCookingMagazineM21Desc,"[B58CFF]Study once; keep or share afterward.[-]\nTopic: Avoid a coarse finished dessert texture.\nExamples: Pumpkin Cheesecake, Pumpkin Pie and 1 other recipes.\nCooking skill grows through practice. Keep this reference after reading: cooking literature can be needed later for food preparation and crafting requirements."
rebirthCookingMagazineM22,Wasteland Kitchen #22: Measured Mixing
rebirthCookingMagazineM22Desc,"[B58CFF]Study once; keep or share afterward.[-]\nTopic: Consistent fictional mixture handling.\nExamples: Black Lung Serum, Sunstroke Tonic and 6 other recipes.\nCooking skill grows through practice. Keep this reference after reading: cooking literature can be needed later for food preparation and crafting requirements."
rebirthCookingMagazineM23,Garden Table #23: Delicate Herb Finish
rebirthCookingMagazineM23Desc,"[B58CFF]Study once; keep or share afterward.[-]\nTopic: Use eligible basil or dill as a finishing flavor.\nExamples: Spaghetti, Vegetable Stew and 23 other recipes.\nCooking skill grows through practice. Keep this reference after reading: cooking literature can be needed later for food preparation and crafting requirements."
rebirthCookingMagazineM24,Comfort Kitchen #24: Restrained Sage
rebirthCookingMagazineM24Desc,"[B58CFF]Study once; keep or share afterward.[-]\nTopic: Balance sage against rich savory ingredients.\nExamples: Grilled Meat, Steak and Potato Meal and 25 other recipes.\nCooking skill grows through practice. Keep this reference after reading: cooking literature can be needed later for food preparation and crafting requirements."
rebirthCookingMagazineM25,Rice Workshop #25: Measured Liquid
rebirthCookingMagazineM25Desc,"[B58CFF]Study once; keep or share afterward.[-]\nTopic: Measure liquid against rice and wet additions.\nExamples: Chard & Onion Rice, Chanterelle & King Oyster Rice and 7 other recipes.\nCooking skill grows through practice. Keep this reference after reading: cooking literature can be needed later for food preparation and crafting requirements."
rebirthCookingMagazineM26,Barley Bench #26: Batch Preparation
rebirthCookingMagazineM26Desc,"[B58CFF]Study once; keep or share afterward.[-]\nTopic: Organize whole-grain portions before cooking.\nExamples: Onion & Barley Broth, Black Trumpet Barley Stew and 5 other recipes.\nCooking skill grows through practice. Keep this reference after reading: cooking literature can be needed later for food preparation and crafting requirements."
rebirthCookingMagazineM27,Oat Kitchen #27: Even Soaking
rebirthCookingMagazineM27Desc,"[B58CFF]Study once; keep or share afterward.[-]\nTopic: Distribute liquid through rolled oats.\nExamples: Cranberry Oat Porridge, Strawberry Breakfast Porridge and 3 other recipes.\nCooking skill grows through practice. Keep this reference after reading: cooking literature can be needed later for food preparation and crafting requirements."
rebirthCookingMagazineM28,Flour Bench #28: Measured Batches
rebirthCookingMagazineM28Desc,"[B58CFF]Study once; keep or share afterward.[-]\nTopic: Lay out milling and dough components efficiently.\nExamples: Wheat Flour, Rolled Oats and 4 other recipes.\nCooking skill grows through practice. Keep this reference after reading: cooking literature can be needed later for food preparation and crafting requirements."
rebirthCookingMagazineM29,Root Table #29: Consistent Pieces
rebirthCookingMagazineM29Desc,"[B58CFF]Study once; keep or share afterward.[-]\nTopic: Match root sizes to the chosen method.\nExamples: Carrot & Ginger Soup, Sweet Potato & Turnip Mash and 6 other recipes.\nCooking skill grows through practice. Keep this reference after reading: cooking literature can be needed later for food preparation and crafting requirements."
rebirthCookingMagazineM30,Squash Workshop #30: Manage the Moisture
rebirthCookingMagazineM30Desc,"[B58CFF]Study once; keep or share afterward.[-]\nTopic: Prepare squash for soup, filling or cakes.\nExamples: Butternut Rice Bake, Harvest Vegetable Pie and 2 other recipes.\nCooking skill grows through practice. Keep this reference after reading: cooking literature can be needed later for food preparation and crafting requirements."
rebirthCookingMagazineM31,Garden Lunch #31: Crisp Assembly
rebirthCookingMagazineM31Desc,"[B58CFF]Study once; keep or share afterward.[-]\nTopic: Combine fresh parts close to finishing.\nExamples: Crunchy Garden Salad, Cucumber & Radish Salad and 5 other recipes.\nCooking skill grows through practice. Keep this reference after reading: cooking literature can be needed later for food preparation and crafting requirements."
rebirthCookingMagazineM32,Green Kitchen #32: Staged Vegetables
rebirthCookingMagazineM32Desc,"[B58CFF]Study once; keep or share afterward.[-]\nTopic: Organize tender vegetables around the main ingredient.\nExamples: Zucchini Cornmeal Fritters, Chard & Tomato Omelette and 3 other recipes.\nCooking skill grows through practice. Keep this reference after reading: cooking literature can be needed later for food preparation and crafting requirements."
rebirthCookingMagazineM33,Chanterelle Notes #33: Even Pieces
rebirthCookingMagazineM33Desc,"[B58CFF]Study once; keep or share afterward.[-]\nTopic: Prepare consistent pieces for the chosen job.\nExamples: Chanterelle & King Oyster Rice, Harvest Vegetable Pie and 3 other recipes.\nCooking skill grows through practice. Keep this reference after reading: cooking literature can be needed later for food preparation and crafting requirements."
rebirthCookingMagazineM34,Trumpet Notes #34: Distribute the Flavor
rebirthCookingMagazineM34Desc,"[B58CFF]Study once; keep or share afterward.[-]\nTopic: Spread aromatic mushroom pieces through the dish.\nExamples: Black Trumpet Barley Stew, Black Trumpet & Onion Pie and 3 other recipes.\nCooking skill grows through practice. Keep this reference after reading: cooking literature can be needed later for food preparation and crafting requirements."
rebirthCookingMagazineM35,Oyster Notes #35: Uniform Portions
rebirthCookingMagazineM35Desc,"[B58CFF]Study once; keep or share afterward.[-]\nTopic: Cut firm mushroom portions to suit the method.\nExamples: Chanterelle & King Oyster Rice, Crisp King Oyster Bites and 3 other recipes.\nCooking skill grows through practice. Keep this reference after reading: cooking literature can be needed later for food preparation and crafting requirements."
rebirthCookingMagazineM36,Enoki Notes #36: Separate the Clusters
rebirthCookingMagazineM36Desc,"[B58CFF]Study once; keep or share afterward.[-]\nTopic: Distribute delicate clusters evenly.\nExamples: Enoki & Chard Miso Soup, Ginger Enoki Rice Bowl and 3 other recipes.\nCooking skill grows through practice. Keep this reference after reading: cooking literature can be needed later for food preparation and crafting requirements."
rebirthCookingMagazineM37,Tart Fruit #37: Balanced Preparation
rebirthCookingMagazineM37Desc,"[B58CFF]Study once; keep or share afterward.[-]\nTopic: Prepare tart fruit and its recipe-specific accompaniments.\nExamples: Cranberry Sauce, Cranberry Oat Porridge and 9 other recipes.\nCooking skill grows through practice. Keep this reference after reading: cooking literature can be needed later for food preparation and crafting requirements."
rebirthCookingMagazineM38,Berry Kitchen #38: Preserve the Texture
rebirthCookingMagazineM38Desc,"[B58CFF]Study once; keep or share afterward.[-]\nTopic: Handle soft fruit for its selected preparation.\nExamples: Strawberry Breakfast Porridge, Raspberry Oat Bars and 5 other recipes.\nCooking skill grows through practice. Keep this reference after reading: cooking literature can be needed later for food preparation and crafting requirements."
rebirthCookingMagazineM39,Filled Peppers #39: Even Filling
rebirthCookingMagazineM39Desc,"[B58CFF]Study once; keep or share afterward.[-]\nTopic: Distribute stuffing without overfilling.\nExamples: Garden-Stuffed Peppers, Tuna-Stuffed Peppers.\nCooking skill grows through practice. Keep this reference after reading: cooking literature can be needed later for food preparation and crafting requirements."
rebirthCookingMagazineM40,Sugar Kitchen #40: Syrup Setup
rebirthCookingMagazineM40Desc,"[B58CFF]Study once; keep or share afterward.[-]\nTopic: Measure and stage small syrup batches.\nExamples: Cane Syrup, Cranberry Sauce and 4 other recipes.\nCooking skill grows through practice. Keep this reference after reading: cooking literature can be needed later for food preparation and crafting requirements."
rebirthCookingMagazineM41,Flower Kitchen #41: Measured Floral Notes
rebirthCookingMagazineM41Desc,"[B58CFF]Study once; keep or share afterward.[-]\nTopic: Use only the floral ingredient specified by the recipe.\nExamples: Lavender Oat Biscuits, Chamomile Honey Custard and 2 other recipes.\nCooking skill grows through practice. Keep this reference after reading: cooking literature can be needed later for food preparation and crafting requirements."
rebirthCookingMagazineM42,Pantry Supper #42: Organize the Additions
rebirthCookingMagazineM42Desc,"[B58CFF]Study once; keep or share afterward.[-]\nTopic: Stage canned food and fresh ingredients.\nExamples: Garden Tomato Pasta, Enoki & Chard Miso Soup and 4 other recipes.\nCooking skill grows through practice. Keep this reference after reading: cooking literature can be needed later for food preparation and crafting requirements."
rebirthCookingMagazineM43,Egg Workshop #43: Even Setting
rebirthCookingMagazineM43Desc,"[B58CFF]Study once; keep or share afterward.[-]\nTopic: Apply the preparation appropriate to the egg dish.\nExamples: Chard & Tomato Omelette, Chamomile Honey Custard and 4 other recipes.\nCooking skill grows through practice. Keep this reference after reading: cooking literature can be needed later for food preparation and crafting requirements."
rebirthCookingMagazineM44,Small Grain Mill #44: Portion before Processing
rebirthCookingMagazineM44Desc,"[B58CFF]Study once; keep or share afterward.[-]\nTopic: Organize repeatable grain preparation.\nExamples: Cornmeal, Wheat Flour and 1 other recipes.\nCooking skill grows through practice. Keep this reference after reading: cooking literature can be needed later for food preparation and crafting requirements."
rebirthCookingBookB01,The First Camp Kitchen
rebirthCookingBookB01Desc,"[B58CFF]Study once; keep or share afterward.[-]\nTopic: Basic fuel, portions, and equipment.\nExamples: Water, Baked Potato and 3 other recipes.\nCooking skill grows through practice. Keep this reference after reading: cooking literature can be needed later for food preparation and crafting requirements."
rebirthCookingBookB02,Cooking over Coals
rebirthCookingBookB02Desc,"[B58CFF]Study once; keep or share afterward.[-]\nTopic: How radiant heat cooks solid foods.\nExamples: Charred Meat, Grilled Meat and 3 other recipes.\nCooking skill grows through practice. Keep this reference after reading: cooking literature can be needed later for food preparation and crafting requirements."
rebirthCookingBookB03,The Gentle Pot
rebirthCookingBookB03Desc,"[B58CFF]Study once; keep or share afterward.[-]\nTopic: Wet heat and liquid balance.\nExamples: Boiled Meat, Boiled Egg and 4 other recipes.\nCooking skill grows through practice. Keep this reference after reading: cooking literature can be needed later for food preparation and crafting requirements."
rebirthCookingBookB04,Roots at the Table
rebirthCookingBookB04Desc,"[B58CFF]Study once; keep or share afterward.[-]\nTopic: Root texture and appropriate substitutions.\nExamples: Baked Potato, Steak and Potato Meal and 4 other recipes.\nCooking skill grows through practice. Keep this reference after reading: cooking literature can be needed later for food preparation and crafting requirements."
rebirthCookingBookB05,Corn from Kernel to Meal
rebirthCookingBookB05Desc,"[B58CFF]Study once; keep or share afterward.[-]\nTopic: Whole grain versus milled grain.\nExamples: Cornmeal, Grilled Corn and 3 other recipes.\nCooking skill grows through practice. Keep this reference after reading: cooking literature can be needed later for food preparation and crafting requirements."
rebirthCookingBookB06,Eggs: Structure and Supper
rebirthCookingBookB06Desc,"[B58CFF]Study once; keep or share afterward.[-]\nTopic: Egg setting and binding.\nExamples: Boiled Egg, Bacon and Eggs and 4 other recipes.\nCooking skill grows through practice. Keep this reference after reading: cooking literature can be needed later for food preparation and crafting requirements."
rebirthCookingBookB07,A Pantry without a Supermarket
rebirthCookingBookB07Desc,"[B58CFF]Study once; keep or share afterward.[-]\nTopic: Using already-cooked canned ingredients.\nExamples: Chili Dog, Gumbo Stew and 13 other recipes.\nCooking skill grows through practice. Keep this reference after reading: cooking literature can be needed later for food preparation and crafting requirements."
rebirthCookingBookB08,A Stew for Every Pot
rebirthCookingBookB08Desc,"[B58CFF]Study once; keep or share afterward.[-]\nTopic: Body, broth, and distinct vegetable roles.\nExamples: Meat Stew, Vegetable Stew and 13 other recipes.\nCooking skill grows through practice. Keep this reference after reading: cooking literature can be needed later for food preparation and crafting requirements."
rebirthCookingBookB09,The Mushroom Kitchen
rebirthCookingBookB09Desc,"[B58CFF]Study once; keep or share afterward.[-]\nTopic: Moisture and texture in cultivated edible mushrooms.\nExamples: Mushroom Skillet, Mushroom Pot Pie and 5 other recipes.\nCooking skill grows through practice. Keep this reference after reading: cooking literature can be needed later for food preparation and crafting requirements."
rebirthCookingBookB10,The Autumn Squash Table
rebirthCookingBookB10Desc,"[B58CFF]Study once; keep or share afterward.[-]\nTopic: Sweet and savory squash preparations.\nExamples: Pumpkin Bread, Pumpkin Pie and 3 other recipes.\nCooking skill grows through practice. Keep this reference after reading: cooking literature can be needed later for food preparation and crafting requirements."
rebirthCookingBookB11,Berry Baking
rebirthCookingBookB11Desc,"[B58CFF]Study once; keep or share afterward.[-]\nTopic: Fruit moisture and filling structure.\nExamples: Blueberry Pie, Blueberry Crumble.\nCooking skill grows through practice. Keep this reference after reading: cooking literature can be needed later for food preparation and crafting requirements."
rebirthCookingBookB12,Pies: Crust and Filling
rebirthCookingBookB12Desc,"[B58CFF]Study once; keep or share afterward.[-]\nTopic: Separate structural and filling requirements.\nExamples: Blueberry Pie, Pumpkin Pie and 2 other recipes.\nCooking skill grows through practice. Keep this reference after reading: cooking literature can be needed later for food preparation and crafting requirements."
rebirthCookingBookB13,Everyday Cornmeal Baking
rebirthCookingBookB13Desc,"[B58CFF]Study once; keep or share afterward.[-]\nTopic: Hydration and structure in simple breads.\nExamples: Corn Bread, Pumpkin Bread and 2 other recipes.\nCooking skill grows through practice. Keep this reference after reading: cooking literature can be needed later for food preparation and crafting requirements."
rebirthCookingBookB14,The Coating Kitchen
rebirthCookingBookB14Desc,"[B58CFF]Study once; keep or share afterward.[-]\nTopic: Adhesion, thickness, and crisp surfaces.\nExamples: Chicken Wings, Chicken Nuggets and 1 other recipes.\nCooking skill grows through practice. Keep this reference after reading: cooking literature can be needed later for food preparation and crafting requirements."
rebirthCookingBookB15,Honey in Savory Cooking
rebirthCookingBookB15Desc,"[B58CFF]Study once; keep or share afterward.[-]\nTopic: Sweetness balanced against meat and starch.\nExamples: Chicken Wings, Honey Glazed Sham and 1 other recipes.\nCooking skill grows through practice. Keep this reference after reading: cooking literature can be needed later for food preparation and crafting requirements."
rebirthCookingBookB16,The Tinned Fish Kitchen
rebirthCookingBookB16Desc,"[B58CFF]Study once; keep or share afterward.[-]\nTopic: Fish flakes, starch, and gentle reheating.\nExamples: Fish Tacos, Tuna Fish Gravy Toast.\nCooking skill grows through practice. Keep this reference after reading: cooking literature can be needed later for food preparation and crafting requirements."
rebirthCookingBookB17,Using Every Cut
rebirthCookingBookB17Desc,"[B58CFF]Study once; keep or share afterward.[-]\nTopic: Fresh cuts, cooked meat, and portion choices.\nExamples: Bacon and Eggs, Boiled Meat and 6 other recipes.\nCooking skill grows through practice. Keep this reference after reading: cooking literature can be needed later for food preparation and crafting requirements."
rebirthCookingBookB18,The Preservation Pantry
rebirthCookingBookB18Desc,"[B58CFF]Study once; keep or share afterward.[-]\nTopic: Drying and pickling as distinct processes.\nExamples: Dried Meat, Roadrunner Chicken Jerky and 1 other recipes.\nCooking skill grows through practice. Keep this reference after reading: cooking literature can be needed later for food preparation and crafting requirements."
rebirthCookingBookB19,Vegetables as the Main Course
rebirthCookingBookB19Desc,"[B58CFF]Study once; keep or share afterward.[-]\nTopic: Building complete vegetable dishes.\nExamples: Vegetable Stew, Mushroom Skillet and 2 other recipes.\nCooking skill grows through practice. Keep this reference after reading: cooking literature can be needed later for food preparation and crafting requirements."
rebirthCookingBookB20,Dessert Structure
rebirthCookingBookB20Desc,"[B58CFF]Study once; keep or share afterward.[-]\nTopic: Binding, moisture, and gentle setting.\nExamples: Pumpkin Cheesecake, Pumpkin Pie and 2 other recipes.\nCooking skill grows through practice. Keep this reference after reading: cooking literature can be needed later for food preparation and crafting requirements."
rebirthCookingBookB21,Wasteland Test Kitchen
rebirthCookingBookB21Desc,"[B58CFF]Study once; keep or share afterward.[-]\nTopic: Fictional native concoctions; game-world reference only.\nExamples: Black Lung Serum, Sunstroke Tonic and 6 other recipes.\nCooking skill grows through practice. Keep this reference after reading: cooking literature can be needed later for food preparation and crafting requirements."
rebirthCookingBookB22,Water and the Camp Pot
rebirthCookingBookB22Desc,"[B58CFF]Study once; keep or share afterward.[-]\nTopic: Measured liquids and useful heat.\nExamples: Water, Boiled Meat and 2 other recipes.\nCooking skill grows through practice. Keep this reference after reading: cooking literature can be needed later for food preparation and crafting requirements."
rebirthCookingBookB23,Basil: Garden to Kitchen
rebirthCookingBookB23Desc,"[B58CFF]Study once; keep or share afterward.[-]\nTopic: seasoning with basil.\nExamples: Spaghetti, Vegetable Stew and 12 other recipes.\nCooking skill grows through practice. Keep this reference after reading: cooking literature can be needed later for food preparation and crafting requirements."
rebirthCookingBookB24,"Dill: Fish, Roots, and Pickles"
rebirthCookingBookB24Desc,"[B58CFF]Study once; keep or share afterward.[-]\nTopic: seasoning with dill.\nExamples: Fish Tacos, Tuna Fish Gravy Toast and 10 other recipes.\nCooking skill grows through practice. Keep this reference after reading: cooking literature can be needed later for food preparation and crafting requirements."
rebirthCookingBookB25,Sage: Savory Comfort Food
rebirthCookingBookB25Desc,"[B58CFF]Study once; keep or share afterward.[-]\nTopic: seasoning with sage.\nExamples: Grilled Meat, Steak and Potato Meal and 25 other recipes.\nCooking skill grows through practice. Keep this reference after reading: cooking literature can be needed later for food preparation and crafting requirements."
rebirthCookingBookB26,Rice at the Everyday Table
rebirthCookingBookB26Desc,"[B58CFF]Study once; keep or share afterward.[-]\nTopic: Rice hydration, portions and mixed dishes.\nExamples: Chard & Onion Rice, Chanterelle & King Oyster Rice and 5 other recipes.\nCooking skill grows through practice. Keep this reference after reading: cooking literature can be needed later for food preparation and crafting requirements."
rebirthCookingBookB27,Barley beyond Broth
rebirthCookingBookB27Desc,"[B58CFF]Study once; keep or share afterward.[-]\nTopic: Whole barley in soups, salads and baked meals.\nExamples: Onion & Barley Broth, Black Trumpet Barley Stew and 5 other recipes.\nCooking skill grows through practice. Keep this reference after reading: cooking literature can be needed later for food preparation and crafting requirements."
rebirthCookingBookB28,Oats from Breakfast to Supper
rebirthCookingBookB28Desc,"[B58CFF]Study once; keep or share afterward.[-]\nTopic: Rolled grain, binding and baked texture.\nExamples: Rolled Oats, Cranberry Oat Porridge and 5 other recipes.\nCooking skill grows through practice. Keep this reference after reading: cooking literature can be needed later for food preparation and crafting requirements."
rebirthCookingBookB29,The Small Flour Kitchen
rebirthCookingBookB29Desc,"[B58CFF]Study once; keep or share afterward.[-]\nTopic: Milling and practical flour structures.\nExamples: Wheat Flour, Currant Flatbread and 3 other recipes.\nCooking skill grows through practice. Keep this reference after reading: cooking literature can be needed later for food preparation and crafting requirements."
rebirthCookingBookB30,"Sweet Roots, Savory Meals"
rebirthCookingBookB30Desc,"[B58CFF]Study once; keep or share afterward.[-]\nTopic: Sweet potato body, moisture and mixed roots.\nExamples: Sweet Potato & Turnip Mash, Roasted Root Medley and 4 other recipes.\nCooking skill grows through practice. Keep this reference after reading: cooking literature can be needed later for food preparation and crafting requirements."
rebirthCookingBookB31,The Butternut Kitchen
rebirthCookingBookB31Desc,"[B58CFF]Study once; keep or share afterward.[-]\nTopic: Squash as a filling, soup base and binder.\nExamples: Butternut Rice Bake, Harvest Vegetable Pie and 2 other recipes.\nCooking skill grows through practice. Keep this reference after reading: cooking literature can be needed later for food preparation and crafting requirements."
rebirthCookingBookB32,Fresh from the Kitchen Garden
rebirthCookingBookB32Desc,"[B58CFF]Study once; keep or share afterward.[-]\nTopic: Crunch, cooked grain and fresh vegetables.\nExamples: Crunchy Garden Salad, Cucumber & Radish Salad and 5 other recipes.\nCooking skill grows through practice. Keep this reference after reading: cooking literature can be needed later for food preparation and crafting requirements."
rebirthCookingBookB33,Greens and Zucchini at Supper
rebirthCookingBookB33Desc,"[B58CFF]Study once; keep or share afterward.[-]\nTopic: Leafy vegetables and tender squash preparations.\nExamples: Zucchini Cornmeal Fritters, Chard & Tomato Omelette and 3 other recipes.\nCooking skill grows through practice. Keep this reference after reading: cooking literature can be needed later for food preparation and crafting requirements."
rebirthCookingBookB34,The Chanterelle Kitchen
rebirthCookingBookB34Desc,"[B58CFF]Study once; keep or share afterward.[-]\nTopic: Cultivated chanterelle texture across cooking methods.\nExamples: Chanterelle & King Oyster Rice, Harvest Vegetable Pie and 3 other recipes.\nCooking skill grows through practice. Keep this reference after reading: cooking literature can be needed later for food preparation and crafting requirements."
rebirthCookingBookB35,Black Trumpets at the Table
rebirthCookingBookB35Desc,"[B58CFF]Study once; keep or share afterward.[-]\nTopic: Aromatic culinary mushrooms in broth and fillings.\nExamples: Black Trumpet Barley Stew, Black Trumpet & Onion Pie and 3 other recipes.\nCooking skill grows through practice. Keep this reference after reading: cooking literature can be needed later for food preparation and crafting requirements."
rebirthCookingBookB36,Cooking with King Oysters
rebirthCookingBookB36Desc,"[B58CFF]Study once; keep or share afterward.[-]\nTopic: Firm mushroom pieces, fillings and coatings.\nExamples: Chanterelle & King Oyster Rice, Crisp King Oyster Bites and 3 other recipes.\nCooking skill grows through practice. Keep this reference after reading: cooking literature can be needed later for food preparation and crafting requirements."
rebirthCookingBookB37,The Enoki Kitchen
rebirthCookingBookB37Desc,"[B58CFF]Study once; keep or share afterward.[-]\nTopic: Delicate clusters in soups, rice and crisp cakes.\nExamples: Enoki & Chard Miso Soup, Ginger Enoki Rice Bowl and 3 other recipes.\nCooking skill grows through practice. Keep this reference after reading: cooking literature can be needed later for food preparation and crafting requirements."
rebirthCookingBookB38,Tart Fruit in the Pantry
rebirthCookingBookB38Desc,"[B58CFF]Study once; keep or share afterward.[-]\nTopic: Currants, gooseberries and cranberries in sweet and savory food.\nExamples: Cranberry Sauce, Cranberry Oat Porridge and 9 other recipes.\nCooking skill grows through practice. Keep this reference after reading: cooking literature can be needed later for food preparation and crafting requirements."
rebirthCookingBookB39,Soft Berries through the Seasons
rebirthCookingBookB39Desc,"[B58CFF]Study once; keep or share afterward.[-]\nTopic: Strawberry and raspberry moisture and texture.\nExamples: Strawberry Breakfast Porridge, Raspberry Oat Bars and 5 other recipes.\nCooking skill grows through practice. Keep this reference after reading: cooking literature can be needed later for food preparation and crafting requirements."
rebirthCookingBookB40,Peppers as the Main Course
rebirthCookingBookB40Desc,"[B58CFF]Study once; keep or share afterward.[-]\nTopic: Pepper structure, filling and pan preparation.\nExamples: Garden-Stuffed Peppers, Tuna-Stuffed Peppers and 1 other recipes.\nCooking skill grows through practice. Keep this reference after reading: cooking literature can be needed later for food preparation and crafting requirements."
rebirthCookingBookB41,Cane Sugar in a Small Kitchen
rebirthCookingBookB41Desc,"[B58CFF]Study once; keep or share afterward.[-]\nTopic: Syrup preparation and balanced sweetness.\nExamples: Cane Syrup, Cranberry Sauce and 11 other recipes.\nCooking skill grows through practice. Keep this reference after reading: cooking literature can be needed later for food preparation and crafting requirements."
rebirthCookingBookB42,Flowers for the Culinary Shelf
rebirthCookingBookB42Desc,"[B58CFF]Study once; keep or share afterward.[-]\nTopic: Lavender and chamomile flavor guidance, not medicine.\nExamples: Lavender Oat Biscuits, Chamomile Honey Custard and 2 other recipes.\nCooking skill grows through practice. Keep this reference after reading: cooking literature can be needed later for food preparation and crafting requirements."
rebirthCookingBookB43,Cans and Garden Harvests
rebirthCookingBookB43Desc,"[B58CFF]Study once; keep or share afterward.[-]\nTopic: Combining stored food with fresh crops.\nExamples: Garden Tomato Pasta, Enoki & Chard Miso Soup and 4 other recipes.\nCooking skill grows through practice. Keep this reference after reading: cooking literature can be needed later for food preparation and crafting requirements."
rebirthCookingBookB44,Eggs beyond Breakfast
rebirthCookingBookB44Desc,"[B58CFF]Study once; keep or share afterward.[-]\nTopic: Egg structure in savory meals and custards.\nExamples: Chard & Tomato Omelette, Chamomile Honey Custard and 4 other recipes.\nCooking skill grows through practice. Keep this reference after reading: cooking literature can be needed later for food preparation and crafting requirements."
rebirthCookingBookB45,The Everyday Root Pot
rebirthCookingBookB45Desc,"[B58CFF]Study once; keep or share afterward.[-]\nTopic: Root cuts, mash and broth texture.\nExamples: Carrot & Ginger Soup, Onion & Barley Broth and 5 other recipes.\nCooking skill grows through practice. Keep this reference after reading: cooking literature can be needed later for food preparation and crafting requirements."
WorkbenchMortarPestle001_FR,Mortar and Pestle
WorkbenchGasStove001_FR,Gas Stovetop
WorkbenchIronOven001_FR,Iron Oven
FuriousRamsayBakingPan,Baking Pan
rebirthCookingFryingPan,Frying Pan
FuriousRamsayBakingPanDesc,An oven tool for baking and roasting.
rebirthCookingFryingPanDesc,A stovetop tool for frying.
rebirthCookingCardCnativedrinkJarBeer,Beer — Recipe Card
rebirthCookingCardCnativedrinkJarBeerDesc,"Reusable recipe reference. Study to remember this title. You can share the card afterward; reading does not raise Cooking skill. Ingredients: 4 Hops Flower, 1 Water. Keep this reference after reading: cooking literature can be needed later for food preparation and crafting requirements."
rebirthCookingCardCwater,Water — Recipe Card
rebirthCookingCardCwaterDesc,"Reusable recipe reference. Study to remember this title. You can share the card afterward; reading does not raise Cooking skill. Ingredients: 1 Murky Water. Keep this reference after reading: cooking literature can be needed later for food preparation and crafting requirements."
rebirthCookingCardCnativedrinkJarPureMineralWater,Pure Mineral Water — Recipe Card
rebirthCookingCardCnativedrinkJarPureMineralWaterDesc,"Reusable recipe reference. Study to remember this title. You can share the card afterward; reading does not raise Cooking skill. Ingredients: 1 Water, 1 Coal, 1 Goldenrod Flower, 1 Chrysanthemum. Keep this reference after reading: cooking literature can be needed later for food preparation and crafting requirements."
rebirthCookingCardCnativedrinkJarCoffee,Coffee — Recipe Card
rebirthCookingCardCnativedrinkJarCoffeeDesc,"Reusable recipe reference. Study to remember this title. You can share the card afterward; reading does not raise Cooking skill. Ingredients: 1 Coffee Beans, 1 Water. Keep this reference after reading: cooking literature can be needed later for food preparation and crafting requirements."
rebirthCookingCardCnativedrinkJarBlackStrapCoffee,Blackstrap Coffee — Recipe Card
rebirthCookingCardCnativedrinkJarBlackStrapCoffeeDesc,"Reusable recipe reference. Study to remember this title. You can share the card afterward; reading does not raise Cooking skill. Ingredients: 1 Coffee Beans, 1 Water, 5 Gunpowder. Keep this reference after reading: cooking literature can be needed later for food preparation and crafting requirements."
rebirthCookingCardCnativedrinkJarGoldenRodTea,Goldenrod Tea — Recipe Card
rebirthCookingCardCnativedrinkJarGoldenRodTeaDesc,"Reusable recipe reference. Study to remember this title. You can share the card afterward; reading does not raise Cooking skill. Ingredients: 1 Goldenrod Flower, 1 Water. Keep this reference after reading: cooking literature can be needed later for food preparation and crafting requirements."
rebirthCookingCardCnativedrinkJarHoneyTea,Honey Tea — Recipe Card
rebirthCookingCardCnativedrinkJarHoneyTeaDesc,"Reusable recipe reference. Study to remember this title. You can share the card afterward; reading does not raise Cooking skill. Ingredients: 1 Goldenrod Flower, 1 Jar of Honey, 1 Water. Keep this reference after reading: cooking literature can be needed later for food preparation and crafting requirements."
rebirthCookingCardCnativedrinkJarGrandpasAwesomeSauce,Grandpa's Awesome Sauce — Recipe Card
rebirthCookingCardCnativedrinkJarGrandpasAwesomeSauceDesc,"Reusable recipe reference. Study to remember this title. You can share the card afterward; reading does not raise Cooking skill. Ingredients: 50 Duke's Casino Token, 5 Jar of Honey, 5 Mushrooms, 10 Gas Can, 1 Ear of Super Corn. Keep this reference after reading: cooking literature can be needed later for food preparation and crafting requirements."
rebirthCookingCardCnativedrinkJarGrandpasLearningElixir,Grandpa's Learnin' Elixir — Recipe Card
rebirthCookingCardCnativedrinkJarGrandpasLearningElixirDesc,"Reusable recipe reference. Study to remember this title. You can share the card afterward; reading does not raise Cooking skill. Ingredients: 2 Can of Dog Food, 2 Red Tea, 1 Bottle of Acid, 1 Beer, 1 Ear of Super Corn. Keep this reference after reading: cooking literature can be needed later for food preparation and crafting requirements."
rebirthCookingCardCnativedrinkJarGrandpasMoonshine,Grandpa's Moonshine — Recipe Card
rebirthCookingCardCnativedrinkJarGrandpasMoonshineDesc,"Reusable recipe reference. Study to remember this title. You can share the card afterward; reading does not raise Cooking skill. Ingredients: 5 Cornmeal, 1 Beer, 5 Blueberries, 1 Bottle of Acid, 1 Ear of Super Corn. Keep this reference after reading: cooking literature can be needed later for food preparation and crafting requirements."
rebirthCookingCardCnativedrinkJarRedTea,Red Tea — Recipe Card
rebirthCookingCardCnativedrinkJarRedTeaDesc,"Reusable recipe reference. Study to remember this title. You can share the card afterward; reading does not raise Cooking skill. Ingredients: 1 Chrysanthemum, 1 Water. Keep this reference after reading: cooking literature can be needed later for food preparation and crafting requirements."
rebirthCookingCardCnativedrinkJarYuccaJuice,Yucca Juice — Recipe Card
rebirthCookingCardCnativedrinkJarYuccaJuiceDesc,"Reusable recipe reference. Study to remember this title. You can share the card afterward; reading does not raise Cooking skill. Ingredients: 1 Yucca Fruit, 1 Water. Keep this reference after reading: cooking literature can be needed later for food preparation and crafting requirements."
rebirthCookingCardCnativedrinkYuccaJuiceSmoothie,Yucca Juice Smoothie — Recipe Card
rebirthCookingCardCnativedrinkYuccaJuiceSmoothieDesc,"Reusable recipe reference. Study to remember this title. You can share the card afterward; reading does not raise Cooking skill. Ingredients: 4 Yucca Fruit, 4 Blueberries, 1 Snowball, 1 Empty Water Jar. Keep this reference after reading: cooking literature can be needed later for food preparation and crafting requirements."
rebirthImprovisedSoup01,Improvised Stew — Thick
rebirthImprovisedSoup01Desc,An improvised meal made from available ingredients.
rebirthImprovisedSoup02,Improvised Stew — Brothy
rebirthImprovisedSoup02Desc,An improvised meal made from available ingredients.
rebirthImprovisedSoup03,Improvised Stew — Dark
rebirthImprovisedSoup03Desc,An improvised meal made from available ingredients.
rebirthImprovisedSoup04,Improvised Stew — Coarse
rebirthImprovisedSoup04Desc,An improvised meal made from available ingredients.
rebirthImprovisedPan01,Improvised Pan Meal — Golden
rebirthImprovisedPan01Desc,An improvised meal made from available ingredients.
rebirthImprovisedPan02,Improvised Pan Meal — Dark
rebirthImprovisedPan02Desc,An improvised meal made from available ingredients.
rebirthImprovisedPan03,Improvised Pan Meal — Soft
rebirthImprovisedPan03Desc,An improvised meal made from available ingredients.
rebirthImprovisedPan04,Improvised Pan Meal — Crisped
rebirthImprovisedPan04Desc,An improvised meal made from available ingredients.
rebirthImprovisedBaked01,Improvised Oven Bake — Golden
rebirthImprovisedBaked01Desc,An improvised meal made from available ingredients.
rebirthImprovisedBaked02,Improvised Oven Bake — Dark
rebirthImprovisedBaked02Desc,An improvised meal made from available ingredients.
rebirthImprovisedBaked03,Improvised Oven Bake — Soft
rebirthImprovisedBaked03Desc,An improvised meal made from available ingredients.
rebirthImprovisedBaked04,Improvised Oven Bake — Crumbled
rebirthImprovisedBaked04Desc,An improvised meal made from available ingredients.
rebirthBurnt_drinkJarBoiledWater,Water (Burnt)
rebirthBurnt_foodBaconAndEggs,Bacon and Eggs (Burnt)
rebirthBurnt_foodBakedPotato,Baked Potato (Burnt)
rebirthBurnt_foodBlueberryPie,Blueberry Pie (Burnt)
rebirthBurnt_foodPumpkinPie,Pumpkin Pie (Burnt)
rebirthBurnt_foodPumpkinCheesecake,Pumpkin Cheesecake (Burnt)
rebirthBurnt_foodPumpkinBread,Pumpkin Bread (Burnt)
rebirthBurnt_foodBoiledMeat,Boiled Meat (Burnt)
rebirthBurnt_foodCanSham,Can of Sham (Burnt)
rebirthBurnt_foodCharredMeat,Charred Meat (Burnt)
rebirthBurnt_foodChiliDog,Chili Dog (Burnt)
rebirthBurnt_foodCornBread,Corn Bread (Burnt)
rebirthBurnt_foodCornOnTheCob,Grilled Corn (Burnt)
rebirthBurnt_foodEggBoiled,Boiled Egg (Burnt)
rebirthBurnt_foodFishTacos,Fish Tacos (Burnt)
rebirthBurnt_foodGrilledMeat,Grilled Meat (Burnt)
rebirthBurnt_foodChickenWings,Chicken Wings (Burnt)
rebirthBurnt_foodChickenNuggets,Chicken Nuggets (Burnt)
rebirthBurnt_foodAshChickenStew,Ash Chicken Stew (Burnt)
rebirthBurnt_foodRoadrunnerChickenJerky,Roadrunner Chicken Jerky (Burnt)
rebirthBurnt_foodHoboStew,Hobo Stew (Burnt)
rebirthBurnt_foodMeatStew,Meat Stew (Burnt)
rebirthBurnt_foodHoneyGlazedSham,Honey Glazed Sham (Burnt)
rebirthBurnt_foodHoneyBrisket,Honey Brisket (Burnt)
rebirthBurnt_foodGumboStew,Gumbo Stew (Burnt)
rebirthBurnt_foodShepardsPie,Shepherd's Pie (Burnt)
rebirthBurnt_foodSpaghetti,Spaghetti (Burnt)
rebirthBurnt_foodTunaFishGravyToast,Tuna Fish Gravy Toast (Burnt)
rebirthBurnt_foodShamChowder,Sham Chowder (Burnt)
rebirthBurnt_foodSteakAndPotato,Steak and Potato Meal (Burnt)
rebirthBurnt_foodVegetableStew,Vegetable Stew (Burnt)
rebirthBurnt_rebirthFoodMushroomSkillet,Mushroom Skillet (Burnt)
rebirthBurnt_rebirthFoodPumpkinVegetableSoup,Pumpkin Vegetable Soup (Burnt)
rebirthBurnt_rebirthFoodBlueberryCrumble,Blueberry Crumble (Burnt)
rebirthBurnt_rebirthFoodMushroomPotPie,Mushroom Pot Pie (Burnt)
rebirthBurnt_rebirthFoodDriedMeat,Dried Meat (Burnt)
rebirthBurnt_rebirthFoodPickledVegetables,Pickled Vegetables (Burnt)
rebirthBurnt_rebirthCookingFoodN01,Carrot & Ginger Soup (Burnt)
rebirthBurnt_rebirthCookingFoodN02,Onion & Barley Broth (Burnt)
rebirthBurnt_rebirthCookingFoodN03,Sweet Potato & Turnip Mash (Burnt)
rebirthBurnt_rebirthCookingFoodN04,Roasted Root Medley (Burnt)
rebirthBurnt_rebirthCookingFoodN05,Chard & Onion Rice (Burnt)
rebirthBurnt_rebirthCookingFoodN06,Garden-Stuffed Peppers (Burnt)
rebirthBurnt_rebirthCookingFoodN07,Zucchini Cornmeal Fritters (Burnt)
rebirthBurnt_rebirthCookingFoodN08,Chard & Tomato Omelette (Burnt)
rebirthBurnt_rebirthCookingFoodN09,Garden Tomato Pasta (Burnt)
rebirthBurnt_rebirthCookingFoodN12,Chanterelle & King Oyster Rice (Burnt)
rebirthBurnt_rebirthCookingFoodN13,Black Trumpet Barley Stew (Burnt)
rebirthBurnt_rebirthCookingFoodN14,Enoki & Chard Miso Soup (Burnt)
rebirthBurnt_rebirthCookingFoodN15,Black Trumpet & Onion Pie (Burnt)
rebirthBurnt_rebirthCookingFoodN16,Butternut Rice Bake (Burnt)
rebirthBurnt_rebirthCookingFoodN17,Cranberry Oat Porridge (Burnt)
rebirthBurnt_rebirthCookingFoodN18,Strawberry Breakfast Porridge (Burnt)
rebirthBurnt_rebirthCookingFoodN19,Currant Flatbread (Burnt)
rebirthBurnt_rebirthCookingFoodN20,Gooseberry Oat Crumble (Burnt)
rebirthBurnt_rebirthCookingFoodN21,Raspberry Oat Bars (Burnt)
rebirthBurnt_rebirthCookingFoodN22,Strawberry Galette (Burnt)
rebirthBurnt_rebirthCookingFoodN23,Cranberry-Glazed Meat (Burnt)
rebirthBurnt_rebirthCookingFoodN24,Ginger Chicken Rice (Burnt)
rebirthBurnt_rebirthCookingFoodN25,Tomato & Salmon Stew (Burnt)
rebirthBurnt_rebirthCookingFoodN26,Tuna-Stuffed Peppers (Burnt)
rebirthBurnt_rebirthCookingFoodN27,Sweet Potato Hand Pies (Burnt)
rebirthBurnt_rebirthCookingFoodN28,Tomato & Turnip Soup (Burnt)
rebirthBurnt_rebirthCookingFoodN29,Harvest Vegetable Pie (Burnt)
rebirthBurnt_rebirthCookingFoodN30,Tomato Barley Casserole (Burnt)
rebirthBurnt_rebirthCookingFoodN31,Gooseberry & Currant Compote (Burnt)
rebirthBurnt_rebirthCookingFoodN32,Lavender Oat Biscuits (Burnt)
rebirthBurnt_rebirthCookingFoodN33,Chamomile Honey Custard (Burnt)
rebirthBurnt_rebirthCookingFoodN34,Onion & Oat Meatloaf (Burnt)
rebirthBurnt_rebirthCookingFoodN35,Crisp King Oyster Bites (Burnt)
rebirthBurnt_rebirthCookingFoodN36,Ginger Enoki Rice Bowl (Burnt)
rebirthBurnt_rebirthCookingFoodN37,Chamomile & Raspberry Infusion (Burnt)
rebirthBurnt_rebirthCookingFoodN38,Lavender & Currant Infusion (Burnt)
rebirthBurnt_rebirthCookingFoodN39,Chanterelle & Egg Skillet (Burnt)
rebirthBurnt_rebirthCookingFoodN40,Chanterelle & Turnip Soup (Burnt)
rebirthBurnt_rebirthCookingFoodN41,Chanterelle-Stuffed Zucchini (Burnt)
rebirthBurnt_rebirthCookingFoodN42,Black Trumpet & Egg Scramble (Burnt)
rebirthBurnt_rebirthCookingFoodN43,Black Trumpet Rice Broth (Burnt)
rebirthBurnt_rebirthCookingFoodN44,Black Trumpet & Sweet Potato Bake (Burnt)
rebirthBurnt_rebirthCookingFoodN45,King Oyster & Barley Soup (Burnt)
rebirthBurnt_rebirthCookingFoodN46,King Oyster Lettuce Cups (Burnt)
rebirthBurnt_rebirthCookingFoodN47,King Oyster & Zucchini Skillet (Burnt)
rebirthBurnt_rebirthCookingFoodN48,Enoki & Egg Soup (Burnt)
rebirthBurnt_rebirthCookingFoodN49,Crisp Enoki Cornmeal Cakes (Burnt)
rebirthBurnt_rebirthCookingFoodN50,Enoki & Radish Broth (Burnt)
rebirthBurnt_rebirthCookingFoodN51,Butternut & Barley Soup (Burnt)
rebirthBurnt_rebirthCookingFoodN52,Butternut Cornmeal Cakes (Burnt)
rebirthBurnt_rebirthCookingFoodN53,Sweet Potato Breakfast Hash (Burnt)
rebirthBurnt_rebirthCookingFoodN54,Warm Radish & Carrot Salad (Burnt)
rebirthBurnt_rebirthCookingFoodN55,Cucumber & Barley Salad (Burnt)
rebirthBurnt_rebirthCookingFoodN58,Strawberry Rice Pudding (Burnt)
rebirthBurnt_rebirthCookingFoodN59,Raspberry Cornmeal Pancakes (Burnt)
rebirthBurnt_rebirthCookingFoodN61,Gooseberry Skillet Cakes (Burnt)
rebirthBurnt_rebirthCookingFoodN62,Cranberry & Barley Pilaf (Burnt)
rebirthBurnt_rebirthCookingFoodN63,Cranberry Cornmeal Griddle Cakes (Burnt)
rebirthBurnt_rebirthCookingFoodN64,Cranberry & Sweet Potato Bake (Burnt)
rebirthBurnt_rebirthCookingFoodN65,Currant Rice Breakfast Bowl (Burnt)
rebirthBurnt_rebirthCookingFoodP03,Cane Syrup (Burnt)
rebirthBurnt_rebirthCookingFoodP04,Cranberry Sauce (Burnt)
rebirthBurnt_SurvivorStewBeefMushroom,Basic Boeuf Bourguignon (Burnt)
rebirthBurnt_SurvivorStewBrainStew,Rad-atouille (Burnt)
rebirthBurnt_SurvivorStewChickenChiliYucca,Frickin' Chicken Fricassee (Burnt)
rebirthBurnt_SurvivorStewChickenSoupCorn,Quicka Chicka Chowdah (Burnt)
rebirthBurnt_SurvivorStewLambPeasRavioli,Pass da Fazool (Burnt)
rebirthBurnt_SurvivorStewMisoPetFood,Purrina's Tamale Hash (Burnt)
rebirthBurnt_SurvivorStewPetFoodPuree,Furious' Famous Fabada (Burnt)
rebirthBurnt_SurvivorStewSalmonChiliPear,Ramsay's Chili Surprise (Burnt)
rebirthBurnt_SurvivorStewTunaCatFoodPumpkin,Chunkin Punkin (Burnt)
rebirthBurnt_SurvivorStewTunaDogFoodBlueberry,Fruity Surf-N-Turf (Burnt)
rebirthBurnt_drinkJarBeer,Beer (Burnt)
rebirthBurnt_drinkJarPureMineralWater,Pure Mineral Water (Burnt)
rebirthBurnt_drinkJarCoffee,Coffee (Burnt)
rebirthBurnt_drinkJarBlackStrapCoffee,Blackstrap Coffee (Burnt)
rebirthBurnt_drinkJarGoldenRodTea,Goldenrod Tea (Burnt)
rebirthBurnt_drinkJarHoneyTea,Honey Tea (Burnt)
rebirthBurnt_drinkJarGrandpasAwesomeSauce,Grandpa's Awesome Sauce (Burnt)
rebirthBurnt_drinkJarGrandpasLearningElixir,Grandpa's Learnin' Elixir (Burnt)
rebirthBurnt_drinkJarGrandpasMoonshine,Grandpa's Moonshine (Burnt)
rebirthBurnt_drinkJarRedTea,Red Tea (Burnt)
rebirthBurnt_drinkJarYuccaJuice,Yucca Juice (Burnt)
rebirthBurnt_rebirthImprovisedSoup01,Improvised Stew — Thick (Burnt)
rebirthBurnt_rebirthImprovisedSoup02,Improvised Stew — Brothy (Burnt)
rebirthBurnt_rebirthImprovisedSoup03,Improvised Stew — Dark (Burnt)
rebirthBurnt_rebirthImprovisedSoup04,Improvised Stew — Coarse (Burnt)
rebirthBurnt_rebirthImprovisedPan01,Improvised Pan Meal — Golden (Burnt)
rebirthBurnt_rebirthImprovisedPan02,Improvised Pan Meal — Dark (Burnt)
rebirthBurnt_rebirthImprovisedPan03,Improvised Pan Meal — Soft (Burnt)
rebirthBurnt_rebirthImprovisedPan04,Improvised Pan Meal — Crisped (Burnt)
rebirthBurnt_rebirthImprovisedBaked01,Improvised Oven Bake — Golden (Burnt)
rebirthBurnt_rebirthImprovisedBaked02,Improvised Oven Bake — Dark (Burnt)
rebirthBurnt_rebirthImprovisedBaked03,Improvised Oven Bake — Soft (Burnt)
rebirthBurnt_rebirthImprovisedBaked04,Improvised Oven Bake — Crumbled (Burnt)
rebirthBurntFoodDesc,Ruined by prolonged heat. Very little nutrition remains. Eating it increases thirst and lowers mood.
rbStressCamp,Established Camp
rbStressTrader,Trader Compound
rbStressDanger,In Danger
rbStressExploring,Exploring
rbStressShaken,Shaken
rbStressHigh,Highly Stressed
rbTraitEasilyRattled,Easily Rattled
rbTraitEasilyRattledDesc,Danger generates 25% more stress. Recovery is normal. Conflicts with Steady Nerves.
rbTraitFearDark,Fear of the Dark
rbTraitFearDarkDesc,Nighttime exploration and deeply dark places build stress. Your camp or a trader compound reduces nighttime anxiety; carried lights do not remove it.
rbCookingTake,TAKE
rbCookingCancel,CANCEL
rbCookingSkill,Cooking
rbCookingDrinkSkill,Drink preparation
rbCookingGuideTitle,WATCH THE HEAT
rbCookingGuideBody,"[E8CD5F]Cooking:[-] cancel to return ingredients.
[70C47E]Ready:[-] take before overcooking starts.
[F19B47]Overcooking:[-] food stats decrease.
[F07070]Burnt:[-] food is spoiled; heat turns off.
Turn off heat to pause deterioration."
rbStressTitle,Stress
rbStressSurroundings,Surroundings
rbStressCalm,Calm
rbStressTense,Tense
rbStressCalmDescription,Your stress is low (0–39). Nearby threats and enemy attacks increase stress. Low health makes danger more stressful.
rbStressTenseDescription,You are tense (40–59). There are no handling penalties yet; find safety before stress reaches 60.
rbStressShakenDescription,"You are shaken (60–79). Stress is affecting weapon handling, reload time and attack stamina costs."
rbStressHighDescription,"You are highly stressed (80–100). Weapon handling, reload time and attack stamina costs suffer stronger penalties."
rbStressCalmEffects,No stress penalties. Shaken begins at 60; high stress begins at 80.
rbStressTenseEffects,No stress penalties. Shaken begins at 60; high stress begins at 80.
rbStressShakenEffects,Weapon handling −10%. Reload time +5%. Attack stamina cost +5%.
rbStressHighEffects,Weapon handling −20%. Reload time +10%. Attack stamina cost +10%.
rbStressRecovery,"Low food or water (below 50%) slowly increases stress. Eat and drink to relieve this pressure. Leave danger: after 30 seconds clear of threats (90 with Anxious), stress falls by 5 per real minute. Night or unseen threats can sustain trait-related anxiety. A camp or trader compound reduces Fear of the Dark anxiety. A full calming infusion eases 10 stress over 30 seconds and reduces new stress by 30% for five minutes; partial servings scale the benefit."
rbStressCampDescription,"You are in an established camp: your own or allied claim, or your registered bedroll-and-workstation camp. Without threats, this shelter reduces Fear of the Dark anxiety."
rbStressTraderDescription,"You are inside a trader compound. Without nearby threats, its shelter reduces Fear of the Dark anxiety."
rbStressDangerDescription,A nearby hostile is targeting you. Stress can rise and natural recovery is paused until you escape danger.
rbStressExploringDescription,You are away from a recognized camp or trader compound. Exploration alone does not increase stress. Darkness and unseen hostile activity can still affect the relevant traits.
rbStressLocationGuidance,"Break contact with hostile targets to begin recovery. If darkness is the trigger, return to your camp or a trader compound; daylight removes the nighttime trigger. Deep darkness can maintain some anxiety even while sheltered."
rbCookingDetailCooking,EXPECTED STATS PER SERVING
rbCookingDetailReady,READY - STATS PER SERVING
rbCookingDetailOvercooking,OVERCOOKING - STATS PER SERVING
rbCookingDetailBurnt,BURNT - STATS PER SERVING
rbCookingDetailCold,READY - STATS PER SERVING
rbCookingConsequenceCooking,"Cancel now to return ingredients. Once ready, take the food before overcooking begins."
rbCookingConsequenceReady,Timer ends: food starts losing value while heated. Take now or turn off the heat to preserve it.
rbCookingConsequenceOvercooking,"Timer ends: burnt food, at most 2 nutrition, no water/energy, -5 comfort. Take now or turn off heat."
rbCookingConsequenceBurnt,Burning is permanent. These are the reduced values of the item you will collect.
rbCookingConsequenceCold,Cold preparations do not overcook or burn. These values match the item you will collect.
rbCookingDeteriorationPaused,Heat off: timer paused.
rbCookingStatnutrition,Nutrition
rbCookingStatwater,Water
rbCookingStatenergy,Energy
rbCookingStatcomfort,Base comfort
rbCookingQuality,Quality

xuiRebirthTraitAnalyticalMind,Analytical Mind
xuiRebirthTraitAnalyticalMindDesc,+6 Intelligence and +5 Intelligence Potential. A broad cognitive aptitude; it does not replace practical Skill or Theory.
xuiRebirthTraitScatteredThinking,Scattered Thinking
xuiRebirthTraitScatteredThinkingDesc,-6 Intelligence and -5 Intelligence Potential. A broad cognitive weakness; it does not directly reduce individual learned Skills.
xuiRebirthTraitNaturalPresence,Natural Presence
xuiRebirthTraitNaturalPresenceDesc,+6 Charisma and +5 Charisma Potential. A broad social aptitude; it does not automatically grant trader or teaching expertise.
xuiRebirthTraitSociallyAwkward,Socially Awkward
xuiRebirthTraitSociallyAwkwardDesc,-6 Charisma and -5 Charisma Potential. A broad social-influence weakness; it does not imply a preference for solitude.
# REBIRTH Theory Insights — Phase 6
xuiRebirthTheoryInsight_spears_01,First successful long-reach kill without taking a hit
xuiRebirthTheoryInsight_spears_02,First effective power-attack kill
xuiRebirthTheoryInsight_spears_03,First difficult armored-target kill with a spear
xuiRebirthTheoryInsight_clubs_01,First knockdown converted into a kill
xuiRebirthTheoryInsight_clubs_02,First armored-target takedown
xuiRebirthTheoryInsight_clubs_03,First heavy-club combat milestone
xuiRebirthTheoryInsight_swords_01,First clean power-attack kill
xuiRebirthTheoryInsight_swords_02,First multiple-opponent engagement survived with a sword
xuiRebirthTheoryInsight_swords_03,First heavily armored-target kill
xuiRebirthTheoryInsight_axes_01,First dedicated combat kill with an axe
xuiRebirthTheoryInsight_axes_02,First power-attack kill
xuiRebirthTheoryInsight_axes_03,First armored-target kill
xuiRebirthTheoryInsight_batons_01,First successful stun followed by takedown
xuiRebirthTheoryInsight_batons_02,First electrical-baton combat success
xuiRebirthTheoryInsight_batons_03,First high-threat target disabled with a baton
xuiRebirthTheoryInsight_hammers_01,First heavy knockdown
xuiRebirthTheoryInsight_hammers_02,First power-attack kill
xuiRebirthTheoryInsight_hammers_03,First large-target takedown
xuiRebirthTheoryInsight_knives_01,First stealth knife kill
xuiRebirthTheoryInsight_knives_02,First difficult close-range kill
xuiRebirthTheoryInsight_knives_03,First kill caused by a knife-specific status where supported
xuiRebirthTheoryInsight_scythes_01,First multi-target sweep success
xuiRebirthTheoryInsight_scythes_02,First power-attack kill
xuiRebirthTheoryInsight_scythes_03,First successful fight using spacing unique to the scythe
xuiRebirthTheoryInsight_knuckles_01,First sustained combo kill
xuiRebirthTheoryInsight_knuckles_02,First armored-target knuckle takedown
xuiRebirthTheoryInsight_knuckles_03,First high-threat melee win with knuckles
xuiRebirthTheoryInsight_unarmed_01,First unarmed kill
xuiRebirthTheoryInsight_unarmed_02,First high-threat unarmed victory
xuiRebirthTheoryInsight_unarmed_03,First successful sustained unarmed engagement without a weapon
xuiRebirthTheoryInsight_archery_01,First long-range kill
xuiRebirthTheoryInsight_archery_02,First moving-target hit at distance
xuiRebirthTheoryInsight_archery_03,First successful crossbow/bow transition milestone
xuiRebirthTheoryInsight_pistols_01,First controlled rapid-fire engagement
xuiRebirthTheoryInsight_pistols_02,First low-ammo reload-under-pressure success
xuiRebirthTheoryInsight_pistols_03,First armored-target pistol kill
xuiRebirthTheoryInsight_revolvers_01,First successful speed-reload style encounter
xuiRebirthTheoryInsight_revolvers_02,First long-range revolver kill
xuiRebirthTheoryInsight_revolvers_03,First armored-target revolver kill
xuiRebirthTheoryInsight_heavy_handguns_01,First heavy-handgun precision kill
xuiRebirthTheoryInsight_heavy_handguns_02,First rapid follow-up success
xuiRebirthTheoryInsight_heavy_handguns_03,First heavily armored-target kill
xuiRebirthTheoryInsight_shotguns_01,First effective multi-pellet close-range takedown
xuiRebirthTheoryInsight_shotguns_02,First slug/alternate-ammo distance success
xuiRebirthTheoryInsight_shotguns_03,First reload-under-pressure survival
xuiRebirthTheoryInsight_assault_rifles_01,First controlled burst success
xuiRebirthTheoryInsight_assault_rifles_02,First magazine-management survival event
xuiRebirthTheoryInsight_assault_rifles_03,First sustained automatic-fire engagement handled effectively
xuiRebirthTheoryInsight_tactical_rifles_01,First disciplined burst/rapid-fire success
xuiRebirthTheoryInsight_tactical_rifles_02,First difficult mid-range precision engagement
xuiRebirthTheoryInsight_tactical_rifles_03,First malfunction/condition-related diagnosis during use
xuiRebirthTheoryInsight_long_range_rifles_01,First genuinely long-range kill
xuiRebirthTheoryInsight_long_range_rifles_02,First successful follow-up after manual cycle/reload pressure
xuiRebirthTheoryInsight_long_range_rifles_03,First precision kill on a difficult target
xuiRebirthTheoryInsight_explosives_01,First correctly timed detonation
xuiRebirthTheoryInsight_explosives_02,First successful structural breach
xuiRebirthTheoryInsight_explosives_03,First safe chain-reaction or multi-target detonation
xuiRebirthTheoryInsight_deployable_turrets_01,First autonomous defense kill
xuiRebirthTheoryInsight_deployable_turrets_02,First effective overlapping-field setup
xuiRebirthTheoryInsight_deployable_turrets_03,First successful turret recovery/service after failure
xuiRebirthTheoryInsight_drone_operations_01,First successful stock-drone deployment followed by a meaningful operational cycle and safe recovery
xuiRebirthTheoryInsight_drone_operations_02,First long-distance rejoin/recovery after legitimate owner relocation
xuiRebirthTheoryInsight_drone_operations_03,First validated stock utility/support milestone
xuiRebirthTheoryInsight_mining_01,First discovery of each major ore family
xuiRebirthTheoryInsight_mining_02,First successful vein follow
xuiRebirthTheoryInsight_mining_03,First high-value deep-resource extraction
xuiRebirthTheoryInsight_logging_01,First large-tree felling
xuiRebirthTheoryInsight_logging_02,First controlled fall-direction success
xuiRebirthTheoryInsight_logging_03,First efficient stump/large-wood processing event
xuiRebirthTheoryInsight_salvage_01,First mechanical-component recovery
xuiRebirthTheoryInsight_salvage_02,First electrical-component recovery
xuiRebirthTheoryInsight_salvage_03,First rare/high-value salvage recovery
xuiRebirthTheoryInsight_farming_01,First successful harvest
xuiRebirthTheoryInsight_farming_02,First diagnosed and corrected crop problem
xuiRebirthTheoryInsight_farming_03,First greenhouse/controlled-environment success
xuiRebirthTheoryInsight_animal_processing_01,First clean field dressing
xuiRebirthTheoryInsight_animal_processing_02,First high-quality hide recovery
xuiRebirthTheoryInsight_animal_processing_03,First uncommon resource recovered from a carcass
xuiRebirthTheoryInsight_tracking_01,First complete animal trail followed
xuiRebirthTheoryInsight_tracking_02,First wounded-animal trail correctly interpreted
xuiRebirthTheoryInsight_tracking_03,First overlapping-track discrimination
xuiRebirthTheoryInsight_animal_handling_01,First successful command
xuiRebirthTheoryInsight_animal_handling_02,First stressed/agitated animal calmed
xuiRebirthTheoryInsight_animal_handling_03,First advanced training exercise completed
xuiRebirthTheoryInsight_mechanics_01,First charging-system diagnosis
xuiRebirthTheoryInsight_mechanics_02,First brake/steering repair
xuiRebirthTheoryInsight_mechanics_03,First major engine/drivetrain restoration
xuiRebirthTheoryInsight_medicine_01,First severe bleed stabilized
xuiRebirthTheoryInsight_medicine_02,First fracture successfully treated
xuiRebirthTheoryInsight_medicine_03,First infection/advanced condition correctly managed
xuiRebirthTheoryInsight_cooking_01,First successful use of a major cooking method
xuiRebirthTheoryInsight_cooking_02,First recovery from/avoidance of a cooking failure state
xuiRebirthTheoryInsight_cooking_03,First advanced meal category completed
xuiRebirthTheoryInsight_drink_preparation_01,First brewed/infused drink
xuiRebirthTheoryInsight_drink_preparation_02,First complex multi-ingredient drink
xuiRebirthTheoryInsight_drink_preparation_03,First high-tier prepared drink completed
xuiRebirthTheoryInsight_maintenance_01,First item restored from critical condition
xuiRebirthTheoryInsight_maintenance_02,First preventive-service success
xuiRebirthTheoryInsight_maintenance_03,First failure correctly diagnosed before breakage
xuiRebirthTheoryInsight_construction_01,First structurally significant upgrade
xuiRebirthTheoryInsight_construction_02,First collapse risk correctly prevented
xuiRebirthTheoryInsight_construction_03,First large supported structure completed
xuiRebirthTheoryInsight_electrical_01,First fault isolated
xuiRebirthTheoryInsight_electrical_02,First overload corrected
xuiRebirthTheoryInsight_electrical_03,First multi-component electrical system brought online
xuiRebirthTheoryInsight_metalworking_01,First forged/fabricated component
xuiRebirthTheoryInsight_metalworking_02,First advanced metal repair
xuiRebirthTheoryInsight_metalworking_03,First successful high-difficulty metalwork process
xuiRebirthTheoryInsight_gunsmithing_01,First firearm stripped/serviced successfully
xuiRebirthTheoryInsight_gunsmithing_02,First malfunction cause correctly resolved
xuiRebirthTheoryInsight_gunsmithing_03,First major firearm restoration
xuiRebirthTheoryInsight_chemistry_01,First reagent-handling success
xuiRebirthTheoryInsight_chemistry_02,First multi-step formulation
xuiRebirthTheoryInsight_chemistry_03,First contamination/process problem correctly resolved
xuiRebirthTheoryInsight_lockpicking_01,First successful lockpick
xuiRebirthTheoryInsight_lockpicking_02,First high-security lock opened
xuiRebirthTheoryInsight_lockpicking_03,First damaged/difficult lock recovered
xuiRebirthTheoryInsight_stealth_01,First undetected kill
xuiRebirthTheoryInsight_stealth_02,First hostile area crossed without detection
xuiRebirthTheoryInsight_stealth_03,First successful distraction/reposition sequence
xuiRebirthTheoryInsight_athletics_01,First long sustained run
xuiRebirthTheoryInsight_athletics_02,First difficult loaded traversal
xuiRebirthTheoryInsight_athletics_03,First recovery/pacing milestone under heavy exertion
xuiRebirthTheoryInsight_armor_proficiency_01,First sustained fight in heavy armor
xuiRebirthTheoryInsight_armor_proficiency_02,First long traversal under armor burden
xuiRebirthTheoryInsight_armor_proficiency_03,First armor-set performance tradeoff learned through use
xuiRebirthTheoryInsight_bartering_01,First successful meaningful purchase negotiation
xuiRebirthTheoryInsight_bartering_02,First major/high-value purchase
xuiRebirthTheoryInsight_bartering_03,First specialist-trader purchase category learned
xuiRebirthTheoryInsight_trading_01,First high-value sale
xuiRebirthTheoryInsight_trading_02,First strong demand/category match discovered
xuiRebirthTheoryInsight_trading_03,First large transaction completed without triggering anti-loop behavior
xuiRebirthTheoryInsight_teaching_01,First successful lesson
xuiRebirthTheoryInsight_teaching_02,First student reaches a new Theory status band
xuiRebirthTheoryInsight_teaching_03,First difficult subject taught to a low-Theory student
xuiRebirthTheoryInsight_tailoring_01,First garment crafted
xuiRebirthTheoryInsight_tailoring_02,First badly damaged wearable restored
xuiRebirthTheoryInsight_tailoring_03,First advanced lining/armor textile project
xuiRebirthTheoryInsight_rage_01,First controlled Rage activation
xuiRebirthTheoryInsight_rage_02,First Rage combat success without collapse
xuiRebirthTheoryInsight_rage_03,First sustained Rage sequence mastered
xuiRebirthTheoryInsight_black_magic_01,First successful domination
xuiRebirthTheoryInsight_black_magic_02,First stable binding
xuiRebirthTheoryInsight_black_magic_03,First meaningful combat success using a dominated undead
xuiRebirthTrainingProjectionUnavailable,Training contribution unavailable.
xuiRebirthTrainingProjectionServerPending,Checking authoritative expected gain...
xuiRebirthTrainingExpected,Expected
xuiRebirthTrainingReference,Reference
xuiRebirthTrainingBlackMagicDomination,successful domination
xuiRebirthTrainingBlackMagicBinding,successful permanent binding
xuiRebirthTrainingBlackMagicCombatContext,Attributable controlled-undead combat uses the live normalized damage profile.
xuiRebirthTrainingExplosivesBlock,qualified explosive block-work event
xuiRebirthTrainingDroneRecovery,stock-drone travel or meaningful recovery
xuiRebirthTrainingConstructionUpgrade,committed structural upgrade
xuiRebirthTrainingElectricalDefault,default-complexity committed electrical service
xuiRebirthTrainingLockpickStandard,successful standard lock open
xuiRebirthTrainingTailoringRepair,full Tailoring-owned garment repair reference
xuiRebirthTrainingRecipeContext,"Exact expected gain depends on the selected recipe, inputs, process difficulty and current assistance; the Expected Outcome calculation is authoritative."
xuiRebirthTrainingMedicineContext,Exact expected gain depends on the treatment and actual healing or condition outcome.
xuiRebirthTrainingJobContext,"Exact expected gain depends on the current successful job, difficulty and assistance."
xuiRebirthTrainingOutcomeContext,Exact expected gain depends on the current verified target or committed outcome.
xuiRebirthTrainingDeviceContext,Exact gain uses owner-attributed actual damage and the live device effectiveness profile.
xuiRebirthTrainingEquipmentContext,Equip the relevant live weapon or tool to show an exact per-reference-unit gain.
xuiRebirthTrainingContextRequired,"Exact expected gain is calculated from the live weapon, tool, recipe, target or committed job when that context is available."
xuiRebirthTrainingCurrentEquipment,equipment
xuiRebirthGameSense,SteelSeries GameSense
xuiRebirthGameSenseDesc,"Sends health, ammo and other game events to SteelSeries Engine for keyboard/mouse lighting. Only does anything if SteelSeries Engine is installed. Off by default because it costs performance. Takes effect the next time the game starts."

rebirthLevelUpPractice,Level up! You are now level {0}. Improve REBIRTH skills through practice.
rebirthPracticeTipTitle,Learning through practice
rebirthPracticeTip,Improve skills by using them. Theory books support learning; recipe cards and manuals unlock knowledge. Open a skill to see activities that train it. There are no skill points to spend.
rebirthCampfireProcessing,Non-food processing
rebirthProcessingFinishFood,Finish or cancel the cooking batch before opening non-food processing.
rebirthNerdOutfitDescription,Heavy Armor. Your lack of fashion sense lets you focus on your inventions. REBIRTH skills grow through practice and separate Theory study. Full Set Bonus: Tools and weapons degrade slower.
rebirthForgettingElixirDescription,"This elixir does not reset REBIRTH practical skills, Theory, recipe knowledge or character choices."
rebirthForgettingElixirTooltip,Elixir used. REBIRTH progression is unchanged.
rebirthLearningCategory,Life in Rebirth
rebirthPracticeIntro,Learn through practice
rebirthTheoryIntro,Study a fundamentals book
rebirthPracticeIntroDesc,Open Character > Progression and select a skill to see its training activities. Perform one until the skill gains practice. Practical work trains skills and their primary attributes; there are no skill points to spend.
rebirthTheoryIntroDesc,Find a REBIRTH fundamentals book or field notes and complete its study action. Theory supports learning but does not replace practical skill or recipe knowledge. An already studied copy does not grant a second first-read benefit.
rebirthLearningSurvival,"Food, water and digestion"
rebirthLessonWaterSlot,Carry water for automatic sipping
rebirthLessonAbsorbWater,Let water reach your body
rebirthLessonDigestMeal,Digest a meal
rebirthLessonCook,Prepare food you can use
rebirthLessonCookObjective,Earn Cooking practice
rebirthLessonDrink,Prepare a drink
rebirthLessonDrinkObjective,Earn Drink Preparation practice
rebirthLessonMedicine,Treat a real need
rebirthLessonMedicineObjective,Earn Medicine practice
rebirthLearningKnowledge,"Practice, theory and knowledge"
rebirthLessonPractice,Learn through practice
rebirthLessonPracticeObjective,Earn practical skill progress
rebirthLessonTheory,Study a fundamentals book
rebirthLessonTheoryObjective,Gain Theory
rebirthLessonKnowledge,Learn a new recipe or procedure
rebirthLessonKnowledgeObjective,Discover new knowledge
rebirthLessonAudio,Find an audiobook player
rebirthLessonSeeds,Start a herb supply
rebirthLessonRepair,Maintain your equipment
rebirthLessonRepairObjective,Earn Maintenance practice
rebirthLearningSkills1,Melee disciplines
rebirthLessonSkill_spears,Spears: first practice
rebirthLessonSkill_spearsObjective,Earn Spears practice
rebirthLessonSkill_clubs,Clubs: first practice
rebirthLessonSkill_clubsObjective,Earn Clubs practice
rebirthLessonSkill_swords,Swords: first practice
rebirthLessonSkill_swordsObjective,Earn Swords practice
rebirthLessonSkill_axes,Axes: first practice
rebirthLessonSkill_axesObjective,Earn Axes practice
rebirthLessonSkill_batons,Batons: first practice
rebirthLessonSkill_batonsObjective,Earn Batons practice
rebirthLessonSkill_hammers,Hammers: first practice
rebirthLessonSkill_hammersObjective,Earn Hammers practice
rebirthLessonSkill_knives,Knives: first practice
rebirthLessonSkill_knivesObjective,Earn Knives practice
rebirthLessonSkill_scythes,Scythes: first practice
rebirthLessonSkill_scythesObjective,Earn Scythes practice
rebirthLearningSkills2,Weapon disciplines
rebirthLessonSkill_knuckles,Knuckles: first practice
rebirthLessonSkill_knucklesObjective,Earn Knuckles practice
rebirthLessonSkill_unarmed,Unarmed: first practice
rebirthLessonSkill_unarmedObjective,Earn Unarmed practice
rebirthLessonSkill_archery,Archery: first practice
rebirthLessonSkill_archeryObjective,Earn Archery practice
rebirthLessonSkill_pistols,Pistols: first practice
rebirthLessonSkill_pistolsObjective,Earn Pistols practice
rebirthLessonSkill_revolvers,Revolvers: first practice
rebirthLessonSkill_revolversObjective,Earn Revolvers practice
rebirthLessonSkill_heavy_handguns,Heavy Handguns: first practice
rebirthLessonSkill_heavy_handgunsObjective,Earn Heavy Handguns practice
rebirthLessonSkill_shotguns,Shotguns: first practice
rebirthLessonSkill_shotgunsObjective,Earn Shotguns practice
rebirthLessonSkill_assault_rifles,Assault Rifles: first practice
rebirthLessonSkill_assault_riflesObjective,Earn Assault Rifles practice
rebirthLearningSkills3,Combat and fieldwork
rebirthLessonSkill_tactical_rifles,Tactical Rifles: first practice
rebirthLessonSkill_tactical_riflesObjective,Earn Tactical Rifles practice
rebirthLessonSkill_long_range_rifles,Long-Range Rifles: first practice
rebirthLessonSkill_long_range_riflesObjective,Earn Long-Range Rifles practice
rebirthLessonSkill_explosives,Explosives: first practice
rebirthLessonSkill_explosivesObjective,Earn Explosives practice
rebirthLessonSkill_deployable_turrets,Deployable Turrets: first practice
rebirthLessonSkill_deployable_turretsObjective,Earn Deployable Turrets practice
rebirthLessonSkill_drone_operations,Drone Operations: first practice
rebirthLessonSkill_drone_operationsObjective,Earn Drone Operations practice
rebirthLessonSkill_mining,Mining: first practice
rebirthLessonSkill_miningObjective,Earn Mining practice
rebirthLessonSkill_logging,Logging: first practice
rebirthLessonSkill_loggingObjective,Earn Logging practice
rebirthLessonSkill_salvage,Salvage: first practice
rebirthLessonSkill_salvageObjective,Earn Salvage practice
rebirthLearningSkills4,Living from your work
rebirthLessonSkill_farming,Farming: first practice
rebirthLessonSkill_farmingObjective,Earn Farming practice
rebirthLessonSkill_animal_processing,Animal Processing: first practice
rebirthLessonSkill_animal_processingObjective,Earn Animal Processing practice
rebirthLessonSkill_tracking,Tracking: first practice
rebirthLessonSkill_trackingObjective,Earn Tracking practice
rebirthLessonSkill_animal_handling,Animal Handling: first practice
rebirthLessonSkill_animal_handlingObjective,Earn Animal Handling practice
rebirthLessonSkill_mechanics,Mechanics: first practice
rebirthLessonSkill_mechanicsObjective,Earn Mechanics practice
rebirthLessonSkill_medicine,Medicine: first practice
rebirthLessonSkill_medicineDesc,Treat a genuine injury or condition with a suitable medical item. Using treatment without a medical need does not train this skill. Open Character > Progression and select this skill to see its training activities and progress. Theory study is a separate lesson.
rebirthLessonSkill_medicineObjective,Earn Medicine practice
rebirthLessonSkill_cooking,Cooking: first practice
rebirthLessonSkill_cookingDesc,"Complete an eligible food recipe. Inspect knowledge, skill, station and ingredient requirements; queued or cancelled work does not count. Open Character > Progression and select this skill to see its training activities and progress. Theory study is a separate lesson."
rebirthLessonSkill_cookingObjective,Earn Cooking practice
rebirthLessonSkill_drink_preparation,Drink Preparation: first practice
rebirthLessonSkill_drink_preparationDesc,Finish crafting a drink that shows a Drink Preparation skill gain. Check its unlock requirements before gathering ingredients; cancelling the queue does not grant practice. Open Character > Progression and select this skill to see its training activities and progress. Theory study is a separate lesson.
rebirthLessonSkill_drink_preparationObjective,Earn Drink Preparation practice
rebirthLearningSkills5,Technical disciplines
rebirthLessonSkill_maintenance,Maintenance: first practice
rebirthLessonSkill_maintenanceDesc,Repair damaged equipment or complete eligible maintenance work. Inspect the repair material and predicted skill gain. Open Character > Progression and select this skill to see its training activities and progress. Theory study is a separate lesson.
rebirthLessonSkill_maintenanceObjective,Earn Maintenance practice
rebirthLessonSkill_construction,Construction: first practice
rebirthLessonSkill_constructionObjective,Earn Construction practice
rebirthLessonSkill_electrical,Electrical: first practice
rebirthLessonSkill_electricalObjective,Earn Electrical practice
rebirthLessonSkill_metalworking,Metalworking: first practice
rebirthLessonSkill_metalworkingObjective,Earn Metalworking practice
rebirthLessonSkill_gunsmithing,Gunsmithing: first practice
rebirthLessonSkill_gunsmithingObjective,Earn Gunsmithing practice
rebirthLessonSkill_chemistry,Chemistry: first practice
rebirthLessonSkill_chemistryObjective,Earn Chemistry practice
rebirthLessonSkill_lockpicking,Lockpicking: first practice
rebirthLessonSkill_lockpickingObjective,Earn Lockpicking practice
rebirthLessonSkill_stealth,Stealth: first practice
rebirthLessonSkill_stealthObjective,Earn Stealth practice
rebirthLearningSkills6,Life and advanced disciplines
rebirthLessonSkill_athletics,Athletics: first practice
rebirthLessonSkill_athleticsObjective,Earn Athletics practice
rebirthLessonSkill_armor_proficiency,Armor Proficiency: first practice
rebirthLessonSkill_armor_proficiencyObjective,Earn Armor Proficiency practice
rebirthLessonSkill_bartering,Bartering: first practice
rebirthLessonSkill_barteringObjective,Earn Bartering practice
rebirthLessonSkill_trading,Trading: first practice
rebirthLessonSkill_tradingObjective,Earn Trading practice
rebirthLessonSkill_teaching,Teaching: first practice
rebirthLessonSkill_teachingObjective,Earn Teaching practice
rebirthLessonSkill_tailoring,Tailoring: first practice
rebirthLessonSkill_tailoringObjective,Earn Tailoring practice
rebirthLessonSkill_rage,Rage: first practice
rebirthLessonSkill_rageObjective,Earn Rage practice
rebirthLessonSkill_black_magic,Black Magic: first practice
rebirthLessonSkill_black_magicObjective,Earn Black Magic practice
rebirthLearningRoutes,Build a sustainable routine
rebirthLearningRoutesWork,Connect your skills and supplies
rebirthLessonRouteDigestionStages,Follow food through digestion
rebirthLessonRouteDigestionStagesObjective,Let food or liquid leave the stomach
rebirthLessonRouteEnergyRecovery,Recover Energy before another trip
rebirthLessonRouteEnergyRecoveryObjective,Recover Energy
rebirthLessonRouteFieldMeal,Provide your own field meal
rebirthLessonRouteFieldMealObjective,Earn Cooking practice
rebirthLessonRouteFieldMealSecond,Absorb nutrition
rebirthLessonRouteWaterRoutine,Maintain a drinking routine
rebirthLessonRouteWaterRoutineObjective,Earn Drink Preparation practice
rebirthLessonRouteWaterRoutineSecond,Carry liquid in the enabled hydration slot
rebirthLessonRouteRepairLoop,Keep working tools in service
rebirthLessonRouteRepairLoopObjective,Earn Mining practice
rebirthLessonRouteRepairLoopSecond,Earn Maintenance practice
rebirthLessonRouteSalvageCircuit,Recover and reuse components
rebirthLessonRouteSalvageCircuitObjective,Earn Salvage practice
rebirthLessonRouteSalvageCircuitSecond,Earn Electrical practice
rebirthLessonRouteGardenKitchen,Connect harvest to the kitchen
rebirthLessonRouteGardenKitchenObjective,Earn Farming practice
rebirthLessonRouteGardenKitchenSecond,Earn Cooking practice
rebirthLessonRouteHuntKitchen,Use the whole hunting trip
rebirthLessonRouteHuntKitchenObjective,Earn Animal Processing practice
rebirthLessonRouteHuntKitchenSecond,Earn Cooking practice
rebirthLessonRouteTradeSurplus,Trade surplus for a useful supply
rebirthLessonRouteTradeSurplusObjective,Earn Trading practice
rebirthLessonRouteTradeSurplusSecond,Earn Bartering practice
rebirthLessonRouteArmoredTravel,Plan for equipment burden
rebirthLessonRouteArmoredTravelObjective,Earn Armor Proficiency practice
rebirthLessonRouteArmoredTravelSecond,Earn Athletics practice
rebirthLessonRouteStudyThenPractice,Turn reading into useful work
rebirthLessonRouteStudyThenPracticeObjective,Gain Theory
rebirthLessonRouteStudyThenPracticeSecond,Earn practical skill progress
rebirthLessonRouteKnowledgeThenWork,Put new knowledge to work
rebirthLessonRouteKnowledgeThenWorkObjective,Learn new knowledge
rebirthLessonRouteKnowledgeThenWorkSecond,Earn practical skill progress
rbJournal_welcome_title,Welcome to REBIRTH
rbJournal_welcome_body,"Welcome to REBIRTH. You improve skills by using them, not by spending points. Open Character > Progression to see what trains each skill.\n\nBooks help you learn. Recipe cards and manuals unlock things to make. You may still need the right skill, tools and materials.\n\nStart with the REBIRTH Challenges. Your journal adds short tips as you make progress. Gold titles are unread. Click a picture to enlarge it; use the mouse wheel to zoom and drag to move it."
rbJournal_digestion_title,Eating is only the first stage
rbJournal_digestion_body,"Food and drinks take time to reach your body. They go into your stomach first, then your intestine. Nutrition and Hydration rise as your body absorbs them.\n\nOpen Character > Metabolism to see what is still being digested. Check before eating or drinking more. A full stomach does not mean your body has already recovered."
rbJournal_WaterSlot_title,Carry water for automatic sipping
rbJournal_WaterSlot_body,"Keep drinking water with you. Check Hydration before a long trip.\n\nAfter drinking, give your body time to absorb the water. Open Character > Metabolism to check what is still in your stomach and intestine."
rbJournal_AbsorbWater_title,Let water reach your body
rbJournal_AbsorbWater_body,Drink clean water and allow digestion to absorb it. Water in the stomach is still pending hydration. This lesson completes when water absorption actually occurs; repeatedly drinking is not required.\n\nHydration is the body reserve on the right of Metabolism. Stomach liquid is still on its way; intestinal liquid may be Waiting or Absorbing. Watch the stage labels rather than expecting the reserve to jump immediately after drinking.\n\nA negative NET rate means use exceeds incoming absorption at that moment. Reduce exertion when necessary and allow processing time. Do not mistake an empty intake panel for proof that you have no liquid still in the intestine.
rbJournal_DigestMeal_title,Digest a meal
rbJournal_DigestMeal_body,"Eat a suitable meal and allow it to digest. Nutrition is not delivered instantly. Watch pending food and stomach fullness; give the meal time before eating more. This lesson completes during real nutrient absorption.\n\nNutrition measures the usable body reserve; the stomach measures pending contents. After a meal, inspect both the stomach and intestinal solid lines. Transfer and absorption are separate steps, so the Nutrition number can lag behind eating.\n\nChoose food compatible with your character's diet and check its description before consuming it. Give pending portions time to work. Plan meals before travel and strenuous work rather than treating food as an instant emergency refill. The example picture shows one moment in digestion; its quantities are not universal requirements."
rbJournal_Cook_title,Prepare food you can use
rbJournal_Cook_body,"Cooking gives you more food choices. Open a cooking station and check the recipe's ingredients and requirements.\n\nEat when you need food, then allow time for digestion. A meal in your stomach has not yet become Nutrition."
rbJournal_Drink_title,Prepare a drink
rbJournal_Drink_body,Complete an eligible prepared-drink recipe. Inspect the projected practice gain before crafting. Food and drinks train different skills; merely moving a bottle does not prepare a drink.\n\nPreparing a drink and drinking it are different activities. Eligible completed preparation trains Drink Preparation. Consumption puts liquid into digestion; absorption later supplies Hydration.\n\nCheck the recipe's requirements and projected gain before spending ingredients. Carry an appropriate filled supply and inspect the hydration slot before travelling. Check a drink's effects rather than assuming every drink has the same role as clean water.
rbJournal_Medicine_title,Treat a real need
rbJournal_Medicine_body,"Open Character > Condition to check an injury or illness. Read a medical item's description to see what it treats.\n\nUse the matching treatment, then check your condition again. Treating a real problem gives Medicine practice. Using supplies when you do not need them does not."
rbJournal_Practice_title,Learning by doing
rbJournal_Practice_body,"Skills improve through useful actions. For example, hitting an enemy with a spear trains Spears. Swinging at empty air does not. Other weapon skills work the same way.\n\nOpen Character > Progression and select a skill to see how to train it. Books build Theory; using the skill builds practice. Both matter."
rbJournal_Theory_title,Study a fundamentals book
rbJournal_Theory_body,"Fundamentals books and field notes build Theory for a skill. Their audiobooks offer another way to study the same title. Printed and audio editions share progress; they do not give two separate rewards.\n\nTheory supports learning. Useful actions build practical skill. Study a subject you use, then put it to work. Check Character > Progression to see your progress."
rbJournal_Knowledge_title,Learn a new recipe or procedure
rbJournal_Knowledge_body,"Recipe cards, schematics, patterns and manuals teach specific knowledge. Some unlock recipes; others teach procedures or support abilities. Knowledge is separate from practical skill and Theory.\n\nCheck the recipe or ability in Character > Progression. Learning its knowledge does not replace required skills, materials, tools or stations."
rbJournal_Audio_title,Find an audiobook player
rbJournal_Audio_body,Craft Walkman and Headphones from one of each component and equip it in Character > Walkman. Use an audiobook cassette from your inventory or hold it and use it to start studying. You can move and work while listening.\n\nKeep the cassette with you and the player equipped. Removing either pauses listening. Printed and audio versions share study progress and rewards.\n\nListening builds Theory; useful actions train the practical skill.
rbJournal_Seeds_title,Start a herb supply
rbJournal_Seeds_body,Save seeds for planting. Check a crop's recipe and planting requirements before using them.\n\nGrow food you plan to cook. Keep some of your harvest for the next planting.
rbJournal_Repair_title,Maintain your equipment
rbJournal_Repair_body,Check the repair material shown on a damaged item. Keep some with you before leaving home.\n\nRepair useful equipment when it needs it. Check the item afterward to confirm the repair.
rbJournal_Skill_spears_title,Spears: first practice
rbJournal_Skill_spears_body,"Deal real damage to an enemy using a weapon from the Spears family. Normal and power attacks are evaluated by actual damage and weapon performance. Empty swings give no practice. Manage stamina and leave room to recover. Open the skill to inspect available training activities and confirm the gain. Theory study is a separate lesson.\n\nYOUR NEXT STEP\nOpen Character > Progression and select this skill. Inspect the training activities and choose useful work you can perform now. Check your current level and NEXT bar before and after the activity. Do not assume an action trains this skill merely because the item looks related.\n\nStudy relevant fundamentals or field notes to support Theory. Specific recipes and procedures may require separate knowledge, practical skills, a station and supplies. Read every requirement before committing materials. Learning this discipline does not require abandoning the others; choose activities that support your current needs."
rbJournal_Skill_clubs_title,Clubs: first practice
rbJournal_Skill_clubs_body,"Deal real damage to an enemy using a weapon from the Clubs family. Normal and power attacks are evaluated by actual damage and weapon performance. Empty swings give no practice. Manage stamina and leave room to recover. Open the skill to inspect available training activities and confirm the gain. Theory study is a separate lesson.\n\nYOUR NEXT STEP\nOpen Character > Progression and select this skill. Inspect the training activities and choose useful work you can perform now. Check your current level and NEXT bar before and after the activity. Do not assume an action trains this skill merely because the item looks related.\n\nStudy relevant fundamentals or field notes to support Theory. Specific recipes and procedures may require separate knowledge, practical skills, a station and supplies. Read every requirement before committing materials. Learning this discipline does not require abandoning the others; choose activities that support your current needs."
rbJournal_Skill_swords_title,Swords: first practice
rbJournal_Skill_swords_body,"Deal real damage to an enemy using a weapon from the Swords family. Normal and power attacks are evaluated by actual damage and weapon performance. Empty swings give no practice. Manage stamina and leave room to recover. Open the skill to inspect available training activities and confirm the gain. Theory study is a separate lesson.\n\nYOUR NEXT STEP\nOpen Character > Progression and select this skill. Inspect the training activities and choose useful work you can perform now. Check your current level and NEXT bar before and after the activity. Do not assume an action trains this skill merely because the item looks related.\n\nStudy relevant fundamentals or field notes to support Theory. Specific recipes and procedures may require separate knowledge, practical skills, a station and supplies. Read every requirement before committing materials. Learning this discipline does not require abandoning the others; choose activities that support your current needs."
rbJournal_Skill_axes_title,Axes: first practice
rbJournal_Skill_axes_body,"Deal real damage to an enemy using a weapon from the Axes family. Normal and power attacks are evaluated by actual damage and weapon performance. Empty swings give no practice. Manage stamina and leave room to recover. Open the skill to inspect available training activities and confirm the gain. Theory study is a separate lesson.\n\nYOUR NEXT STEP\nOpen Character > Progression and select this skill. Inspect the training activities and choose useful work you can perform now. Check your current level and NEXT bar before and after the activity. Do not assume an action trains this skill merely because the item looks related.\n\nStudy relevant fundamentals or field notes to support Theory. Specific recipes and procedures may require separate knowledge, practical skills, a station and supplies. Read every requirement before committing materials. Learning this discipline does not require abandoning the others; choose activities that support your current needs."
rbJournal_Skill_batons_title,Batons: first practice
rbJournal_Skill_batons_body,"Deal real damage to an enemy using a weapon from the Batons family. Normal and power attacks are evaluated by actual damage and weapon performance. Empty swings give no practice. Manage stamina and leave room to recover. Open the skill to inspect available training activities and confirm the gain. Theory study is a separate lesson.\n\nYOUR NEXT STEP\nOpen Character > Progression and select this skill. Inspect the training activities and choose useful work you can perform now. Check your current level and NEXT bar before and after the activity. Do not assume an action trains this skill merely because the item looks related.\n\nStudy relevant fundamentals or field notes to support Theory. Specific recipes and procedures may require separate knowledge, practical skills, a station and supplies. Read every requirement before committing materials. Learning this discipline does not require abandoning the others; choose activities that support your current needs."
rbJournal_Skill_hammers_title,Hammers: first practice
rbJournal_Skill_hammers_body,"Deal real damage to an enemy using a weapon from the Hammers family. Normal and power attacks are evaluated by actual damage and weapon performance. Empty swings give no practice. Manage stamina and leave room to recover. Open the skill to inspect available training activities and confirm the gain. Theory study is a separate lesson.\n\nYOUR NEXT STEP\nOpen Character > Progression and select this skill. Inspect the training activities and choose useful work you can perform now. Check your current level and NEXT bar before and after the activity. Do not assume an action trains this skill merely because the item looks related.\n\nStudy relevant fundamentals or field notes to support Theory. Specific recipes and procedures may require separate knowledge, practical skills, a station and supplies. Read every requirement before committing materials. Learning this discipline does not require abandoning the others; choose activities that support your current needs."
rbJournal_Skill_knives_title,Knives: first practice
rbJournal_Skill_knives_body,"Deal real damage to an enemy using a weapon from the Knives family. Normal and power attacks are evaluated by actual damage and weapon performance. Empty swings give no practice. Manage stamina and leave room to recover. Open the skill to inspect available training activities and confirm the gain. Theory study is a separate lesson.\n\nYOUR NEXT STEP\nOpen Character > Progression and select this skill. Inspect the training activities and choose useful work you can perform now. Check your current level and NEXT bar before and after the activity. Do not assume an action trains this skill merely because the item looks related.\n\nStudy relevant fundamentals or field notes to support Theory. Specific recipes and procedures may require separate knowledge, practical skills, a station and supplies. Read every requirement before committing materials. Learning this discipline does not require abandoning the others; choose activities that support your current needs."
rbJournal_Skill_scythes_title,Scythes: first practice
rbJournal_Skill_scythes_body,"Deal real damage to an enemy using a weapon from the Scythes family. Normal and power attacks are evaluated by actual damage and weapon performance. Empty swings give no practice. Manage stamina and leave room to recover. Open the skill to inspect available training activities and confirm the gain. Theory study is a separate lesson.\n\nYOUR NEXT STEP\nOpen Character > Progression and select this skill. Inspect the training activities and choose useful work you can perform now. Check your current level and NEXT bar before and after the activity. Do not assume an action trains this skill merely because the item looks related.\n\nStudy relevant fundamentals or field notes to support Theory. Specific recipes and procedures may require separate knowledge, practical skills, a station and supplies. Read every requirement before committing materials. Learning this discipline does not require abandoning the others; choose activities that support your current needs."
rbJournal_Skill_knuckles_title,Knuckles: first practice
rbJournal_Skill_knuckles_body,"Deal real damage to an enemy using a weapon from the Knuckles family. Normal and power attacks are evaluated by actual damage and weapon performance. Empty swings give no practice. Manage stamina and leave room to recover. Open the skill to inspect available training activities and confirm the gain. Theory study is a separate lesson.\n\nYOUR NEXT STEP\nOpen Character > Progression and select this skill. Inspect the training activities and choose useful work you can perform now. Check your current level and NEXT bar before and after the activity. Do not assume an action trains this skill merely because the item looks related.\n\nStudy relevant fundamentals or field notes to support Theory. Specific recipes and procedures may require separate knowledge, practical skills, a station and supplies. Read every requirement before committing materials. Learning this discipline does not require abandoning the others; choose activities that support your current needs."
rbJournal_Skill_unarmed_title,Unarmed: first practice
rbJournal_Skill_unarmed_body,"Deal real damage to an enemy using a weapon from the Unarmed family. Normal and power attacks are evaluated by actual damage and weapon performance. Empty swings give no practice. Manage stamina and leave room to recover. Open the skill to inspect available training activities and confirm the gain. Theory study is a separate lesson.\n\nYOUR NEXT STEP\nOpen Character > Progression and select this skill. Inspect the training activities and choose useful work you can perform now. Check your current level and NEXT bar before and after the activity. Do not assume an action trains this skill merely because the item looks related.\n\nStudy relevant fundamentals or field notes to support Theory. Specific recipes and procedures may require separate knowledge, practical skills, a station and supplies. Read every requirement before committing materials. Learning this discipline does not require abandoning the others; choose activities that support your current needs."
rbJournal_Skill_archery_title,Archery: first practice
rbJournal_Skill_archery_body,"Deal real damage to an enemy using a weapon from the Archery family. Normal and power attacks are evaluated by actual damage and weapon performance. Empty swings give no practice. Manage stamina and leave room to recover. Open the skill to inspect available training activities and confirm the gain. Theory study is a separate lesson.\n\nYOUR NEXT STEP\nOpen Character > Progression and select this skill. Inspect the training activities and choose useful work you can perform now. Check your current level and NEXT bar before and after the activity. Do not assume an action trains this skill merely because the item looks related.\n\nStudy relevant fundamentals or field notes to support Theory. Specific recipes and procedures may require separate knowledge, practical skills, a station and supplies. Read every requirement before committing materials. Learning this discipline does not require abandoning the others; choose activities that support your current needs."
rbJournal_Skill_pistols_title,Pistols: first practice
rbJournal_Skill_pistols_body,"Deal real damage to an enemy using a weapon from the Pistols family. Normal and power attacks are evaluated by actual damage and weapon performance. Empty swings give no practice. Manage stamina and leave room to recover. Open the skill to inspect available training activities and confirm the gain. Theory study is a separate lesson.\n\nYOUR NEXT STEP\nOpen Character > Progression and select this skill. Inspect the training activities and choose useful work you can perform now. Check your current level and NEXT bar before and after the activity. Do not assume an action trains this skill merely because the item looks related.\n\nStudy relevant fundamentals or field notes to support Theory. Specific recipes and procedures may require separate knowledge, practical skills, a station and supplies. Read every requirement before committing materials. Learning this discipline does not require abandoning the others; choose activities that support your current needs."
rbJournal_Skill_revolvers_title,Revolvers: first practice
rbJournal_Skill_revolvers_body,"Deal real damage to an enemy using a weapon from the Revolvers family. Normal and power attacks are evaluated by actual damage and weapon performance. Empty swings give no practice. Manage stamina and leave room to recover. Open the skill to inspect available training activities and confirm the gain. Theory study is a separate lesson.\n\nYOUR NEXT STEP\nOpen Character > Progression and select this skill. Inspect the training activities and choose useful work you can perform now. Check your current level and NEXT bar before and after the activity. Do not assume an action trains this skill merely because the item looks related.\n\nStudy relevant fundamentals or field notes to support Theory. Specific recipes and procedures may require separate knowledge, practical skills, a station and supplies. Read every requirement before committing materials. Learning this discipline does not require abandoning the others; choose activities that support your current needs."
rbJournal_Skill_heavy_handguns_title,Heavy Handguns: first practice
rbJournal_Skill_heavy_handguns_body,"Deal real damage to an enemy using a weapon from the Heavy Handguns family. Normal and power attacks are evaluated by actual damage and weapon performance. Empty swings give no practice. Manage stamina and leave room to recover. Open the skill to inspect available training activities and confirm the gain. Theory study is a separate lesson.\n\nYOUR NEXT STEP\nOpen Character > Progression and select this skill. Inspect the training activities and choose useful work you can perform now. Check your current level and NEXT bar before and after the activity. Do not assume an action trains this skill merely because the item looks related.\n\nStudy relevant fundamentals or field notes to support Theory. Specific recipes and procedures may require separate knowledge, practical skills, a station and supplies. Read every requirement before committing materials. Learning this discipline does not require abandoning the others; choose activities that support your current needs."
rbJournal_Skill_shotguns_title,Shotguns: first practice
rbJournal_Skill_shotguns_body,"Deal real damage to an enemy using a weapon from the Shotguns family. Normal and power attacks are evaluated by actual damage and weapon performance. Empty swings give no practice. Manage stamina and leave room to recover. Open the skill to inspect available training activities and confirm the gain. Theory study is a separate lesson.\n\nYOUR NEXT STEP\nOpen Character > Progression and select this skill. Inspect the training activities and choose useful work you can perform now. Check your current level and NEXT bar before and after the activity. Do not assume an action trains this skill merely because the item looks related.\n\nStudy relevant fundamentals or field notes to support Theory. Specific recipes and procedures may require separate knowledge, practical skills, a station and supplies. Read every requirement before committing materials. Learning this discipline does not require abandoning the others; choose activities that support your current needs."
rbJournal_Skill_assault_rifles_title,Assault Rifles: first practice
rbJournal_Skill_assault_rifles_body,"Deal real damage to an enemy using a weapon from the Assault Rifles family. Normal and power attacks are evaluated by actual damage and weapon performance. Empty swings give no practice. Manage stamina and leave room to recover. Open the skill to inspect available training activities and confirm the gain. Theory study is a separate lesson.\n\nYOUR NEXT STEP\nOpen Character > Progression and select this skill. Inspect the training activities and choose useful work you can perform now. Check your current level and NEXT bar before and after the activity. Do not assume an action trains this skill merely because the item looks related.\n\nStudy relevant fundamentals or field notes to support Theory. Specific recipes and procedures may require separate knowledge, practical skills, a station and supplies. Read every requirement before committing materials. Learning this discipline does not require abandoning the others; choose activities that support your current needs."
rbJournal_Skill_tactical_rifles_title,Tactical Rifles: first practice
rbJournal_Skill_tactical_rifles_body,"Deal real damage to an enemy using a weapon from the Tactical Rifles family. Normal and power attacks are evaluated by actual damage and weapon performance. Empty swings give no practice. Manage stamina and leave room to recover. Open the skill to inspect available training activities and confirm the gain. Theory study is a separate lesson.\n\nYOUR NEXT STEP\nOpen Character > Progression and select this skill. Inspect the training activities and choose useful work you can perform now. Check your current level and NEXT bar before and after the activity. Do not assume an action trains this skill merely because the item looks related.\n\nStudy relevant fundamentals or field notes to support Theory. Specific recipes and procedures may require separate knowledge, practical skills, a station and supplies. Read every requirement before committing materials. Learning this discipline does not require abandoning the others; choose activities that support your current needs."
rbJournal_Skill_long_range_rifles_title,Long-Range Rifles: first practice
rbJournal_Skill_long_range_rifles_body,"Deal real damage to an enemy using a weapon from the Long-Range Rifles family. Normal and power attacks are evaluated by actual damage and weapon performance. Empty swings give no practice. Manage stamina and leave room to recover. Open the skill to inspect available training activities and confirm the gain. Theory study is a separate lesson.\n\nYOUR NEXT STEP\nOpen Character > Progression and select this skill. Inspect the training activities and choose useful work you can perform now. Check your current level and NEXT bar before and after the activity. Do not assume an action trains this skill merely because the item looks related.\n\nStudy relevant fundamentals or field notes to support Theory. Specific recipes and procedures may require separate knowledge, practical skills, a station and supplies. Read every requirement before committing materials. Learning this discipline does not require abandoning the others; choose activities that support your current needs."
rbJournal_Skill_explosives_title,Explosives: first practice
rbJournal_Skill_explosives_body,"Deal meaningful attributed damage with an explosive. Keep a safe distance and clear escape route; practice depends on useful damage. Open the skill to inspect available training activities and confirm the gain. Theory study is a separate lesson.\n\nYOUR NEXT STEP\nOpen Character > Progression and select this skill. Inspect the training activities and choose useful work you can perform now. Check your current level and NEXT bar before and after the activity. Do not assume an action trains this skill merely because the item looks related.\n\nStudy relevant fundamentals or field notes to support Theory. Specific recipes and procedures may require separate knowledge, practical skills, a station and supplies. Read every requirement before committing materials. Learning this discipline does not require abandoning the others; choose activities that support your current needs."
rbJournal_Skill_deployable_turrets_title,Deployable Turrets: first practice
rbJournal_Skill_deployable_turrets_body,"Use your own deployed turret to deal meaningful damage. Supply the correct ammunition and arrange a clear line of fire. Open the skill to inspect available training activities and confirm the gain. Theory study is a separate lesson.\n\nYOUR NEXT STEP\nOpen Character > Progression and select this skill. Inspect the training activities and choose useful work you can perform now. Check your current level and NEXT bar before and after the activity. Do not assume an action trains this skill merely because the item looks related.\n\nStudy relevant fundamentals or field notes to support Theory. Specific recipes and procedures may require separate knowledge, practical skills, a station and supplies. Read every requirement before committing materials. Learning this discipline does not require abandoning the others; choose activities that support your current needs."
rbJournal_Skill_drone_operations_title,Drone Operations: first practice
rbJournal_Skill_drone_operations_body,"Travel with your owned drone following within 30 metres. Cover 200 metres with at least 60 seconds of movement and finish at least 100 metres from your starting point. This trains Drone Operations without a module, at most once per five minutes. Eligible recovery, service and module combat offer additional practice; idle ownership does not. Open the skill to inspect available training activities and confirm the gain. Theory study is a separate lesson.\n\nYOUR NEXT STEP\nOpen Character > Progression and select this skill. Inspect the training activities and choose useful work you can perform now. Check your current level and NEXT bar before and after the activity. Do not assume an action trains this skill merely because the item looks related.\n\nStudy relevant fundamentals or field notes to support Theory. Specific recipes and procedures may require separate knowledge, practical skills, a station and supplies. Read every requirement before committing materials. Learning this discipline does not require abandoning the others; choose activities that support your current needs."
rbJournal_Skill_mining_title,Mining: first practice
rbJournal_Skill_mining_body,"Extract useful resources with a mining tool. Choose an actual resource deposit and finish useful work; swinging at empty air gives no practice. Open the skill to inspect available training activities and confirm the gain. Theory study is a separate lesson.\n\nYOUR NEXT STEP\nOpen Character > Progression and select this skill. Inspect the training activities and choose useful work you can perform now. Check your current level and NEXT bar before and after the activity. Do not assume an action trains this skill merely because the item looks related.\n\nStudy relevant fundamentals or field notes to support Theory. Specific recipes and procedures may require separate knowledge, practical skills, a station and supplies. Read every requirement before committing materials. Learning this discipline does not require abandoning the others; choose activities that support your current needs."
rbJournal_Skill_logging_title,Logging: first practice
rbJournal_Skill_logging_body,"Harvest a tree with an appropriate tool. Tree work trains Logging; fighting enemies with the same axe trains its combat skill. Open the skill to inspect available training activities and confirm the gain. Theory study is a separate lesson.\n\nYOUR NEXT STEP\nOpen Character > Progression and select this skill. Inspect the training activities and choose useful work you can perform now. Check your current level and NEXT bar before and after the activity. Do not assume an action trains this skill merely because the item looks related.\n\nStudy relevant fundamentals or field notes to support Theory. Specific recipes and procedures may require separate knowledge, practical skills, a station and supplies. Read every requirement before committing materials. Learning this discipline does not require abandoning the others; choose activities that support your current needs."
rbJournal_Skill_salvage_title,Salvage: first practice
rbJournal_Skill_salvage_body,"Dismantle a salvageable object with a salvage tool and recover resources. Ordinary digging is not salvaging. Open the skill to inspect available training activities and confirm the gain. Theory study is a separate lesson.\n\nYOUR NEXT STEP\nOpen Character > Progression and select this skill. Inspect the training activities and choose useful work you can perform now. Check your current level and NEXT bar before and after the activity. Do not assume an action trains this skill merely because the item looks related.\n\nStudy relevant fundamentals or field notes to support Theory. Specific recipes and procedures may require separate knowledge, practical skills, a station and supplies. Read every requirement before committing materials. Learning this discipline does not require abandoning the others; choose activities that support your current needs."
rbJournal_Skill_farming_title,Farming: first practice
rbJournal_Skill_farming_body,"Harvest a mature crop or complete a supported Advanced Farming action. Planting and waiting alone do not grant practical Farming skill. Open the skill to inspect available training activities and confirm the gain. Theory study is a separate lesson.\n\nYOUR NEXT STEP\nOpen Character > Progression and select this skill. Inspect the training activities and choose useful work you can perform now. Check your current level and NEXT bar before and after the activity. Do not assume an action trains this skill merely because the item looks related.\n\nStudy relevant fundamentals or field notes to support Theory. Specific recipes and procedures may require separate knowledge, practical skills, a station and supplies. Read every requirement before committing materials. Learning this discipline does not require abandoning the others; choose activities that support your current needs."
rbJournal_Skill_animal_processing_title,Animal Processing: first practice
rbJournal_Skill_animal_processing_body,"Recover resources from an animal carcass. Killing the animal and processing its carcass are separate activities. Open the skill to inspect available training activities and confirm the gain. Theory study is a separate lesson.\n\nYOUR NEXT STEP\nOpen Character > Progression and select this skill. Inspect the training activities and choose useful work you can perform now. Check your current level and NEXT bar before and after the activity. Do not assume an action trains this skill merely because the item looks related.\n\nStudy relevant fundamentals or field notes to support Theory. Specific recipes and procedures may require separate knowledge, practical skills, a station and supplies. Read every requirement before committing materials. Learning this discipline does not require abandoning the others; choose activities that support your current needs."
rbJournal_Skill_tracking_title,Tracking: first practice
rbJournal_Skill_tracking_body,"Crouch to search for nearby animals. Acquire a previously uncredited eligible animal track. The first tracking tier is available to a beginner; standing still beside the same animal is not repeatable practice. Open the skill to inspect available training activities and confirm the gain. Theory study is a separate lesson.\n\nYOUR NEXT STEP\nOpen Character > Progression and select this skill. Inspect the training activities and choose useful work you can perform now. Check your current level and NEXT bar before and after the activity. Do not assume an action trains this skill merely because the item looks related.\n\nStudy relevant fundamentals or field notes to support Theory. Specific recipes and procedures may require separate knowledge, practical skills, a station and supplies. Read every requirement before committing materials. Learning this discipline does not require abandoning the others; choose activities that support your current needs."
rbJournal_Skill_animal_handling_title,Animal Handling: first practice
rbJournal_Skill_animal_handling_body,"Exercise an owned dog by moving with it following you. Standing still together gives no exercise practice. Inspect command requirements before attempting more advanced training. Open the skill to inspect available training activities and confirm the gain. Theory study is a separate lesson.\n\nYOUR NEXT STEP\nOpen Character > Progression and select this skill. Inspect the training activities and choose useful work you can perform now. Check your current level and NEXT bar before and after the activity. Do not assume an action trains this skill merely because the item looks related.\n\nStudy relevant fundamentals or field notes to support Theory. Specific recipes and procedures may require separate knowledge, practical skills, a station and supplies. Read every requirement before committing materials. Learning this discipline does not require abandoning the others; choose activities that support your current needs."
rbJournal_Skill_mechanics_title,Mechanics: first practice
rbJournal_Skill_mechanics_body,"Repair or restore a vehicle, service its parts, or complete an eligible mechanics recipe. Actual completed work grants practice. Open the skill to inspect available training activities and confirm the gain. Theory study is a separate lesson.\n\nYOUR NEXT STEP\nOpen Character > Progression and select this skill. Inspect the training activities and choose useful work you can perform now. Check your current level and NEXT bar before and after the activity. Do not assume an action trains this skill merely because the item looks related.\n\nStudy relevant fundamentals or field notes to support Theory. Specific recipes and procedures may require separate knowledge, practical skills, a station and supplies. Read every requirement before committing materials. Learning this discipline does not require abandoning the others; choose activities that support your current needs."
rbJournal_Skill_medicine_title,Medicine: first practice
rbJournal_Skill_medicine_body,"Treat a genuine injury or condition with a suitable medical item. Using treatment without a medical need does not train this skill. Open the skill to inspect available training activities and confirm the gain. Theory study is a separate lesson.\n\nYOUR NEXT STEP\nOpen Character > Progression and select this skill. Inspect the training activities and choose useful work you can perform now. Check your current level and NEXT bar before and after the activity. Do not assume an action trains this skill merely because the item looks related.\n\nStudy relevant fundamentals or field notes to support Theory. Specific recipes and procedures may require separate knowledge, practical skills, a station and supplies. Read every requirement before committing materials. Learning this discipline does not require abandoning the others; choose activities that support your current needs."
rbJournal_Skill_cooking_title,Cooking: first practice
rbJournal_Skill_cooking_body,"Complete an eligible food recipe. Inspect knowledge, skill, station and ingredient requirements; queued or cancelled work does not count. Open the skill to inspect available training activities and confirm the gain. Theory study is a separate lesson.\n\nYOUR NEXT STEP\nOpen Character > Progression and select this skill. Inspect the training activities and choose useful work you can perform now. Check your current level and NEXT bar before and after the activity. Do not assume an action trains this skill merely because the item looks related.\n\nStudy relevant fundamentals or field notes to support Theory. Specific recipes and procedures may require separate knowledge, practical skills, a station and supplies. Read every requirement before committing materials. Learning this discipline does not require abandoning the others; choose activities that support your current needs."
rbJournal_Skill_drink_preparation_title,Drink Preparation: first practice
rbJournal_Skill_drink_preparation_body,"Complete an eligible prepared drink. Check the recipe projection and its unlock requirements; cancelling the queue does not grant practice. Open the skill to inspect available training activities and confirm the gain. Theory study is a separate lesson.\n\nYOUR NEXT STEP\nOpen Character > Progression and select this skill. Inspect the training activities and choose useful work you can perform now. Check your current level and NEXT bar before and after the activity. Do not assume an action trains this skill merely because the item looks related.\n\nStudy relevant fundamentals or field notes to support Theory. Specific recipes and procedures may require separate knowledge, practical skills, a station and supplies. Read every requirement before committing materials. Learning this discipline does not require abandoning the others; choose activities that support your current needs."
rbJournal_Skill_maintenance_title,Maintenance: first practice
rbJournal_Skill_maintenance_body,"Repair damaged equipment or complete eligible maintenance work. Inspect the repair material and predicted skill gain. Open the skill to inspect available training activities and confirm the gain. Theory study is a separate lesson.\n\nYOUR NEXT STEP\nOpen Character > Progression and select this skill. Inspect the training activities and choose useful work you can perform now. Check your current level and NEXT bar before and after the activity. Do not assume an action trains this skill merely because the item looks related.\n\nStudy relevant fundamentals or field notes to support Theory. Specific recipes and procedures may require separate knowledge, practical skills, a station and supplies. Read every requirement before committing materials. Learning this discipline does not require abandoning the others; choose activities that support your current needs."
rbJournal_Skill_construction_title,Construction: first practice
rbJournal_Skill_construction_body,"Complete structural repair or upgrading, or an eligible construction recipe. Aim for useful completed work rather than repeated placement and removal. Open the skill to inspect available training activities and confirm the gain. Theory study is a separate lesson.\n\nYOUR NEXT STEP\nOpen Character > Progression and select this skill. Inspect the training activities and choose useful work you can perform now. Check your current level and NEXT bar before and after the activity. Do not assume an action trains this skill merely because the item looks related.\n\nStudy relevant fundamentals or field notes to support Theory. Specific recipes and procedures may require separate knowledge, practical skills, a station and supplies. Read every requirement before committing materials. Learning this discipline does not require abandoning the others; choose activities that support your current needs."
rbJournal_Skill_electrical_title,Electrical: first practice
rbJournal_Skill_electrical_body,"Complete eligible electrical service, upgrades or fabrication. Acquire components from electrical loot and study the relevant manuals when required. Open the skill to inspect available training activities and confirm the gain. Theory study is a separate lesson.\n\nYOUR NEXT STEP\nOpen Character > Progression and select this skill. Inspect the training activities and choose useful work you can perform now. Check your current level and NEXT bar before and after the activity. Do not assume an action trains this skill merely because the item looks related.\n\nStudy relevant fundamentals or field notes to support Theory. Specific recipes and procedures may require separate knowledge, practical skills, a station and supplies. Read every requirement before committing materials. Learning this discipline does not require abandoning the others; choose activities that support your current needs."
rbJournal_Skill_metalworking_title,Metalworking: first practice
rbJournal_Skill_metalworking_body,"Complete eligible metal fabrication or service. Find the necessary forge tools, materials and knowledge before committing resources. Open the skill to inspect available training activities and confirm the gain. Theory study is a separate lesson.\n\nYOUR NEXT STEP\nOpen Character > Progression and select this skill. Inspect the training activities and choose useful work you can perform now. Check your current level and NEXT bar before and after the activity. Do not assume an action trains this skill merely because the item looks related.\n\nStudy relevant fundamentals or field notes to support Theory. Specific recipes and procedures may require separate knowledge, practical skills, a station and supplies. Read every requirement before committing materials. Learning this discipline does not require abandoning the others; choose activities that support your current needs."
rbJournal_Skill_gunsmithing_title,Gunsmithing: first practice
rbJournal_Skill_gunsmithing_body,"Repair or service a firearm, or complete eligible firearm fabrication. Check the gun-specific tools, repair materials and recipe requirements. Open the skill to inspect available training activities and confirm the gain. Theory study is a separate lesson.\n\nYOUR NEXT STEP\nOpen Character > Progression and select this skill. Inspect the training activities and choose useful work you can perform now. Check your current level and NEXT bar before and after the activity. Do not assume an action trains this skill merely because the item looks related.\n\nStudy relevant fundamentals or field notes to support Theory. Specific recipes and procedures may require separate knowledge, practical skills, a station and supplies. Read every requirement before committing materials. Learning this discipline does not require abandoning the others; choose activities that support your current needs."
rbJournal_Skill_chemistry_title,Chemistry: first practice
rbJournal_Skill_chemistry_body,"Complete an eligible chemistry process. Use the station required by that recipe and inspect its knowledge and skill gates. Open the skill to inspect available training activities and confirm the gain. Theory study is a separate lesson.\n\nYOUR NEXT STEP\nOpen Character > Progression and select this skill. Inspect the training activities and choose useful work you can perform now. Check your current level and NEXT bar before and after the activity. Do not assume an action trains this skill merely because the item looks related.\n\nStudy relevant fundamentals or field notes to support Theory. Specific recipes and procedures may require separate knowledge, practical skills, a station and supplies. Read every requirement before committing materials. Learning this discipline does not require abandoning the others; choose activities that support your current needs."
rbJournal_Skill_lockpicking_title,Lockpicking: first practice
rbJournal_Skill_lockpicking_body,"Successfully pick an eligible locked container to earn practice. Failed attempts, cancelled attempts and carrying lockpicks do not train this skill. Open the skill to inspect available training activities and confirm the gain. Theory study is a separate lesson.\n\nYOUR NEXT STEP\nOpen Character > Progression and select this skill. Inspect the training activities and choose useful work you can perform now. Check your current level and NEXT bar before and after the activity. Do not assume an action trains this skill merely because the item looks related.\n\nStudy relevant fundamentals or field notes to support Theory. Specific recipes and procedures may require separate knowledge, practical skills, a station and supplies. Read every requirement before committing materials. Learning this discipline does not require abandoning the others; choose activities that support your current needs."
rbJournal_Skill_stealth_title,Stealth: first practice
rbJournal_Skill_stealth_body,"Damage an enemy while a stealth attack qualifies. Moving near a sleeper without attacking is not practical Stealth training. Open the skill to inspect available training activities and confirm the gain. Theory study is a separate lesson.\n\nYOUR NEXT STEP\nOpen Character > Progression and select this skill. Inspect the training activities and choose useful work you can perform now. Check your current level and NEXT bar before and after the activity. Do not assume an action trains this skill merely because the item looks related.\n\nStudy relevant fundamentals or field notes to support Theory. Specific recipes and procedures may require separate knowledge, practical skills, a station and supplies. Read every requirement before committing materials. Learning this discipline does not require abandoning the others; choose activities that support your current needs."
rbJournal_Skill_athletics_title,Athletics: first practice
rbJournal_Skill_athletics_body,"Travel on foot with real exertion. Manage stamina, hydration and energy. Standing still or jumping repeatedly in place is not a training shortcut. Open the skill to inspect available training activities and confirm the gain. Theory study is a separate lesson.\n\nYOUR NEXT STEP\nOpen Character > Progression and select this skill. Inspect the training activities and choose useful work you can perform now. Check your current level and NEXT bar before and after the activity. Do not assume an action trains this skill merely because the item looks related.\n\nStudy relevant fundamentals or field notes to support Theory. Specific recipes and procedures may require separate knowledge, practical skills, a station and supplies. Read every requirement before committing materials. Learning this discipline does not require abandoning the others; choose activities that support your current needs."
rbJournal_Skill_armor_proficiency_title,Armor Proficiency: first practice
rbJournal_Skill_armor_proficiency_body,"Move and exert yourself while wearing armor that adds a real burden. Inspect the armor tradeoff; empty equipment slots cannot train armor handling. Open the skill to inspect available training activities and confirm the gain. Theory study is a separate lesson.\n\nYOUR NEXT STEP\nOpen Character > Progression and select this skill. Inspect the training activities and choose useful work you can perform now. Check your current level and NEXT bar before and after the activity. Do not assume an action trains this skill merely because the item looks related.\n\nStudy relevant fundamentals or field notes to support Theory. Specific recipes and procedures may require separate knowledge, practical skills, a station and supplies. Read every requirement before committing materials. Learning this discipline does not require abandoning the others; choose activities that support your current needs."
rbJournal_Skill_bartering_title,Bartering: first practice
rbJournal_Skill_bartering_body,"Complete a meaningful purchase from an NPC trader. Reversible buying-and-selling loops do not provide unrestricted practice. Open the skill to inspect available training activities and confirm the gain. Theory study is a separate lesson.\n\nYOUR NEXT STEP\nOpen Character > Progression and select this skill. Inspect the training activities and choose useful work you can perform now. Check your current level and NEXT bar before and after the activity. Do not assume an action trains this skill merely because the item looks related.\n\nStudy relevant fundamentals or field notes to support Theory. Specific recipes and procedures may require separate knowledge, practical skills, a station and supplies. Read every requirement before committing materials. Learning this discipline does not require abandoning the others; choose activities that support your current needs."
rbJournal_Skill_trading_title,Trading: first practice
rbJournal_Skill_trading_body,"Complete a meaningful sale to an NPC trader. Repeated tiny trades and reversible transactions are limited; sell useful surplus. Open the skill to inspect available training activities and confirm the gain. Theory study is a separate lesson.\n\nYOUR NEXT STEP\nOpen Character > Progression and select this skill. Inspect the training activities and choose useful work you can perform now. Check your current level and NEXT bar before and after the activity. Do not assume an action trains this skill merely because the item looks related.\n\nStudy relevant fundamentals or field notes to support Theory. Specific recipes and procedures may require separate knowledge, practical skills, a station and supplies. Read every requirement before committing materials. Learning this discipline does not require abandoning the others; choose activities that support your current needs."
rbJournal_Skill_teaching_title,Teaching: first practice
rbJournal_Skill_teaching_body,"Transfer Theory to another player or an owned NPC or companion student through the teaching interaction. The student must actually learn something. Open the skill to inspect available training activities and confirm the gain. Theory study is a separate lesson.\n\nYOUR NEXT STEP\nOpen Character > Progression and select this skill. Inspect the training activities and choose useful work you can perform now. Check your current level and NEXT bar before and after the activity. Do not assume an action trains this skill merely because the item looks related.\n\nStudy relevant fundamentals or field notes to support Theory. Specific recipes and procedures may require separate knowledge, practical skills, a station and supplies. Read every requirement before committing materials. Learning this discipline does not require abandoning the others; choose activities that support your current needs."
rbJournal_Skill_tailoring_title,Tailoring: first practice
rbJournal_Skill_tailoring_body,"Make or repair clothing, textiles, leather goods, backpacks or wearable equipment. Complete useful eligible work to gain practice. Open the skill to inspect available training activities and confirm the gain. Theory study is a separate lesson.\n\nYOUR NEXT STEP\nOpen Character > Progression and select this skill. Inspect the training activities and choose useful work you can perform now. Check your current level and NEXT bar before and after the activity. Do not assume an action trains this skill merely because the item looks related.\n\nStudy relevant fundamentals or field notes to support Theory. Specific recipes and procedures may require separate knowledge, practical skills, a station and supplies. Read every requirement before committing materials. Learning this discipline does not require abandoning the others; choose activities that support your current needs."
rbJournal_Skill_rage_title,Rage: first practice
rbJournal_Skill_rage_body,"Acquire the Berserker discipline before using Rage. Deal meaningful melee damage while Rage is active. The discipline is optional for other progression. Open the skill to inspect available training activities and confirm the gain. Theory study is a separate lesson.\n\nYOUR NEXT STEP\nOpen Character > Progression and select this skill. Inspect the training activities and choose useful work you can perform now. Check your current level and NEXT bar before and after the activity. Do not assume an action trains this skill merely because the item looks related.\n\nStudy relevant fundamentals or field notes to support Theory. Specific recipes and procedures may require separate knowledge, practical skills, a station and supplies. Read every requirement before committing materials. Learning this discipline does not require abandoning the others; choose activities that support your current needs."
rbJournal_Skill_black_magic_title,Black Magic: first practice
rbJournal_Skill_black_magic_body,"Acquire the required discipline, temporarily dominate an eligible undead, and use controlled-undead combat. Inspect the ability requirements and limitations first. Open the skill to inspect available training activities and confirm the gain. Theory study is a separate lesson.\n\nYOUR NEXT STEP\nOpen Character > Progression and select this skill. Inspect the training activities and choose useful work you can perform now. Check your current level and NEXT bar before and after the activity. Do not assume an action trains this skill merely because the item looks related.\n\nStudy relevant fundamentals or field notes to support Theory. Specific recipes and procedures may require separate knowledge, practical skills, a station and supplies. Read every requirement before committing materials. Learning this discipline does not require abandoning the others; choose activities that support your current needs."
rbJournal_RouteDigestionStages_title,Follow food through digestion
rbJournal_RouteDigestionStages_body,"Eat a suitable portion, then inspect the stomach and intestine displays. Material first leaves the stomach and only later becomes available nutrition or hydration. Observe real transfer; a full stomach is not the same as a fully nourished body."
rbJournal_RouteEnergyRecovery_title,Recover Energy before another trip
rbJournal_RouteEnergyRecovery_body,"After useful exertion, stop somewhere safe and let Energy recover. Check hydration and available nutrition: both support recovery. Stamina is the short-term exertion reserve; Energy supports it over a longer trip. This lesson requires an actual Energy increase."
rbJournal_RouteFieldMeal_title,Provide your own field meal
rbJournal_RouteFieldMeal_body,"Prepare an eligible meal and digest food. Read diet compatibility, stomach volume and pending nutrition before eating. Do not keep eating simply because the current food meter has not risen yet."
rbJournal_RouteWaterRoutine_title,Maintain a drinking routine
rbJournal_RouteWaterRoutine_body,"Prepare a drink and use the hydration slot. Inspect the remaining liquid before leaving, and confirm water is being absorbed. Carrying an empty bottle is not a drinking plan."
rbJournal_RouteRepairLoop_title,Keep working tools in service
rbJournal_RouteRepairLoop_body,"Mine useful material, then earn Maintenance practice through a real repair or eligible maintenance work. Inspect repair requirements before a tool breaks. Different tools can require different supplies."
rbJournal_RouteSalvageCircuit_title,Recover and reuse components
rbJournal_RouteSalvageCircuit_body,Salvage useful parts and complete eligible Electrical work. Electrical components are distributed through appropriate technical loot; find the required service knowledge and supplies instead of repeatedly placing and removing a device.
rbJournal_RouteGardenKitchen_title,Connect harvest to the kitchen
rbJournal_RouteGardenKitchen_body,"Harvest a mature crop and prepare food. Find plantable seeds in kitchens and food-store loot, then inspect the crop requirements. Planting and waiting are preparation; mature harvesting supplies the kitchen and trains Farming."
rbJournal_RouteHuntKitchen_title,Use the whole hunting trip
rbJournal_RouteHuntKitchen_body,Process an animal carcass and prepare food. The kill trains the weapon family; recovering meat and other materials trains Animal Processing. Cook with the recovered supplies and allow time for digestion.
rbJournal_RouteTradeSurplus_title,Trade surplus for a useful supply
rbJournal_RouteTradeSurplus_body,Make a meaningful sale and a different useful purchase. Sales train Trading and purchases train Bartering. Tiny repeated exchanges and selling back the same purchase are not a practice loop.
rbJournal_RouteArmoredTravel_title,Plan for equipment burden
rbJournal_RouteArmoredTravel_body,"Travel with armor that adds a real burden and earn Athletics practice. Watch stamina while moving on a slope. Leave enough reserve to escape, then recover in safety rather than exhausting yourself beside an enemy."
rbJournal_RouteStudyThenPractice_title,Turn reading into useful work
rbJournal_RouteStudyThenPractice_body,Gain Theory and practical progress. Study helps learning but does not replace doing the activity; recipe knowledge is another separate requirement. Use the skill activity list to find an action you can perform with your current supplies.
rbJournal_RouteKnowledgeThenWork_title,Put new knowledge to work
rbJournal_RouteKnowledgeThenWork_body,"Learn previously unknown recipe or procedure knowledge, then earn practical progress. Before travelling for ingredients, inspect all requirements: knowledge, practical skills, station, tools and materials."
xuiRebirthJournalNav,JOURNAL
xuiRebirthJournalRead,READ
xuiRebirthJournalUnread,UNREAD
xuiRebirthJournalGuide,GUIDE
xuiRebirthJournalMarkUnread,MARK UNREAD
xuiRebirthJournalMarkRead,MARK READ
xuiRebirthJournalReadAll,MARK ALL READ
xuiRebirthJournalExpand,ENLARGE ILLUSTRATION
xuiRebirthJournalZoomIn,ZOOM +
xuiRebirthJournalZoomOut,ZOOM -
xuiRebirthJournalFit,FIT
xuiRebirthJournalLeft,LEFT
xuiRebirthJournalRight,RIGHT
xuiRebirthJournalUp,UP
xuiRebirthJournalDown,DOWN
xuiRebirthJournalCloseImage,CLOSE IMAGE
xuiRebirthJournalSaveError,Reading status could not be saved. Your existing notes are unchanged.
xuiRebirthJournalImageError,This illustration could not be loaded.
rebirthCookingHudOverflow,+{0} more cooking jobs

rebirthGearRecoveryFailed,Could not safely release stored items. Your gear is still equipped.
rebirthGearRecoveryBackpack,Dropped Backpack Contents
rebirthGearUtilityBelt,Utility Toolbelt
rebirthGearUtilityBeltDesc,[B58CFF]Equip:[-] Character > Belt slot. No attribute requirements.\n[B58CFF]Capacity:[-] [8FD18F]6 total slots[-] (8 with Tools at Hand).\n[D6C978]Unequipping:[-] items in lost slots drop and remain for 30 minutes.
rebirthGearFieldBelt,Field Toolbelt
rebirthGearFieldBeltDesc,[B58CFF]Equip:[-] Character > Belt slot. No attribute requirements.\n[B58CFF]Capacity:[-] [8FD18F]8 total slots[-] (10 with Tools at Hand).\n[D6C978]Unequipping:[-] items in lost slots drop and remain for 30 minutes.
rebirthGearTacticalBelt,Tactical Toolbelt
rebirthGearTacticalBeltDesc,[B58CFF]Equip:[-] Character > Belt slot. No attribute requirements.\n[B58CFF]Capacity:[-] [8FD18F]10 total slots[-] (12 with Tools at Hand).\n[D6C978]Unequipping:[-] items in lost slots drop and remain for 30 minutes.
rebirthLessonStoragePack,Make Room to Carry
rebirthLessonStorageBelt,Keep Tools Within Reach

xuiRebirthGearDropHere,Drop compatible gear here.
xuiRebirthGearMoveHint,Shift-click to unequip. Drag to move.
xuiRebirthJournalMouseHint,Mouse wheel: zoom. Hold left mouse button and drag: move image.

rebirthGearArtisanBelt,Artisan Toolbelt
rebirthGearArtisanBeltDesc,[B58CFF]Equip:[-] Character > Belt slot. No attribute requirements.\n[B58CFF]Capacity:[-] [8FD18F]12 total slots[-] (14 with Tools at Hand).\n[D6C978]Unequipping:[-] items in lost slots drop and remain for 30 minutes.
rebirthGearIndustrialBelt,Industrial Toolbelt
rebirthGearIndustrialBeltDesc,[B58CFF]Equip:[-] Character > Belt slot. No attribute requirements.\n[B58CFF]Capacity:[-] [8FD18F]14 total slots[-] (16 with Tools at Hand).\n[D6C978]Unequipping:[-] items in lost slots drop and remain for 30 minutes.
rebirthGearExpeditionBelt,Expedition Toolbelt
rebirthGearExpeditionBeltDesc,[B58CFF]Equip:[-] Character > Belt slot. No attribute requirements.\n[B58CFF]Capacity:[-] [8FD18F]16 total slots[-] (18 with Tools at Hand).\n[D6C978]Unequipping:[-] items in lost slots drop and remain for 30 minutes.
rebirthGearEquippedNotice,Equipped {0}.
rebirthGearUnequippedNotice,Unequipped {0}.

rebirth_rekt_rekt_greeting_001,You again? Buy some food before I lose my fucking appetite looking at you.
rebirth_rekt_rekt_greeting_002,You smell worse than the spoiled stock.
rebirth_rekt_rekt_greeting_003,Buy something before you ruin my appetite.
rebirth_rekt_rekt_greeting_004,Keep your filthy hands off the produce.
rebirth_rekt_rekt_greeting_005,"Well, the shit magnet found my counter."
rebirth_rekt_rekt_greeting_006,"Got money, or just another stupid story?"
rebirth_rekt_rekt_greeting_007,Don't drool on anything you're not buying.
rebirth_rekt_rekt_greeting_008,"You look hungry. Unfortunately, you also look broke."
rebirth_rekt_rekt_greeting_009,"Wipe your boots. I sell food here, asshole."
rebirth_rekt_rekt_greeting_010,That face could sour a whole barrel.
rebirth_rekt_rekt_greeting_011,Come in. The flies already know you.
rebirth_rekt_rekt_greeting_012,"If you're begging, try the dead outside."
rebirth_rekt_rekt_greeting_013,Tell me what you want. Use actual words.
rebirth_rekt_rekt_greeting_014,"You planning to eat, or just stink?"
rebirth_rekt_rekt_greeting_015,Fine. You're here. Let's get this over with.
rebirth_rekt_rekt_return_001,Still alive? Must've finally bought decent food.
rebirth_rekt_rekt_return_002,Back already? That ration didn't eat itself.
rebirth_rekt_rekt_return_003,I recognize that ugly mug. Unfortunately.
rebirth_rekt_rekt_return_004,Didn't I feed you enough last time?
rebirth_rekt_rekt_return_005,You again. At least bring a bigger wallet.
rebirth_rekt_rekt_return_006,Look who survived my terrible fucking hospitality.
rebirth_rekt_rekt_return_007,Another visit. My luck keeps getting worse.
rebirth_rekt_rekt_return_008,"If you're returning an empty can, fuck off."
rebirth_rekt_rekt_return_009,"All right, regular. What are you short on?"
rebirth_rekt_rekt_return_010,You ate everything already? Greedy little shit.
rebirth_rekt_rekt_browse_001,"Look with your eyes, not your grubby fingers."
rebirth_rekt_rekt_browse_002,Those prices aren't going to blink first.
rebirth_rekt_rekt_browse_003,You done inspecting every fucking potato?
rebirth_rekt_rekt_browse_004,Smell the food again and you're buying it.
rebirth_rekt_rekt_browse_005,I didn't lay this out for decoration.
rebirth_rekt_rekt_browse_006,Pick a ration. They all beat starvation.
rebirth_rekt_rekt_browse_007,Keep staring. Maybe your wallet will grow.
rebirth_rekt_rekt_browse_008,No sampling. I know your kind of sample.
rebirth_rekt_rekt_purchase_001,"There's your food. Try chewing, dumbass."
rebirth_rekt_rekt_purchase_002,Paid and fed. You're almost tolerable now.
rebirth_rekt_rekt_purchase_003,Take the bag. Quit breathing on me.
rebirth_rekt_rekt_purchase_004,Good. One less hungry asshole hanging around.
rebirth_rekt_rekt_purchase_005,That's yours. Don't complain through a mouthful.
rebirth_rekt_rekt_purchase_006,Look at that. You actually brought money.
rebirth_rekt_rekt_purchase_007,Enjoy it somewhere I can't hear you eat.
rebirth_rekt_rekt_purchase_008,You bought supplies. A rare sensible decision.
rebirth_rekt_rekt_sale_001,I'll buy it. Don't act like it's treasure.
rebirth_rekt_rekt_sale_002,Here's the money. Wash your hands afterward.
rebirth_rekt_rekt_sale_003,"That'll move. Unlike you, apparently."
rebirth_rekt_rekt_sale_004,Sold. Now get your junk off my counter.
rebirth_rekt_rekt_sale_005,"Fine, I'll take it. Spare me its history."
rebirth_rekt_rekt_sale_006,You've got your dukes. Stop pawing the scale.
rebirth_rekt_rekt_sale_007,Useful stock for once. Who'd you rob?
rebirth_rekt_rekt_sale_008,I paid fair. Don't start that haggling shit.
rebirth_rekt_rekt_job_offer_001,Got a job for you. Pays better than standing here making the place smell like shit.
rebirth_rekt_rekt_job_offer_002,There's work. Unless you're allergic to effort.
rebirth_rekt_rekt_job_offer_003,Earn your groceries instead of whining about prices.
rebirth_rekt_rekt_job_offer_004,I've got something harder than opening a can.
rebirth_rekt_rekt_job_offer_005,Read the job. Don't make me sound it out.
rebirth_rekt_rekt_job_offer_006,Want supper money? Do something fucking useful.
rebirth_rekt_rekt_job_offer_007,This needs handling. Your excuses don't interest me.
rebirth_rekt_rekt_job_offer_008,Here's a task your empty pockets should like.
rebirth_rekt_rekt_job_offer_009,You look bored. I've got a cure.
rebirth_rekt_rekt_job_offer_010,Quit leaning on my counter. Look at this.
rebirth_rekt_rekt_job_accept_001,Good. Now move your ass.
rebirth_rekt_rekt_job_accept_002,"Bring back results, not a sob story."
rebirth_rekt_rekt_job_accept_003,Finish it before you start spending the reward.
rebirth_rekt_rekt_job_accept_004,"I hired a worker, not a fucking spectator."
rebirth_rekt_rekt_job_accept_005,Don't get killed owing me an answer.
rebirth_rekt_rekt_job_accept_006,You took it. Remember that when it gets ugly.
rebirth_rekt_rekt_job_accept_007,Go earn something I might call respect.
rebirth_rekt_rekt_job_decline_001,Scared of work? Explains that empty wallet.
rebirth_rekt_rekt_job_decline_002,Fine. Starve on your own time.
rebirth_rekt_rekt_job_decline_003,"That was your chance, shit-for-brains."
rebirth_rekt_rekt_job_decline_004,Keep refusing. I'll keep charging for food.
rebirth_rekt_rekt_job_incomplete_001,You haven't finished. Neither have I with you.
rebirth_rekt_rekt_job_incomplete_002,Coming back hungry doesn't make the job done.
rebirth_rekt_rekt_job_incomplete_003,"No results, no pay. Try remembering that."
rebirth_rekt_rekt_job_incomplete_004,Did you stop halfway for a fucking picnic?
rebirth_rekt_rekt_job_incomplete_005,"Finish what you agreed to, then bother me."
rebirth_rekt_rekt_job_complete_001,"Well, shit. You actually got it done. Here's your pay. Don't make me compliment you twice."
rebirth_rekt_rekt_job_complete_002,You earned this. Don't let it swell your head.
rebirth_rekt_rekt_job_complete_003,Pay's here. Maybe buy a meal with it.
rebirth_rekt_rekt_job_complete_004,"Not bad, asshole. I was expecting worse."
rebirth_rekt_rekt_job_complete_005,You finished. That's more than most manage.
rebirth_rekt_rekt_job_complete_006,"Good work. There, that's your whole fucking compliment."
rebirth_rekt_rekt_job_complete_007,Take the reward. You've kept me waiting enough.
rebirth_rekt_rekt_job_complete_008,I checked it. You actually did it right.
rebirth_rekt_rekt_job_complete_009,"Well, I'll be damned. A useful customer."
rebirth_rekt_rekt_job_complete_010,You delivered. I pay. Nobody needs a speech.
rebirth_rekt_rekt_job_complete_011,That's settled. Don't blow the money on stupidity.
rebirth_rekt_rekt_job_complete_012,"All right, you've earned your place at the counter."
rebirth_rekt_rekt_job_complete_013,You did good. Tell anyone I said that and we're done.
rebirth_rekt_rekt_farewell_001,Eat something before you do another stupid thing.
rebirth_rekt_rekt_farewell_002,Shut the door. You're letting your smell linger.
rebirth_rekt_rekt_farewell_003,Try leaving with the same number of limbs.
rebirth_rekt_rekt_farewell_004,Off you go. My lunch might taste better now.
rebirth_rekt_rekt_farewell_005,"Come back with money, not an empty stomach."
rebirth_rekt_rekt_farewell_006,Take your bag and your bullshit with you.
rebirth_rekt_rekt_farewell_007,Keep breathing. Dead customers are lousy business.
rebirth_rekt_rekt_farewell_008,"Watch yourself, asshole. I'm not replacing you cheaply."
rebirth_rekt_rekt_closing_warning_001,Last chance for groceries. I'm closing soon.
rebirth_rekt_rekt_closing_warning_002,Buy it or leave it. The door's shutting shortly.
rebirth_rekt_rekt_closing_final_001,Shop's closed. Get the fuck outside.
rebirth_rekt_rekt_closing_final_002,Food can wait until I open again. Out.
rebirth_rekt_hugh_greeting_001,Get in here. You can't fight a damn thing on an empty stomach. What do you need?
rebirth_rekt_hugh_greeting_002,Get fed before you pick your next fight.
rebirth_rekt_hugh_greeting_003,Stand up straight. What supplies are you missing?
rebirth_rekt_hugh_greeting_004,Empty stomachs make weak decisions. Step up.
rebirth_rekt_hugh_greeting_005,"Come on, survivor. Fuel that sorry-looking operation."
rebirth_rekt_hugh_greeting_006,You're running on fumes. Let's fix that.
rebirth_rekt_hugh_greeting_007,A fighter who forgets food becomes somebody's lunch.
rebirth_rekt_hugh_greeting_008,Quit hovering at the doorway. Approach the counter.
rebirth_rekt_hugh_greeting_009,"Count your rations, then tell me what's lacking."
rebirth_rekt_hugh_greeting_010,You look spent. Hunger's no badge of honor.
rebirth_rekt_hugh_greeting_011,Ready for trouble? Your pack says otherwise.
rebirth_rekt_hugh_greeting_012,Let's get you stocked and moving again.
rebirth_rekt_hugh_greeting_013,"What's the mission today, besides staying upright?"
rebirth_rekt_hugh_greeting_014,You've got guts. Now get something into them.
rebirth_rekt_hugh_greeting_015,Another survivor who thinks bravado replaces breakfast.
rebirth_rekt_hugh_return_001,Back for more fuel? That's sensible.
rebirth_rekt_hugh_return_002,You kept moving. Good. Replenish those rations.
rebirth_rekt_hugh_return_003,Still standing. Let's keep the supply line working.
rebirth_rekt_hugh_return_004,How'd the provisions hold up out there?
rebirth_rekt_hugh_return_005,You made another run. What got used?
rebirth_rekt_hugh_return_006,Returning empty-handed? Better count what you need.
rebirth_rekt_hugh_return_007,There's my regular. Ready to load up?
rebirth_rekt_hugh_return_008,Hungry again? Good. Means you're still fighting.
rebirth_rekt_hugh_return_009,You're learning to resupply before collapse. About time.
rebirth_rekt_hugh_return_010,All right. Report your shortages.
rebirth_rekt_hugh_browse_001,Choose food you can carry through the whole run.
rebirth_rekt_hugh_browse_002,Think ahead. One meal isn't a supply plan.
rebirth_rekt_hugh_browse_003,Quit admiring cans. Figure out your requirements.
rebirth_rekt_hugh_browse_004,You want variety or something that'll keep you moving?
rebirth_rekt_hugh_browse_005,"Pick supplies for the work, not the pretty wrapper."
rebirth_rekt_hugh_browse_006,Don't buy like the world ends this afternoon.
rebirth_rekt_hugh_browse_007,Take inventory before you make that decision.
rebirth_rekt_hugh_browse_008,A stocked pack beats a heroic fucking hunger pang.
rebirth_rekt_hugh_purchase_001,Good choice. Now put that fuel to use.
rebirth_rekt_hugh_purchase_002,Rations secured. One less weakness to worry about.
rebirth_rekt_hugh_purchase_003,You're provisioned. Don't waste it loafing around.
rebirth_rekt_hugh_purchase_004,Take the supplies. Finish strong out there.
rebirth_rekt_hugh_purchase_005,That'll help keep you upright. Eat before trouble.
rebirth_rekt_hugh_purchase_006,Paid up. Pack it where you can reach it.
rebirth_rekt_hugh_purchase_007,There. Preparation beats complaining every time.
rebirth_rekt_hugh_purchase_008,Get moving while you've still got daylight and energy.
rebirth_rekt_hugh_sale_001,Useful supplies. I'll take them off your hands.
rebirth_rekt_hugh_sale_002,That's stock I can work with. Here's your pay.
rebirth_rekt_hugh_sale_003,You brought something worthwhile. Good initiative.
rebirth_rekt_hugh_sale_004,Deal's done. Turn those dukes into readiness.
rebirth_rekt_hugh_sale_005,That's settled. Keep the gear you actually need.
rebirth_rekt_hugh_sale_006,I'll buy it. You know your own loadout.
rebirth_rekt_hugh_sale_007,Fair exchange. No hesitation required.
rebirth_rekt_hugh_sale_008,Good haul. Try putting the proceeds to work.
rebirth_rekt_hugh_job_offer_001,You want to earn your next meal? Read this. Then show me you can finish what you start.
rebirth_rekt_hugh_job_offer_002,I've got work that takes more than an appetite.
rebirth_rekt_hugh_job_offer_003,Want rations? Earn them with some backbone.
rebirth_rekt_hugh_job_offer_004,Read this task. Decide whether you're ready.
rebirth_rekt_hugh_job_offer_005,There's pay available for somebody who follows through.
rebirth_rekt_hugh_job_offer_006,You want a challenge? I've got one waiting.
rebirth_rekt_hugh_job_offer_007,Provision yourself first. This job isn't a stroll.
rebirth_rekt_hugh_job_offer_008,Take a look. The reward could restock your pack.
rebirth_rekt_hugh_job_offer_009,Enough standing around. There's work outside.
rebirth_rekt_hugh_job_offer_010,You can talk tough after you bring results.
rebirth_rekt_hugh_job_accept_001,"Good. Eat, prepare, and execute."
rebirth_rekt_hugh_job_accept_002,Commit to it. Don't wander off halfway.
rebirth_rekt_hugh_job_accept_003,Watch your supplies. Finish the task.
rebirth_rekt_hugh_job_accept_004,You've accepted. Now show me some follow-through.
rebirth_rekt_hugh_job_accept_005,Get it handled before hunger slows you down.
rebirth_rekt_hugh_job_accept_006,That's the spirit. Bring your ass back standing.
rebirth_rekt_hugh_job_accept_007,No wasted motion. You've got work to do.
rebirth_rekt_hugh_job_decline_001,Your choice. Don't confuse hesitation with strategy.
rebirth_rekt_hugh_job_decline_002,Then come back when you've got some resolve.
rebirth_rekt_hugh_job_decline_003,Not ready? Better admit it than die proving otherwise.
rebirth_rekt_hugh_job_decline_004,Fine. I'll find somebody who wants the pay.
rebirth_rekt_hugh_job_incomplete_001,Still unfinished. You know what comes next.
rebirth_rekt_hugh_job_incomplete_002,Don't report a victory you haven't earned.
rebirth_rekt_hugh_job_incomplete_003,Regroup if you must. Then finish it.
rebirth_rekt_hugh_job_incomplete_004,"The job's waiting, and I'm still expecting results."
rebirth_rekt_hugh_job_incomplete_005,You're resupplied? Good. Get back to the task.
rebirth_rekt_hugh_job_complete_001,You finished it and came back standing. Good. There's your pay. That's how you earn respect.
rebirth_rekt_hugh_job_complete_002,Solid work. Your effort earned that reward.
rebirth_rekt_hugh_job_complete_003,You delivered. Now restore what the job consumed.
rebirth_rekt_hugh_job_complete_004,That's how you prove you can be relied on.
rebirth_rekt_hugh_job_complete_005,Task complete. Collect your pay and recover.
rebirth_rekt_hugh_job_complete_006,Good follow-through. I like a survivor with discipline.
rebirth_rekt_hugh_job_complete_007,Here's the reward. Go get a proper meal.
rebirth_rekt_hugh_job_complete_008,You held up your end. I hold up mine.
rebirth_rekt_hugh_job_complete_009,Well handled. Keep that standard on the next one.
rebirth_rekt_hugh_job_complete_010,"No excuses, just results. That's worth paying for."
rebirth_rekt_hugh_job_complete_011,You've earned a rest. Don't mistake it for retirement.
rebirth_rekt_hugh_job_complete_012,That's a job finished properly. Take the money.
rebirth_rekt_hugh_job_complete_013,You came back capable. Keep yourself that way.
rebirth_rekt_hugh_farewell_001,Stay fed. Stay sharp. Keep moving.
rebirth_rekt_hugh_farewell_002,Don't go into trouble running on an empty stomach.
rebirth_rekt_hugh_farewell_003,Pack your food before you chase a fight.
rebirth_rekt_hugh_farewell_004,Take care of the body doing the work.
rebirth_rekt_hugh_farewell_005,See you after the next successful run.
rebirth_rekt_hugh_farewell_006,Out you go. Make the supplies count.
rebirth_rekt_hugh_farewell_007,"Watch your back, and ration your strength."
rebirth_rekt_hugh_farewell_008,Come back standing. That's an order worth following.
rebirth_rekt_hugh_closing_warning_001,Closing soon. Secure your rations now.
rebirth_rekt_hugh_closing_warning_002,Last supply check. I'm locking up shortly.
rebirth_rekt_hugh_closing_final_001,Trading's finished. Clear the shop.
rebirth_rekt_hugh_closing_final_002,We're closed. Return when the doors open.
rebirth_rekt_jen_greeting_001,"There you are, hon. Have you eaten? Come look at what I've got."
rebirth_rekt_jen_greeting_002,Come in. You look like you've missed breakfast.
rebirth_rekt_jen_greeting_003,Something warm would do you good today.
rebirth_rekt_jen_greeting_004,"Hey, hungry traveler. What can I get you?"
rebirth_rekt_jen_greeting_005,You're welcome here. Let's find you something filling.
rebirth_rekt_jen_greeting_006,Have you been eating properly out there?
rebirth_rekt_jen_greeting_007,That stomach sounds louder than the customers.
rebirth_rekt_jen_greeting_008,"Oh, look at you. Come get some provisions."
rebirth_rekt_jen_greeting_009,I'm glad you found your way to my counter.
rebirth_rekt_jen_greeting_010,Don't be shy. Everybody needs to eat.
rebirth_rekt_jen_greeting_011,Rough morning? We can start with a meal.
rebirth_rekt_jen_greeting_012,Tell me what you like. I'll help you choose.
rebirth_rekt_jen_greeting_013,"You look tired, hon. Hungry too?"
rebirth_rekt_jen_greeting_014,Come closer. You don't have to shout for supper.
rebirth_rekt_jen_greeting_015,Let's make your next meal an actual meal.
rebirth_rekt_jen_return_001,There you are. Did you like what you bought?
rebirth_rekt_jen_return_002,It's good to see a familiar hungry face.
rebirth_rekt_jen_return_003,Back for provisions? I hoped you would be.
rebirth_rekt_jen_return_004,You made it home last time. That matters.
rebirth_rekt_jen_return_005,How's that appetite treating you today?
rebirth_rekt_jen_return_006,I was wondering when you'd need another bag.
rebirth_rekt_jen_return_007,"Oh, you're back. Found anything good on the road?"
rebirth_rekt_jen_return_008,Please tell me you've eaten since our last visit.
rebirth_rekt_jen_return_009,Another trip survived. Let's celebrate with something decent.
rebirth_rekt_jen_return_010,Always room for you at this counter.
rebirth_rekt_jen_browse_001,Take your time choosing something you'll enjoy.
rebirth_rekt_jen_browse_002,"If you're unsure, tell me what you need."
rebirth_rekt_jen_browse_003,You can look without pretending you know everything.
rebirth_rekt_jen_browse_004,"Think about tomorrow's meal too, sweetheart."
rebirth_rekt_jen_browse_005,"Some days, familiar food helps more than you'd expect."
rebirth_rekt_jen_browse_006,Don't worry. Nobody's grading your grocery choices.
rebirth_rekt_jen_browse_007,Have a good look. Hunger makes everything tempting.
rebirth_rekt_jen_browse_008,Let's find supplies that suit your trip.
rebirth_rekt_jen_purchase_001,Here you go. I hope it hits the spot.
rebirth_rekt_jen_purchase_002,You've got your food. Look after yourself now.
rebirth_rekt_jen_purchase_003,Lovely. That's one less missed meal to worry about.
rebirth_rekt_jen_purchase_004,"Take your bag, hon. Enjoy every bite."
rebirth_rekt_jen_purchase_005,A proper purchase for a proper appetite.
rebirth_rekt_jen_purchase_006,Thank you. I'm glad I could keep you supplied.
rebirth_rekt_jen_purchase_007,There we are. Don't forget to actually eat it.
rebirth_rekt_jen_purchase_008,Enjoy your provisions. You deserve better than scraps.
rebirth_rekt_jen_sale_001,I can use this. Thank you for bringing it.
rebirth_rekt_jen_sale_002,Here's your payment. You helped my stock today.
rebirth_rekt_jen_sale_003,"That works for me, sweetheart. All settled."
rebirth_rekt_jen_sale_004,You found something useful. I'm happy to buy it.
rebirth_rekt_jen_sale_005,There you go. Your effort shouldn't go unpaid.
rebirth_rekt_jen_sale_006,Nice little haul. This will find a home.
rebirth_rekt_jen_sale_007,I've paid you. Keep something back for yourself.
rebirth_rekt_jen_sale_008,That's a fair trade. I appreciate it.
rebirth_rekt_jen_job_offer_001,"I could use a hand, hon. Have a look first. I'd like you back for the reward, not carried back."
rebirth_rekt_jen_job_offer_002,There's work if you're looking for grocery money.
rebirth_rekt_jen_job_offer_003,Would you take a look at this for me?
rebirth_rekt_jen_job_offer_004,"I need help, but I'd like you properly fed first."
rebirth_rekt_jen_job_offer_005,This task might put your next meal within reach.
rebirth_rekt_jen_job_offer_006,You've got a steady head. Could you help here?
rebirth_rekt_jen_job_offer_007,"Read it over, hon. Decide what feels manageable."
rebirth_rekt_jen_job_offer_008,I could use somebody who knows when to be careful.
rebirth_rekt_jen_job_offer_009,There's a reward waiting if this suits you.
rebirth_rekt_jen_job_offer_010,Would a job help you get stocked up?
rebirth_rekt_jen_job_accept_001,Thank you. Please eat something before heading out.
rebirth_rekt_jen_job_accept_002,"I'm counting on you, but I want you safe."
rebirth_rekt_jen_job_accept_003,That's a relief. Take care with the task.
rebirth_rekt_jen_job_accept_004,"Go prepared, hon. The reward can wait for you."
rebirth_rekt_jen_job_accept_005,You said yes. Now let's get you back afterward.
rebirth_rekt_jen_job_accept_006,"Do your best, and don't neglect yourself."
rebirth_rekt_jen_job_accept_007,I appreciate the help. Watch that empty stomach.
rebirth_rekt_jen_job_decline_001,That's all right. Don't agree just to please me.
rebirth_rekt_jen_job_decline_002,"Another time, perhaps. Have something to eat anyway."
rebirth_rekt_jen_job_decline_003,I understand. You know your limits better than I do.
rebirth_rekt_jen_job_decline_004,"No hard feelings, hon. I can keep looking."
rebirth_rekt_jen_job_incomplete_001,Still working on it? Make sure you're eating.
rebirth_rekt_jen_job_incomplete_002,You haven't finished yet. Is something giving you trouble?
rebirth_rekt_jen_job_incomplete_003,The reward's still waiting when the work is done.
rebirth_rekt_jen_job_incomplete_004,"Take a breath, then see what remains."
rebirth_rekt_jen_job_incomplete_005,"Not quite there, sweetheart. Don't lose heart now."
rebirth_rekt_jen_job_complete_001,"There you are. Job done and back in one piece. Take your pay, hon. Go get yourself a decent meal."
rebirth_rekt_jen_job_complete_002,You earned every duke. Let me get your reward.
rebirth_rekt_jen_job_complete_003,Wonderful. Now you can afford a decent supper.
rebirth_rekt_jen_job_complete_004,"I'm pleased you finished, and happier you returned."
rebirth_rekt_jen_job_complete_005,Here's the pay. Don't spend it all before eating.
rebirth_rekt_jen_job_complete_006,You helped me out. I haven't forgotten that.
rebirth_rekt_jen_job_complete_007,"Job done, tired traveler. Rest those feet a moment."
rebirth_rekt_jen_job_complete_008,You've been reliable. That means a lot here.
rebirth_rekt_jen_job_complete_009,"Take the reward, hon. You made a difference."
rebirth_rekt_jen_job_complete_010,That's good work. Please give yourself some credit.
rebirth_rekt_jen_job_complete_011,"You came through for me. Thank you, sincerely."
rebirth_rekt_jen_job_complete_012,A finished job and a familiar face. Lovely.
rebirth_rekt_jen_job_complete_013,You kept your promise. Here's mine in dukes.
rebirth_rekt_jen_farewell_001,"Go gently, and don't skip your meals."
rebirth_rekt_jen_farewell_002,I hope your next stop has a friendly table.
rebirth_rekt_jen_farewell_003,"Take care, sweetheart. Come back when you're hungry."
rebirth_rekt_jen_farewell_004,Keep a little food for the way home.
rebirth_rekt_jen_farewell_005,Safe travels. I'll be here when you return.
rebirth_rekt_jen_farewell_006,Enjoy what you bought. You earned a quiet meal.
rebirth_rekt_jen_farewell_007,Mind yourself out there. I'd miss our little visits.
rebirth_rekt_jen_farewell_008,Bye for now. Come tell me how you're doing.
rebirth_rekt_jen_closing_warning_001,"I'll be closing soon, hon. Need any last provisions?"
rebirth_rekt_jen_closing_warning_002,We're nearly done for today. Choose what you need.
rebirth_rekt_jen_closing_final_001,That's closing time. I'll see you when we reopen.
rebirth_rekt_jen_closing_final_002,"Time to head out, sweetheart. Trading's finished now."
rebirth_rekt_joel_greeting_001,"My friend, you look hungry. Let's put those dukes toward something you'll appreciate."
rebirth_rekt_joel_greeting_002,Welcome. An appetite is an excellent shopping companion.
rebirth_rekt_joel_greeting_003,A sensible survivor keeps their pantry ahead of trouble.
rebirth_rekt_joel_greeting_004,"My friend, those provisions won't buy themselves."
rebirth_rekt_joel_greeting_005,You look like somebody who appreciates a full plate.
rebirth_rekt_joel_greeting_006,Come browse. Hunger deserves a better negotiating partner.
rebirth_rekt_joel_greeting_007,There's a customer who understands the value of supper.
rebirth_rekt_joel_greeting_008,Good to see you. Let's invest in tomorrow's breakfast.
rebirth_rekt_joel_greeting_009,An empty pack? What a splendid place to start.
rebirth_rekt_joel_greeting_010,Step up. I've got supplies worth making room for.
rebirth_rekt_joel_greeting_011,A little food money can improve your whole day.
rebirth_rekt_joel_greeting_012,"Welcome, valued traveler. What's missing from your meals?"
rebirth_rekt_joel_greeting_013,You're just in time to make a useful purchase.
rebirth_rekt_joel_greeting_014,Fine taste starts with having something to eat.
rebirth_rekt_joel_greeting_015,Let's find provisions worthy of your hard-earned dukes.
rebirth_rekt_joel_return_001,Returning customers make the best-fed survivors.
rebirth_rekt_joel_return_002,"Ah, you enjoyed the selection enough to return."
rebirth_rekt_joel_return_003,"My friend, another grocery run is always welcome."
rebirth_rekt_joel_return_004,Back to replenish? Excellent foresight on your part.
rebirth_rekt_joel_return_005,You know where a smart appetite goes shopping.
rebirth_rekt_joel_return_006,I see those supplies served you well enough.
rebirth_rekt_joel_return_007,A familiar customer and fresh business. Delightful.
rebirth_rekt_joel_return_008,Welcome back. Shall we improve on last visit's bag?
rebirth_rekt_joel_return_009,"You made room in the pantry, I take it."
rebirth_rekt_joel_return_010,Good to have your custom at my food counter again.
rebirth_rekt_joel_browse_001,Compare the options. Better provisions deserve some thought.
rebirth_rekt_joel_browse_002,A modest purchase now beats desperate shopping later.
rebirth_rekt_joel_browse_003,Look carefully. Your next meal is a serious investment.
rebirth_rekt_joel_browse_004,You'll find reasons to fill more than one pocket.
rebirth_rekt_joel_browse_005,Consider a spare ration while you're deciding.
rebirth_rekt_joel_browse_006,A discerning buyer thinks beyond today's appetite.
rebirth_rekt_joel_browse_007,"No rush, my friend. Let the supplies persuade you."
rebirth_rekt_joel_browse_008,Price matters. So does having food when you need it.
rebirth_rekt_joel_purchase_001,An excellent investment in continued breathing.
rebirth_rekt_joel_purchase_002,"Your provisions, my friend. A satisfying arrangement."
rebirth_rekt_joel_purchase_003,You've made a practical choice with those dukes.
rebirth_rekt_joel_purchase_004,Purchased and packed. May your next meal impress you.
rebirth_rekt_joel_purchase_005,Thank you. Good customers deserve well-stocked bags.
rebirth_rekt_joel_purchase_006,That's yours now. I hope hunger appreciates your taste.
rebirth_rekt_joel_purchase_007,A pleasure doing grocery business with you.
rebirth_rekt_joel_purchase_008,There we are. Preparation has a very reasonable payoff.
rebirth_rekt_joel_sale_001,This should interest another hungry customer. Sold.
rebirth_rekt_joel_sale_002,You've supplied my shelves. Here's your consideration.
rebirth_rekt_joel_sale_003,A useful acquisition for my stock. Thank you.
rebirth_rekt_joel_sale_004,"My friend, that's a transaction we can both enjoy."
rebirth_rekt_joel_sale_005,I'll find it a buyer. You take the payment.
rebirth_rekt_joel_sale_006,Fine. Your surplus becomes my next opportunity.
rebirth_rekt_joel_sale_007,You brought value to the counter today.
rebirth_rekt_joel_sale_008,The exchange is complete. Your dukes are ready.
rebirth_rekt_joel_job_offer_001,"My friend, here's a chance to turn a little work into your next purchase. Take a look."
rebirth_rekt_joel_job_offer_002,Here's work that could improve your grocery budget.
rebirth_rekt_joel_job_offer_003,A capable customer deserves a chance to earn more.
rebirth_rekt_joel_job_offer_004,"My friend, consider this an investment of effort."
rebirth_rekt_joel_job_offer_005,This reward could make your next visit more enjoyable.
rebirth_rekt_joel_job_offer_006,Read the task. There's purchasing power at the end.
rebirth_rekt_joel_job_offer_007,Why let an opportunity pass while your pantry shrinks?
rebirth_rekt_joel_job_offer_008,A little initiative can pay for a great many meals.
rebirth_rekt_joel_job_offer_009,I've got work with a reward worth considering.
rebirth_rekt_joel_job_offer_010,You might turn today's energy into tomorrow's supplies.
rebirth_rekt_joel_job_accept_001,Excellent. May this prove a worthwhile undertaking.
rebirth_rekt_joel_job_accept_002,That's initiative. I'll have the reward when you finish.
rebirth_rekt_joel_job_accept_003,A promising decision from a sensible customer.
rebirth_rekt_joel_job_accept_004,Go prepared. A successful worker makes a happy buyer.
rebirth_rekt_joel_job_accept_005,You've accepted the opportunity. Now make it pay.
rebirth_rekt_joel_job_accept_006,I look forward to hearing about your success.
rebirth_rekt_joel_job_accept_007,Good. The path to a fuller pantry starts there.
rebirth_rekt_joel_job_decline_001,A pity. Your grocery budget might have thanked you.
rebirth_rekt_joel_job_decline_002,"Of course, my friend. Opportunities require willing customers."
rebirth_rekt_joel_job_decline_003,Perhaps the prospect will appeal on another visit.
rebirth_rekt_joel_job_decline_004,Very well. I'll offer the work elsewhere.
rebirth_rekt_joel_job_incomplete_001,The investment hasn't matured into a reward yet.
rebirth_rekt_joel_job_incomplete_002,"Finish the task, and we can settle the commission."
rebirth_rekt_joel_job_incomplete_003,Still underway? I look forward to the completed result.
rebirth_rekt_joel_job_incomplete_004,I'm sure you understand why payment waits.
rebirth_rekt_joel_job_incomplete_005,"There's earning potential left outside, my friend."
rebirth_rekt_joel_job_complete_001,"Excellent work, my friend. Here's your reward. Now, what were you saying about needing supplies?"
rebirth_rekt_joel_job_complete_002,"The effort paid off. Your reward, as promised."
rebirth_rekt_joel_job_complete_003,Excellent results. Now your grocery options have expanded.
rebirth_rekt_joel_job_complete_004,A reliable customer and worker. What a combination.
rebirth_rekt_joel_job_complete_005,You've earned these dukes. Spend them thoughtfully.
rebirth_rekt_joel_job_complete_006,"My friend, you've turned initiative into purchasing power."
rebirth_rekt_joel_job_complete_007,"The job is complete, and my obligation follows."
rebirth_rekt_joel_job_complete_008,Take your reward. I appreciate dependable business.
rebirth_rekt_joel_job_complete_009,Nicely handled. That success deserves a proper supper.
rebirth_rekt_joel_job_complete_010,This is why I enjoy working with capable people.
rebirth_rekt_joel_job_complete_011,You're paid. The pantry needn't remain an ambition.
rebirth_rekt_joel_job_complete_012,A very satisfactory result on both sides.
rebirth_rekt_joel_job_complete_013,You've demonstrated value. I'm glad to compensate it.
rebirth_rekt_joel_farewell_001,May your provisions last until our next transaction.
rebirth_rekt_joel_farewell_002,"Safe travels, my friend. Eat well along the way."
rebirth_rekt_joel_farewell_003,Come back when your pantry needs professional attention.
rebirth_rekt_joel_farewell_004,Enjoy your purchases. That's the best advertisement.
rebirth_rekt_joel_farewell_005,"A pleasure, as always. Keep those shopping habits."
rebirth_rekt_joel_farewell_006,Take care of yourself and your grocery budget.
rebirth_rekt_joel_farewell_007,I trust we'll do profitable food business again.
rebirth_rekt_joel_farewell_008,Go well. A satisfied appetite brings return custom.
rebirth_rekt_joel_closing_warning_001,"Final purchases, my friend. The food counter closes soon."
rebirth_rekt_joel_closing_warning_002,One last chance to invest in tonight's supper.
rebirth_rekt_joel_closing_final_001,Trading has ended. I'll welcome your custom after reopening.
rebirth_rekt_joel_closing_final_002,The shop is closed now. Your next purchase must wait.
rebirth_rekt_bob_greeting_001,"Howdy, partner. You look hungrier than a hound at supper. Come have a gander."
rebirth_rekt_bob_greeting_002,Howdy. Your stomach get here ahead of you?
rebirth_rekt_bob_greeting_003,"Come in, partner. Let's put something in that belly."
rebirth_rekt_bob_greeting_004,You look hungry enough to eat the price tag.
rebirth_rekt_bob_greeting_005,Pull up to the counter. Supper's worth discussing.
rebirth_rekt_bob_greeting_006,Reckon a grocery bag would improve your mood.
rebirth_rekt_bob_greeting_007,"Mornin', traveler. Been living on crumbs again?"
rebirth_rekt_bob_greeting_008,"Well now, somebody's ready for a proper feed."
rebirth_rekt_bob_greeting_009,Don't hover like a crow over a cornfield.
rebirth_rekt_bob_greeting_010,Come have a gander at the provisions.
rebirth_rekt_bob_greeting_011,You've got that last-ration look about you.
rebirth_rekt_bob_greeting_012,A full belly makes the road less miserable.
rebirth_rekt_bob_greeting_013,"What's cookin', partner? Hopefully something you can buy."
rebirth_rekt_bob_greeting_014,Step inside. Hunger's a poor reason for shyness.
rebirth_rekt_bob_greeting_015,You made it here. Let's tackle the eating part.
rebirth_rekt_bob_return_001,Back before the crumbs settled. That's an appetite.
rebirth_rekt_bob_return_002,Howdy again. You wear out that grocery sack?
rebirth_rekt_bob_return_003,Reckon you've found my food handy on the road.
rebirth_rekt_bob_return_004,There's my regular. Ready to fill the cupboard?
rebirth_rekt_bob_return_005,"Well, you didn't disappear between meals. Good."
rebirth_rekt_bob_return_006,Still got a little spring in your step.
rebirth_rekt_bob_return_007,Come on back. I figured those rations wouldn't last.
rebirth_rekt_bob_return_008,"Another run behind you, another meal ahead."
rebirth_rekt_bob_return_009,"How'd that last bag treat you, partner?"
rebirth_rekt_bob_return_010,I know that face. Usually means provisions are low.
rebirth_rekt_bob_browse_001,Have a gander. No use buying blind.
rebirth_rekt_bob_browse_002,"Think on what'll fit your pack, partner."
rebirth_rekt_bob_browse_003,A spare meal beats licking the empty tin.
rebirth_rekt_bob_browse_004,Don't let your eyes shop past your pockets.
rebirth_rekt_bob_browse_005,Pick something you'll still want after a long walk.
rebirth_rekt_bob_browse_006,No need to poke every bit of produce.
rebirth_rekt_bob_browse_007,Have yourself a look while I mind the counter.
rebirth_rekt_bob_browse_008,Reckon you know your appetite better than I do.
rebirth_rekt_bob_purchase_001,There you are. Enough to quiet that belly.
rebirth_rekt_bob_purchase_002,"Bag's yours, partner. Enjoy a proper bite."
rebirth_rekt_bob_purchase_003,That purchase ought to sweeten the road a little.
rebirth_rekt_bob_purchase_004,Good groceries beat an evening of stomach complaints.
rebirth_rekt_bob_purchase_005,You're paid up. Get those provisions tucked away.
rebirth_rekt_bob_purchase_006,Much obliged. You've chosen yourself some useful stock.
rebirth_rekt_bob_purchase_007,Take your food before your stomach files a complaint.
rebirth_rekt_bob_purchase_008,"Well now, that's supper sorted out."
rebirth_rekt_bob_sale_001,I can find a use for that haul.
rebirth_rekt_bob_sale_002,You've brought stock instead of tall tales. Appreciated.
rebirth_rekt_bob_sale_003,Here's your pay. Don't lose it in the grocery bag.
rebirth_rekt_bob_sale_004,"That's sold, partner. A fair bit of business."
rebirth_rekt_bob_sale_005,Reckon that'll leave my shelf soon enough.
rebirth_rekt_bob_sale_006,You found it; I'll find its next owner.
rebirth_rekt_bob_sale_007,Money's counted. We can call that settled.
rebirth_rekt_bob_sale_008,Much obliged for keeping my counter busy.
rebirth_rekt_bob_job_offer_001,"Got a job over yonder, partner. Bit of hard work ought to put supper back in reach."
rebirth_rekt_bob_job_offer_002,Got work that'll put groceries within reach.
rebirth_rekt_bob_job_offer_003,A little elbow grease could fill that pack.
rebirth_rekt_bob_job_offer_004,"Have a look, partner. Might suit your talents."
rebirth_rekt_bob_job_offer_005,I've got a task needing more than wishful thinking.
rebirth_rekt_bob_job_offer_006,Reckon you'd rather earn supper than dream about it.
rebirth_rekt_bob_job_offer_007,Here's something to do while you're full of energy.
rebirth_rekt_bob_job_offer_008,Read this before you go promising the moon.
rebirth_rekt_bob_job_offer_009,"Useful work's waiting, and there's pay behind it."
rebirth_rekt_bob_job_offer_010,Could use a hand getting this job squared away.
rebirth_rekt_bob_job_accept_001,That's the ticket. Get yourself fed before leaving.
rebirth_rekt_bob_job_accept_002,"Much obliged, partner. Keep your head on straight."
rebirth_rekt_bob_job_accept_003,You took it on. See it through carefully.
rebirth_rekt_bob_job_accept_004,Pack provisions. Can't work on a hollow belly.
rebirth_rekt_bob_job_accept_005,I'll be waiting for the good news.
rebirth_rekt_bob_job_accept_006,Don't run yourself ragged chasing those dukes.
rebirth_rekt_bob_job_accept_007,"Go on, then. Give it your best honest effort."
rebirth_rekt_bob_job_decline_001,Fair enough. Can't drag a mule by wishing.
rebirth_rekt_bob_job_decline_002,Reckon that job wasn't your cup of tea.
rebirth_rekt_bob_job_decline_003,All right. I'll rustle up another willing hand.
rebirth_rekt_bob_job_decline_004,"Well, bless your fucking heart. Maybe next time."
rebirth_rekt_bob_job_incomplete_001,"Still a few rows left to hoe, partner."
rebirth_rekt_bob_job_incomplete_002,You ain't at the paying end of it yet.
rebirth_rekt_bob_job_incomplete_003,Finish that job before we count the reward.
rebirth_rekt_bob_job_incomplete_004,Something hung you up? Keep after it sensibly.
rebirth_rekt_bob_job_incomplete_005,Don't let the last bit of work whip you.
rebirth_rekt_bob_job_complete_001,"Well, hot dog. You got it done, partner. Take your pay and put a little supper in that belly."
rebirth_rekt_bob_job_complete_002,Hot dog. You've earned yourself a good meal.
rebirth_rekt_bob_job_complete_003,That job's wrapped up tighter than a lunch parcel.
rebirth_rekt_bob_job_complete_004,"Good work, partner. Here's what you're owed."
rebirth_rekt_bob_job_complete_005,You carried it through. I appreciate a steady hand.
rebirth_rekt_bob_job_complete_006,That ought to put supper money in your pocket.
rebirth_rekt_bob_job_complete_007,"Well now, you're worth more than your own bragging."
rebirth_rekt_bob_job_complete_008,Reward's counted. You've done me a real favor.
rebirth_rekt_bob_job_complete_009,Looks like hard work won out today.
rebirth_rekt_bob_job_complete_010,Take your pay and give those boots a rest.
rebirth_rekt_bob_job_complete_011,You made that job behave. Nicely done.
rebirth_rekt_bob_job_complete_012,Much obliged. I reckon you earned the smile.
rebirth_rekt_bob_job_complete_013,Finished and home again. Can't ask much better.
rebirth_rekt_bob_farewell_001,Keep a ration where you can find it.
rebirth_rekt_bob_farewell_002,"Happy trails, partner. Don't forget to eat."
rebirth_rekt_bob_farewell_003,Come back before your pantry starts echoing.
rebirth_rekt_bob_farewell_004,Take your groceries and mind the rough patches.
rebirth_rekt_bob_farewell_005,Hope the road treats you better after supper.
rebirth_rekt_bob_farewell_006,See you round. Save a bite for tomorrow.
rebirth_rekt_bob_farewell_007,"Travel easy, and keep your pack dry."
rebirth_rekt_bob_farewell_008,Don't let stubbornness keep you hungry out there.
rebirth_rekt_bob_closing_warning_001,"Nearly closing, partner. Need one last bag?"
rebirth_rekt_bob_closing_warning_002,Get your groceries picked. I'm winding down shortly.
rebirth_rekt_bob_closing_final_001,Counter's shut for today. Time to mosey along.
rebirth_rekt_bob_closing_final_002,That's us closed. Come round after opening again.
rebirth_rekt_poppy_greeting_001,Still breathing? Good. Let's see if we can get you fed before you ruin that.
rebirth_rekt_poppy_greeting_002,You look hungry. Excellent diagnostic skills on my part.
rebirth_rekt_poppy_greeting_003,Food's here. Your decision-making can catch up.
rebirth_rekt_poppy_greeting_004,Welcome. Try not to negotiate with your stomach.
rebirth_rekt_poppy_greeting_005,You've brought an appetite. Hopefully money accompanied it.
rebirth_rekt_poppy_greeting_006,Come in before you start eyeing the furniture.
rebirth_rekt_poppy_greeting_007,I sell provisions. Life advice costs your patience.
rebirth_rekt_poppy_greeting_008,That's an impressively empty-looking pack you've got.
rebirth_rekt_poppy_greeting_009,Breakfast would improve this conversation for both of us.
rebirth_rekt_poppy_greeting_010,You need food. I enjoy being right.
rebirth_rekt_poppy_greeting_011,Let's get you something better than imaginary supper.
rebirth_rekt_poppy_greeting_012,Hungry survivors do make wonderfully direct customers.
rebirth_rekt_poppy_greeting_013,You look one missed meal from bad ideas.
rebirth_rekt_poppy_greeting_014,Counter's open. Your stomach already noticed.
rebirth_rekt_poppy_greeting_015,Try shopping before starvation becomes your whole personality.
rebirth_rekt_poppy_return_001,Back for food. A refreshingly predictable achievement.
rebirth_rekt_poppy_return_002,You survived the trip and finished the groceries.
rebirth_rekt_poppy_return_003,Again? Your appetite certainly has job security.
rebirth_rekt_poppy_return_004,Welcome back. The empty bag explains enough.
rebirth_rekt_poppy_return_005,You remember the counter. That's progress worth acknowledging.
rebirth_rekt_poppy_return_006,Another visit. We should stop pretending you're browsing.
rebirth_rekt_poppy_return_007,"Still hungry, still solvent? Lovely combination."
rebirth_rekt_poppy_return_008,You made it back. I'd hate wasting a regular.
rebirth_rekt_poppy_return_009,There's that familiar look of ration regret.
rebirth_rekt_poppy_return_010,Back before you got desperate. Almost impressive.
rebirth_rekt_poppy_browse_001,Pick something edible. I've narrowed it down considerably.
rebirth_rekt_poppy_browse_002,The food won't make the choice for you.
rebirth_rekt_poppy_browse_003,Keep looking. Maybe a can will propose.
rebirth_rekt_poppy_browse_004,Your pack has limits. Your appetite seems unaware.
rebirth_rekt_poppy_browse_005,Buying a spare ration isn't admitting defeat.
rebirth_rekt_poppy_browse_006,"Those are provisions, not a personality test."
rebirth_rekt_poppy_browse_007,Decide before your stomach takes over negotiations.
rebirth_rekt_poppy_browse_008,"A grocery plan. Radical concept, I know."
rebirth_rekt_poppy_purchase_001,Food acquired. Try the eating part next.
rebirth_rekt_poppy_purchase_002,That's yours. Please survive long enough to appreciate it.
rebirth_rekt_poppy_purchase_003,A useful purchase. You'll recover from the shock.
rebirth_rekt_poppy_purchase_004,You paid. Your stomach can stop making speeches.
rebirth_rekt_poppy_purchase_005,Supplies secured. Look at you planning ahead.
rebirth_rekt_poppy_purchase_006,Take the bag. You've successfully operated a shop.
rebirth_rekt_poppy_purchase_007,Good choice. I won't make that embarrassing.
rebirth_rekt_poppy_purchase_008,Lunch solved. The rest of your life is yours.
rebirth_rekt_poppy_sale_001,I'll take that. My shelves enjoy contributions.
rebirth_rekt_poppy_sale_002,Sold. You brought something besides an appetite.
rebirth_rekt_poppy_sale_003,Here's your money. Try remembering where you put it.
rebirth_rekt_poppy_sale_004,Useful stock. Clearly an accident worth encouraging.
rebirth_rekt_poppy_sale_005,That'll find a buyer. You can stop presenting it.
rebirth_rekt_poppy_sale_006,Payment settled. We both get to feel productive.
rebirth_rekt_poppy_sale_007,"You sell, I stock. Elegant little arrangement."
rebirth_rekt_poppy_sale_008,Done. Even your surplus has better timing today.
rebirth_rekt_poppy_job_offer_001,"Got work. You finish it, you get paid. Try making that the interesting part of your day."
rebirth_rekt_poppy_job_offer_002,Want groceries? Here's a remarkably concrete earning strategy.
rebirth_rekt_poppy_job_offer_003,I've got work. Your stomach nominated you.
rebirth_rekt_poppy_job_offer_004,Take a look before saying something heroic.
rebirth_rekt_poppy_job_offer_005,This task pays. Standing here mostly doesn't.
rebirth_rekt_poppy_job_offer_006,Need a reason to leave the counter? Found one.
rebirth_rekt_poppy_job_offer_007,Read it. Understanding is a promising first step.
rebirth_rekt_poppy_job_offer_008,You've got energy for complaints. Try using it here.
rebirth_rekt_poppy_job_offer_009,Earn a meal instead of rehearsing hunger.
rebirth_rekt_poppy_job_offer_010,"A job, a reward, and your involvement. Thoughts?"
rebirth_rekt_poppy_job_accept_001,Good. Make the actual work your next move.
rebirth_rekt_poppy_job_accept_002,You're committed. I'd enjoy seeing evidence of that.
rebirth_rekt_poppy_job_accept_003,Pack food. Starving halfway through is poor technique.
rebirth_rekt_poppy_job_accept_004,Go handle it. I'll handle being impressed afterward.
rebirth_rekt_poppy_job_accept_005,Accepted. Try finishing with the same enthusiasm.
rebirth_rekt_poppy_job_accept_006,That's settled. You have somewhere useful to be.
rebirth_rekt_poppy_job_accept_007,Do the job. Leave the dramatic suffering optional.
rebirth_rekt_poppy_job_decline_001,All right. Hunger evidently hasn't persuaded you yet.
rebirth_rekt_poppy_job_decline_002,Suit yourself. I'll ask someone with momentum.
rebirth_rekt_poppy_job_decline_003,No? Your wallet has a curious strategy.
rebirth_rekt_poppy_job_decline_004,Declined. Very efficient way to earn nothing.
rebirth_rekt_poppy_job_incomplete_001,"You're here. Unfortunately, the finished job isn't."
rebirth_rekt_poppy_job_incomplete_002,"Still incomplete. I do appreciate consistency, within limits."
rebirth_rekt_poppy_job_incomplete_003,Reward follows results. An upsettingly firm sequence.
rebirth_rekt_poppy_job_incomplete_004,Did you come back to admire the waiting payment?
rebirth_rekt_poppy_job_incomplete_005,Finish it. We've already mastered the discussion part.
rebirth_rekt_poppy_job_complete_001,Job's done. You're alive. I get to stop waiting. That's a good result for both of us. Here's your pay.
rebirth_rekt_poppy_job_complete_002,Finished. You've justified both the reward and my patience.
rebirth_rekt_poppy_job_complete_003,Here's your pay. Perhaps buy something chewable.
rebirth_rekt_poppy_job_complete_004,A completed job. I was hoping you'd try that.
rebirth_rekt_poppy_job_complete_005,You delivered. My expectations are mildly inconvenienced.
rebirth_rekt_poppy_job_complete_006,Take the reward. You've made hunger easier to solve.
rebirth_rekt_poppy_job_complete_007,Good work. Let's enjoy that without a speech.
rebirth_rekt_poppy_job_complete_008,You earned the dukes. That looks better on you.
rebirth_rekt_poppy_job_complete_009,Job handled. Your grocery fund can celebrate.
rebirth_rekt_poppy_job_complete_010,You're useful when you put your mind to it.
rebirth_rekt_poppy_job_complete_011,Here's the money. Try not to outsmart supper.
rebirth_rekt_poppy_job_complete_012,Back with results. That's my preferred entrance.
rebirth_rekt_poppy_job_complete_013,"Done properly, too. You're getting difficult to tease."
rebirth_rekt_poppy_farewell_001,Eat before you invent another terrible plan.
rebirth_rekt_poppy_farewell_002,See you when hunger brings you back to reason.
rebirth_rekt_poppy_farewell_003,Keep your food. Lose the unnecessary heroics.
rebirth_rekt_poppy_farewell_004,Survive the road. The groceries won't miss you.
rebirth_rekt_poppy_farewell_005,Go enjoy lunch. You've earned a simple victory.
rebirth_rekt_poppy_farewell_006,Come back before your pack becomes decorative.
rebirth_rekt_poppy_farewell_007,Mind yourself. Replacing customers takes effort.
rebirth_rekt_poppy_farewell_008,Travel safely enough to do this again.
rebirth_rekt_poppy_closing_warning_001,Closing soon. Last chance to rescue dinner.
rebirth_rekt_poppy_closing_warning_002,Finish choosing. My door has a firmer deadline.
rebirth_rekt_poppy_closing_final_001,We're closed. Even hunger can learn opening hours.
rebirth_rekt_poppy_closing_final_002,Trading's over. Your stomach can complain outside now.
rebirth_hugh_rekt_greeting_001,What the fuck are you carrying? Get over here before that piece of shit gets you killed.
rebirth_hugh_rekt_greeting_002,That weapon's cleaner than your ugly fucking face.
rebirth_hugh_rekt_greeting_003,Buy ammunition before you bore me to death.
rebirth_hugh_rekt_greeting_004,"Keep your finger off the trigger, dipshit."
rebirth_hugh_rekt_greeting_005,You bring dukes or just that stupid grin?
rebirth_hugh_rekt_greeting_006,Try pointing your muzzle somewhere less fucking personal.
rebirth_hugh_rekt_greeting_007,Look who wandered in wearing target practice.
rebirth_hugh_rekt_greeting_008,"What do you want, besides a longer life?"
rebirth_hugh_rekt_greeting_009,You couldn't intimidate an empty cartridge box.
rebirth_hugh_rekt_greeting_010,Quit rattling around my shop like loose brass.
rebirth_hugh_rekt_greeting_011,You look like you reload by apologizing.
rebirth_hugh_rekt_greeting_012,Come closer. I need to hear your stupidity clearly.
rebirth_hugh_rekt_greeting_013,"That loadout's a cry for help, asshole."
rebirth_hugh_rekt_greeting_014,Let's see what your wallet can do right.
rebirth_hugh_rekt_greeting_015,Leave the bullshit outside with your bad aim.
rebirth_hugh_rekt_return_001,"Back for rounds? Finally hit something, did you?"
rebirth_hugh_rekt_return_002,Same face. Different excuse for being underarmed?
rebirth_hugh_rekt_return_003,You survived. The gun deserves most of the credit.
rebirth_hugh_rekt_return_004,Used up your ammunition missing again?
rebirth_hugh_rekt_return_005,Didn't that gear cure your stupid yet?
rebirth_hugh_rekt_return_006,"Well, the walking misfire returns."
rebirth_hugh_rekt_return_007,You again. Better not be shopping for blame.
rebirth_hugh_rekt_return_008,My least graceful regular. What broke?
rebirth_hugh_rekt_return_009,Still got your fingers? Surprising fucking development.
rebirth_hugh_rekt_return_010,Back already? Save a round for actual trouble.
rebirth_hugh_rekt_browse_001,Don't fondle the stock like it's going to love you.
rebirth_hugh_rekt_browse_002,"Check what fits before buying, dumbass."
rebirth_hugh_rekt_browse_003,You choosing a firearm or waiting for permission?
rebirth_hugh_rekt_browse_004,Those rounds won't become cheaper through whining.
rebirth_hugh_rekt_browse_005,Look downrange in your imagination. Not at me.
rebirth_hugh_rekt_browse_006,Quit dressing up your indecision as expertise.
rebirth_hugh_rekt_browse_007,Buy gear you can operate without a fucking prayer.
rebirth_hugh_rekt_browse_008,"That's a display, not your personal fidget box."
rebirth_hugh_rekt_purchase_001,There. Try not to shoot your own boot.
rebirth_hugh_rekt_purchase_002,You bought it. Your terrible aim comes separately.
rebirth_hugh_rekt_purchase_003,Gear's yours. Keep the muzzle away from my ceiling.
rebirth_hugh_rekt_purchase_004,Take the rounds before you start counting aloud.
rebirth_hugh_rekt_purchase_005,Good. An armed asshole is leaving my shop.
rebirth_hugh_rekt_purchase_006,You paid. That almost makes up for talking.
rebirth_hugh_rekt_purchase_007,Don't come blaming me for your trigger finger.
rebirth_hugh_rekt_purchase_008,Solid purchase. Shame about the operator.
rebirth_hugh_rekt_sale_001,I'll buy that. Your opinion of it stays free.
rebirth_hugh_rekt_sale_002,Here's the payment. Stop waving it around.
rebirth_hugh_rekt_sale_003,Sold. Glad we got past your fucking sales pitch.
rebirth_hugh_rekt_sale_004,That stock's useful. Can't say the same about you yet.
rebirth_hugh_rekt_sale_005,I paid you. Get that junk off my work space.
rebirth_hugh_rekt_sale_006,You've unloaded something without pulling a trigger. Amazing.
rebirth_hugh_rekt_sale_007,"Fine, I'll take it. Don't oversell the scratches."
rebirth_hugh_rekt_sale_008,Dukes are counted. Your performance can end now.
rebirth_hugh_rekt_job_offer_001,"Here's a job, dumbass. Put that gear to use before I decide you're just wearing it for decoration."
rebirth_hugh_rekt_job_offer_002,Got work for somebody less useless than you look.
rebirth_hugh_rekt_job_offer_003,Here's a job. Let your gear do something useful.
rebirth_hugh_rekt_job_offer_004,Want more rounds? Earn the fucking money.
rebirth_hugh_rekt_job_offer_005,Take this on if you can stop admiring yourself.
rebirth_hugh_rekt_job_offer_006,Read the task. The important bits aren't pictures.
rebirth_hugh_rekt_job_offer_007,"I need results, not another gun-shop philosopher."
rebirth_hugh_rekt_job_offer_008,There's a reward your empty pockets ought to recognize.
rebirth_hugh_rekt_job_offer_009,Quit posing. I've got an actual assignment.
rebirth_hugh_rekt_job_offer_010,Prove that weapon isn't just a costly walking stick.
rebirth_hugh_rekt_job_accept_001,Good. Go make your equipment less embarrassed.
rebirth_hugh_rekt_job_accept_002,"Move out, asshole. The job won't flinch itself finished."
rebirth_hugh_rekt_job_accept_003,"Bring back proof, not a fucking excuse."
rebirth_hugh_rekt_job_accept_004,You agreed. Don't pretend your hearing failed later.
rebirth_hugh_rekt_job_accept_005,Check your rounds before you waste the trip.
rebirth_hugh_rekt_job_accept_006,Go on. Try aiming your effort somewhere productive.
rebirth_hugh_rekt_job_accept_007,Accepted. Now get out of your own way.
rebirth_hugh_rekt_job_decline_001,"All that gear, and you're scared of work?"
rebirth_hugh_rekt_job_decline_002,Fine. Keep your expensive fucking costume.
rebirth_hugh_rekt_job_decline_003,You can refuse. I can remember it.
rebirth_hugh_rekt_job_decline_004,Go practice bravery on an empty can.
rebirth_hugh_rekt_job_incomplete_001,Still unfinished. Your loadout isn't doing the paperwork.
rebirth_hugh_rekt_job_incomplete_002,"That job's not complete, no matter how tough you stand."
rebirth_hugh_rekt_job_incomplete_003,You want pay for fucking around halfway?
rebirth_hugh_rekt_job_incomplete_004,Go finish it. I've heard enough preparation stories.
rebirth_hugh_rekt_job_incomplete_005,"Results, dumbass. That's what I was waiting for."
rebirth_hugh_rekt_job_complete_001,Job's finished? About fucking time. Take the reward before you start telling me how brave you are.
rebirth_hugh_rekt_job_complete_002,"Well, you finally justified carrying all that metal."
rebirth_hugh_rekt_job_complete_003,Reward's here. Don't shoot it on the way out.
rebirth_hugh_rekt_job_complete_004,You handled it. I'll stop calling you useless briefly.
rebirth_hugh_rekt_job_complete_005,"Good work, asshole. There's your money."
rebirth_hugh_rekt_job_complete_006,That was competent. Try not to make it accidental.
rebirth_hugh_rekt_job_complete_007,You delivered more than hot air. I'm impressed enough.
rebirth_hugh_rekt_job_complete_008,Take the pay. Spare me the victory pose.
rebirth_hugh_rekt_job_complete_009,Finished properly. About fucking time you showed something.
rebirth_hugh_rekt_job_complete_010,You've earned rounds instead of just burning them.
rebirth_hugh_rekt_job_complete_011,Job's checked. Your wallet gets the compliment.
rebirth_hugh_rekt_job_complete_012,You did what you said. Rare fucking habit.
rebirth_hugh_rekt_job_complete_013,"All right, you're useful. Don't make it weird."
rebirth_hugh_rekt_farewell_001,Point that thing away from yourself for once.
rebirth_hugh_rekt_farewell_002,Get out there and make your ammunition count.
rebirth_hugh_rekt_farewell_003,Don't shoot anything you planned to sell me.
rebirth_hugh_rekt_farewell_004,Bring your ass back. Preferably with less swagger.
rebirth_hugh_rekt_farewell_005,Watch your back. It's probably your best side.
rebirth_hugh_rekt_farewell_006,"Go on, dipshit. Try surviving your own decisions."
rebirth_hugh_rekt_farewell_007,Keep the gear dry and your excuses elsewhere.
rebirth_hugh_rekt_farewell_008,Come back with brass stories I can actually believe.
rebirth_hugh_rekt_closing_warning_001,Last gear purchase. I'm shutting this place soon.
rebirth_hugh_rekt_closing_warning_002,Buy your rounds now. I'm done babysitting shortly.
rebirth_hugh_rekt_closing_final_001,Gun counter's closed. Get your ass outside.
rebirth_hugh_rekt_closing_final_002,We're finished trading. Find another place to pose.
rebirth_hugh_hugh_greeting_001,"Step up. What are you shooting today, and have you got enough rounds for it?"
rebirth_hugh_hugh_greeting_002,You check your ammunition before coming in?
rebirth_hugh_hugh_greeting_003,Step forward. What needs upgrading in that loadout?
rebirth_hugh_hugh_greeting_004,"That firearm ready, or just riding along?"
rebirth_hugh_hugh_greeting_005,Let's make sure you're equipped for real trouble.
rebirth_hugh_hugh_greeting_006,Don't mumble. Tell me what you're looking for.
rebirth_hugh_hugh_greeting_007,Prepared survivors shop before the shooting starts.
rebirth_hugh_hugh_greeting_008,You've got a weapon. Have you got discipline?
rebirth_hugh_hugh_greeting_009,Get over here and check your supplies.
rebirth_hugh_hugh_greeting_010,What're you carrying into the next fight?
rebirth_hugh_hugh_greeting_011,Time to turn those dukes into something useful.
rebirth_hugh_hugh_greeting_012,Looking sharp enough. Let's see what's missing.
rebirth_hugh_hugh_greeting_013,"If you're low on rounds, stop acting proud."
rebirth_hugh_hugh_greeting_014,Come in. Confidence needs decent equipment behind it.
rebirth_hugh_hugh_greeting_015,You're standing. Good starting point. What do you need?
rebirth_hugh_hugh_return_001,Used some rounds? Then let's replenish them.
rebirth_hugh_hugh_return_002,Back in one piece. Report the equipment problems.
rebirth_hugh_hugh_return_003,How'd that firearm behave when it mattered?
rebirth_hugh_hugh_return_004,I figured you'd return before your pack went empty.
rebirth_hugh_hugh_return_005,Another run completed. Keep the loadout ready.
rebirth_hugh_hugh_return_006,You got out and came back. That's good discipline.
rebirth_hugh_hugh_return_007,Don't wait for a dry magazine to resupply.
rebirth_hugh_hugh_return_008,Still carrying that same setup? Let's check it.
rebirth_hugh_hugh_return_009,Good to see you upright instead of carried.
rebirth_hugh_hugh_return_010,You're back. Tell me what you learned out there.
rebirth_hugh_hugh_browse_001,Choose the tool for the fight you expect.
rebirth_hugh_hugh_browse_002,A firearm you understand beats one you merely admire.
rebirth_hugh_hugh_browse_003,Think about ammunition before chasing a bigger barrel.
rebirth_hugh_hugh_browse_004,Check compatibility. Guesswork gets expensive fast.
rebirth_hugh_hugh_browse_005,Get enough supplies to finish what you start.
rebirth_hugh_hugh_browse_006,Make a decision you can back up under pressure.
rebirth_hugh_hugh_browse_007,Don't confuse flashy equipment with useful equipment.
rebirth_hugh_hugh_browse_008,Inspect it properly. You can boast after practice.
rebirth_hugh_hugh_purchase_001,You're equipped. Now learn it properly.
rebirth_hugh_hugh_purchase_002,A solid addition. Keep it ready for use.
rebirth_hugh_hugh_purchase_003,Ammunition secured. Make every shot earn its place.
rebirth_hugh_hugh_purchase_004,That gear's yours. Treat it like survival matters.
rebirth_hugh_hugh_purchase_005,Purchase complete. Check your pack before stepping out.
rebirth_hugh_hugh_purchase_006,Good. Preparedness just moved from talk to action.
rebirth_hugh_hugh_purchase_007,You bought capability. Discipline is still your job.
rebirth_hugh_hugh_purchase_008,Take it. Stay dangerous to the right things.
rebirth_hugh_hugh_sale_001,I'll put that gear back into circulation.
rebirth_hugh_hugh_sale_002,Payment's ready. Useful equipment deserves a fair exchange.
rebirth_hugh_hugh_sale_003,Sold. Review your loadout before unloading anything else.
rebirth_hugh_hugh_sale_004,That'll serve somebody. You've got your dukes.
rebirth_hugh_hugh_sale_005,I'll buy it. You know what you can spare.
rebirth_hugh_hugh_sale_006,Trade settled. Keep your priorities in order.
rebirth_hugh_hugh_sale_007,Useful haul. You've made the trip worthwhile.
rebirth_hugh_hugh_sale_008,Here's the money. Spend it on staying prepared.
rebirth_hugh_hugh_job_offer_001,"Got a job that needs some backbone. Read it, check your equipment, and tell me you're ready."
rebirth_hugh_hugh_job_offer_002,Got a task for somebody who can commit.
rebirth_hugh_hugh_job_offer_003,You want to prove readiness? Here's an opportunity.
rebirth_hugh_hugh_job_offer_004,Read this. Decide what equipment you'll need.
rebirth_hugh_hugh_job_offer_005,There's work outside that won't respect hesitation.
rebirth_hugh_hugh_job_offer_006,I've got pay waiting behind a completed assignment.
rebirth_hugh_hugh_job_offer_007,Make your next trip count for something.
rebirth_hugh_hugh_job_offer_008,"This needs handling, not another fucking discussion."
rebirth_hugh_hugh_job_offer_009,Got the discipline to carry this through?
rebirth_hugh_hugh_job_offer_010,Take a look. Tell me when you're ready.
rebirth_hugh_hugh_job_accept_001,"Right. Check gear, check supplies, then move."
rebirth_hugh_hugh_job_accept_002,Go earn the confidence you're wearing.
rebirth_hugh_hugh_job_accept_003,You committed. Keep your attention on the objective.
rebirth_hugh_hugh_job_accept_004,Prepare sensibly. Enthusiasm doesn't stop mistakes.
rebirth_hugh_hugh_job_accept_005,I expect results and a survivor reporting them.
rebirth_hugh_hugh_job_accept_006,"Make a plan, then put it into motion."
rebirth_hugh_hugh_job_accept_007,Good decision. Now follow through under pressure.
rebirth_hugh_hugh_job_decline_001,Not up to it? Then keep training.
rebirth_hugh_hugh_job_decline_002,I'd rather hear no than bury an idiot.
rebirth_hugh_hugh_job_decline_003,Fine. Another survivor gets the assignment.
rebirth_hugh_hugh_job_decline_004,You know your limits. Work on moving them.
rebirth_hugh_hugh_job_incomplete_001,The objective's still out there. Finish the assignment.
rebirth_hugh_hugh_job_incomplete_002,You've returned without results. What's holding you up?
rebirth_hugh_hugh_job_incomplete_003,Resupply if necessary. Completion remains the goal.
rebirth_hugh_hugh_job_incomplete_004,"I'm paying for a finished task, not intent."
rebirth_hugh_hugh_job_incomplete_005,Get back to it when you're ready to execute.
rebirth_hugh_hugh_job_complete_001,"Good work. You handled the task and made it back. Collect your pay, then get ready for what's next."
rebirth_hugh_hugh_job_complete_002,That's disciplined work. Collect your reward.
rebirth_hugh_hugh_job_complete_003,You followed through. I respect that.
rebirth_hugh_hugh_job_complete_004,Good result. Tell me where the gear fell short.
rebirth_hugh_hugh_job_complete_005,Take the pay. You've demonstrated real capability.
rebirth_hugh_hugh_job_complete_006,The job's handled. That's what I wanted to hear.
rebirth_hugh_hugh_job_complete_007,You earned this by acting instead of boasting.
rebirth_hugh_hugh_job_complete_008,Clean finish. Don't get careless after a victory.
rebirth_hugh_hugh_job_complete_009,Reliable performance. Keep that up on the next run.
rebirth_hugh_hugh_job_complete_010,You've brought results. My part is payment.
rebirth_hugh_hugh_job_complete_011,"Well done. Recover, replenish, and stay ready."
rebirth_hugh_hugh_job_complete_012,There's your reward. You kept your word.
rebirth_hugh_hugh_job_complete_013,Task finished. You've got reason to stand taller now.
rebirth_hugh_hugh_farewell_001,Check that loadout once more before leaving.
rebirth_hugh_hugh_farewell_002,Stay alert. Prepared doesn't mean invincible.
rebirth_hugh_hugh_farewell_003,Keep your weapon ready and your head clearer.
rebirth_hugh_hugh_farewell_004,"Move smart, survivor. Come back with experience."
rebirth_hugh_hugh_farewell_005,Don't waste ammunition proving a point to yourself.
rebirth_hugh_hugh_farewell_006,Watch the approach. Trouble doesn't announce itself politely.
rebirth_hugh_hugh_farewell_007,Get out there and handle your business.
rebirth_hugh_hugh_farewell_008,I'll expect you standing at this counter again.
rebirth_hugh_hugh_closing_warning_001,Shop closes soon. Finish your equipment check.
rebirth_hugh_hugh_closing_warning_002,Final resupply call. The counter's shutting shortly.
rebirth_hugh_hugh_closing_final_001,We're closed. Take the loadout discussion outside.
rebirth_hugh_hugh_closing_final_002,"Trading's over for now. Move along, survivor."
rebirth_hugh_jen_greeting_001,Good to see you back. Let's make sure you've got what you need to come home safely.
rebirth_hugh_jen_greeting_002,"Hey, you. Let's get you equipped to come home."
rebirth_hugh_jen_greeting_003,I'm glad you came in before running short.
rebirth_hugh_jen_greeting_004,That pack looks light. Missing something important?
rebirth_hugh_jen_greeting_005,"Come browse, hon. We'll find what you need."
rebirth_hugh_jen_greeting_006,You look worn out. Trouble with your equipment?
rebirth_hugh_jen_greeting_007,Let me help you make a sensible choice.
rebirth_hugh_jen_greeting_008,Nice to see you standing on your own feet.
rebirth_hugh_jen_greeting_009,Nobody needs to face the road underprepared.
rebirth_hugh_jen_greeting_010,What would help you feel a little safer?
rebirth_hugh_jen_greeting_011,You've made it this far. Let's protect that effort.
rebirth_hugh_jen_greeting_012,Tell me how that firearm's been treating you.
rebirth_hugh_jen_greeting_013,Come inside. Asking about gear isn't a weakness.
rebirth_hugh_jen_greeting_014,I hope you're shopping before the next emergency.
rebirth_hugh_jen_greeting_015,There's a familiar-looking survivor I can help.
rebirth_hugh_jen_return_001,You're back. That's the part I like best.
rebirth_hugh_jen_return_002,"How did your new gear hold up, sweetheart?"
rebirth_hugh_jen_return_003,I hoped those supplies would get you home.
rebirth_hugh_jen_return_004,Good to see you again. Need more ammunition?
rebirth_hugh_jen_return_005,"You've had a rough trip, haven't you?"
rebirth_hugh_jen_return_006,Welcome back. We can sort out those shortages.
rebirth_hugh_jen_return_007,You kept yourself safe enough to return. Lovely.
rebirth_hugh_jen_return_008,Was everything comfortable to use out there?
rebirth_hugh_jen_return_009,Another visit means another chance to help.
rebirth_hugh_jen_return_010,I'm pleased you remembered where to resupply.
rebirth_hugh_jen_browse_001,Look carefully. You should feel comfortable using it.
rebirth_hugh_jen_browse_002,Ask anything. I'd rather explain than see you struggle.
rebirth_hugh_jen_browse_003,Choose what suits your hands and your needs.
rebirth_hugh_jen_browse_004,Don't buy something just because it looks impressive.
rebirth_hugh_jen_browse_005,Think about what you can safely carry.
rebirth_hugh_jen_browse_006,A little preparation can spare a lot of worry.
rebirth_hugh_jen_browse_007,Take the time you need to compare the options.
rebirth_hugh_jen_browse_008,You'll want supplies left for the journey back.
rebirth_hugh_jen_purchase_001,Here you are. I hope it serves you well.
rebirth_hugh_jen_purchase_002,"All yours, hon. Please handle it carefully."
rebirth_hugh_jen_purchase_003,That should help you prepare for the road.
rebirth_hugh_jen_purchase_004,Thank you. I like seeing customers properly equipped.
rebirth_hugh_jen_purchase_005,Take your gear. Keep yourself safe with it.
rebirth_hugh_jen_purchase_006,There's your ammunition. Don't let confidence turn careless.
rebirth_hugh_jen_purchase_007,You've made a thoughtful purchase. Good for you.
rebirth_hugh_jen_purchase_008,I'm happy to help. May you need fewer shots.
rebirth_hugh_jen_sale_001,Thank you for bringing useful gear my way.
rebirth_hugh_jen_sale_002,"Here's your payment, sweetheart. All squared away."
rebirth_hugh_jen_sale_003,I can buy that. Keep what you still need.
rebirth_hugh_jen_sale_004,You've made room in the pack and earned dukes.
rebirth_hugh_jen_sale_005,That's settled. I appreciate a straightforward trade.
rebirth_hugh_jen_sale_006,Useful stock deserves a proper payment.
rebirth_hugh_jen_sale_007,There you go. I hope the money helps.
rebirth_hugh_jen_sale_008,Happy to take it off your hands today.
rebirth_hugh_jen_job_offer_001,"There's work if you want it, sweetheart. Get yourself ready first. I'd rather you came back smiling."
rebirth_hugh_jen_job_offer_002,"Would this assignment suit you, hon?"
rebirth_hugh_jen_job_offer_003,"I need help, and you seem capable of it."
rebirth_hugh_jen_job_offer_004,Please read the task before agreeing to anything.
rebirth_hugh_jen_job_offer_005,There's work available if you're feeling ready.
rebirth_hugh_jen_job_offer_006,A reward might help you replace those supplies.
rebirth_hugh_jen_job_offer_007,Could you handle this without pushing yourself too far?
rebirth_hugh_jen_job_offer_008,Take a look. I'd be grateful for the help.
rebirth_hugh_jen_job_offer_009,Get your equipment sorted before taking this on.
rebirth_hugh_jen_job_offer_010,You've got good sense. I'd like it on this job.
rebirth_hugh_jen_job_accept_001,Thank you. Check your supplies before heading out.
rebirth_hugh_jen_job_accept_002,I'll look forward to seeing you safely afterward.
rebirth_hugh_jen_job_accept_003,Go carefully. You don't have to impress the dead.
rebirth_hugh_jen_job_accept_004,That's kind of you. Keep your attention on safety.
rebirth_hugh_jen_job_accept_005,"I appreciate it, hon. Bring yourself back with the results."
rebirth_hugh_jen_job_accept_006,You've taken the job. Please take preparation seriously too.
rebirth_hugh_jen_job_accept_007,Good luck. I'll be here when you finish.
rebirth_hugh_jen_job_decline_001,That's okay. A reluctant yes helps nobody.
rebirth_hugh_jen_job_decline_002,I'd rather you were honest about being ready.
rebirth_hugh_jen_job_decline_003,"No worries, sweetheart. There'll be other work."
rebirth_hugh_jen_job_decline_004,Look after yourself first. I can find another hand.
rebirth_hugh_jen_job_incomplete_001,Not finished yet? Do you need to resupply?
rebirth_hugh_jen_job_incomplete_002,You're still working. I haven't forgotten your reward.
rebirth_hugh_jen_job_incomplete_003,"Take care of the remaining task, hon."
rebirth_hugh_jen_job_incomplete_004,A difficult stretch doesn't mean you can't finish.
rebirth_hugh_jen_job_incomplete_005,The pay comes after completion. Keep yourself steady.
rebirth_hugh_jen_job_complete_001,You made it back. Good. Here's your reward. I'd like to see you keep that run of luck going.
rebirth_hugh_jen_job_complete_002,You did well. I'm glad you're safely back.
rebirth_hugh_jen_job_complete_003,"Here's what you earned, with my thanks."
rebirth_hugh_jen_job_complete_004,A finished assignment and no missing survivor. Wonderful.
rebirth_hugh_jen_job_complete_005,"You followed through, sweetheart. Take your reward."
rebirth_hugh_jen_job_complete_006,That was helpful. I appreciate the care you took.
rebirth_hugh_jen_job_complete_007,You've earned a breather before the next venture.
rebirth_hugh_jen_job_complete_008,Here you go. Keep a little for fresh supplies.
rebirth_hugh_jen_job_complete_009,Good work. Was your equipment all right throughout?
rebirth_hugh_jen_job_complete_010,You made it happen. Don't shrug off that achievement.
rebirth_hugh_jen_job_complete_011,I'm relieved to settle this with you in person.
rebirth_hugh_jen_job_complete_012,You kept your promise. Thank you for that.
rebirth_hugh_jen_job_complete_013,"Take the pay, hon. You deserve the recognition."
rebirth_hugh_jen_farewell_001,"Stay careful with that new gear, sweetheart."
rebirth_hugh_jen_farewell_002,Keep your supplies handy and your wits closer.
rebirth_hugh_jen_farewell_003,I'd like another visit with you in one piece.
rebirth_hugh_jen_farewell_004,Go safely. I'll be here when you need ammunition.
rebirth_hugh_jen_farewell_005,Don't take risks just because you're well armed.
rebirth_hugh_jen_farewell_006,Look after yourself as well as your equipment.
rebirth_hugh_jen_farewell_007,"See you soon, I hope. Preferably without an emergency."
rebirth_hugh_jen_farewell_008,May the road give you fewer reasons to fire.
rebirth_hugh_jen_closing_warning_001,I'll be closing soon. Need any final gear?
rebirth_hugh_jen_closing_warning_002,"We're nearly done, hon. Finish choosing your supplies."
rebirth_hugh_jen_closing_final_001,Closing time now. Take care until I reopen.
rebirth_hugh_jen_closing_final_002,"The counter's closed, sweetheart. We'll continue another day."
rebirth_hugh_joel_greeting_001,"A survivor with your experience deserves a better firearm. Come take a look, my friend."
rebirth_hugh_joel_greeting_002,Welcome. Confidence looks better backed by good equipment.
rebirth_hugh_joel_greeting_003,A capable survivor deserves a well-considered loadout.
rebirth_hugh_joel_greeting_004,"My friend, shall we turn dukes into preparedness?"
rebirth_hugh_joel_greeting_005,You look like somebody who values a useful firearm.
rebirth_hugh_joel_greeting_006,Step in. An ammunition budget is money well considered.
rebirth_hugh_joel_greeting_007,I'd hate to see talent held back by poor gear.
rebirth_hugh_joel_greeting_008,A fine day to reconsider what's in your pack.
rebirth_hugh_joel_greeting_009,Come browse. Your next encounter deserves some forethought.
rebirth_hugh_joel_greeting_010,Experience teaches people where to spend their dukes.
rebirth_hugh_joel_greeting_011,Good equipment complements good judgment remarkably well.
rebirth_hugh_joel_greeting_012,You brought yourself here. Let's improve your options.
rebirth_hugh_joel_greeting_013,"Welcome, discerning buyer. Planning a demanding trip?"
rebirth_hugh_joel_greeting_014,There's a look of ambition in those shopping eyes.
rebirth_hugh_joel_greeting_015,My selection might do your preparedness some favors.
rebirth_hugh_joel_return_001,Back for ammunition? The mark of an active customer.
rebirth_hugh_joel_return_002,I trust that equipment justified your previous purchase.
rebirth_hugh_joel_return_003,Another visit from a survivor with practical taste.
rebirth_hugh_joel_return_004,Welcome back. Shall we replenish your peace of mind?
rebirth_hugh_joel_return_005,You've used your investment. Time to consider the next.
rebirth_hugh_joel_return_006,"My friend, your continued custom is most encouraging."
rebirth_hugh_joel_return_007,Still standing behind that choice? Excellent.
rebirth_hugh_joel_return_008,You know where to bring a serious gear budget.
rebirth_hugh_joel_return_009,Good to see preparation becoming a shopping habit.
rebirth_hugh_joel_return_010,Returning customers understand equipment better every time.
rebirth_hugh_joel_browse_001,Consider what that purchase adds to your capability.
rebirth_hugh_joel_browse_002,The right firearm can be worth the extra thought.
rebirth_hugh_joel_browse_003,Don't overlook the ammunition that makes equipment useful.
rebirth_hugh_joel_browse_004,"Your judgment deserves options, my friend."
rebirth_hugh_joel_browse_005,A good fit matters more than a grand appearance.
rebirth_hugh_joel_browse_006,Think of the trip you're equipping yourself for.
rebirth_hugh_joel_browse_007,A spare supply can be a very sensible expense.
rebirth_hugh_joel_browse_008,Inspect carefully. I'd like you satisfied with the choice.
rebirth_hugh_joel_purchase_001,An excellent addition to a capable survivor's pack.
rebirth_hugh_joel_purchase_002,Thank you. You've invested in some useful options.
rebirth_hugh_joel_purchase_003,"Your equipment, my friend. May it justify your taste."
rebirth_hugh_joel_purchase_004,Purchased and settled. Always satisfying to see.
rebirth_hugh_joel_purchase_005,That gear now has a place in your preparation.
rebirth_hugh_joel_purchase_006,Good choice. Ammunition has wonderfully practical applications.
rebirth_hugh_joel_purchase_007,May this purchase help you return for the next.
rebirth_hugh_joel_purchase_008,A pleasure supplying somebody who thinks ahead.
rebirth_hugh_joel_sale_001,I'll find that equipment another appreciative owner.
rebirth_hugh_joel_sale_002,A sensible exchange. Your dukes are ready.
rebirth_hugh_joel_sale_003,Useful gear changes hands. Everyone has an opportunity.
rebirth_hugh_joel_sale_004,You've brought something the counter can work with.
rebirth_hugh_joel_sale_005,Payment complete. Consider what you'll reinvest it in.
rebirth_hugh_joel_sale_006,I appreciate the supply. Customers need options.
rebirth_hugh_joel_sale_007,"Sold, my friend. A productive visit already."
rebirth_hugh_joel_sale_008,Your surplus will become somebody else's preparation.
rebirth_hugh_joel_job_offer_001,A capable survivor like you could make good use of this job. Think what the reward could put in your pack.
rebirth_hugh_joel_job_offer_002,A little work could finance your next equipment choice.
rebirth_hugh_joel_job_offer_003,I have an assignment with a worthwhile reward.
rebirth_hugh_joel_job_offer_004,Consider how useful those dukes would be here.
rebirth_hugh_joel_job_offer_005,"My friend, capable people shouldn't ignore earning opportunities."
rebirth_hugh_joel_job_offer_006,Read the task. See if the investment suits you.
rebirth_hugh_joel_job_offer_007,There's commission available for somebody who delivers.
rebirth_hugh_joel_job_offer_008,Turn your equipment into an asset that earns.
rebirth_hugh_joel_job_offer_009,This job could make resupplying a happier conversation.
rebirth_hugh_joel_job_offer_010,You have the potential. Here's somewhere to use it.
rebirth_hugh_joel_job_accept_001,Excellent. I look forward to a successful return.
rebirth_hugh_joel_job_accept_002,Good initiative. Go make the assignment worthwhile.
rebirth_hugh_joel_job_accept_003,You've committed wisely. Prepare to protect that decision.
rebirth_hugh_joel_job_accept_004,May your equipment support a profitable result.
rebirth_hugh_joel_job_accept_005,A finished task should improve your buying options.
rebirth_hugh_joel_job_accept_006,That's promising. I'll await the completed work.
rebirth_hugh_joel_job_accept_007,You've taken the opportunity. Now put it to use.
rebirth_hugh_joel_job_decline_001,A shame. That reward might have suited your budget.
rebirth_hugh_joel_job_decline_002,Very well. I'll offer the commission to another survivor.
rebirth_hugh_joel_job_decline_003,Perhaps you'll reconsider on your next gear visit.
rebirth_hugh_joel_job_decline_004,"Your decision, my friend. Opportunity requires participation."
rebirth_hugh_joel_job_incomplete_001,We haven't reached the commission-paying stage yet.
rebirth_hugh_joel_job_incomplete_002,A finished assignment is the necessary final investment.
rebirth_hugh_joel_job_incomplete_003,I'm awaiting results before releasing the reward.
rebirth_hugh_joel_job_incomplete_004,The earning opportunity still requires your attention.
rebirth_hugh_joel_job_incomplete_005,Keep at it. This hasn't become profit just yet.
rebirth_hugh_joel_job_complete_001,"A job well done deserves its reward. Here you are, my friend. You'll find plenty of ways to put it to use."
rebirth_hugh_joel_job_complete_002,Excellent performance. The reward is yours.
rebirth_hugh_joel_job_complete_003,A successful assignment improves any equipment budget.
rebirth_hugh_joel_job_complete_004,"My friend, that's the value of following through."
rebirth_hugh_joel_job_complete_005,Your work deserves payment. Here it is.
rebirth_hugh_joel_job_complete_006,You've turned preparation into measurable returns.
rebirth_hugh_joel_job_complete_007,I appreciate a survivor who delivers on the promise.
rebirth_hugh_joel_job_complete_008,Take the commission. Spend it with good judgment.
rebirth_hugh_joel_job_complete_009,The task is settled. Your reward follows promptly.
rebirth_hugh_joel_job_complete_010,Reliable work makes these arrangements a pleasure.
rebirth_hugh_joel_job_complete_011,You've earned room for another useful purchase.
rebirth_hugh_joel_job_complete_012,Well handled. That equipment had a worthwhile outing.
rebirth_hugh_joel_job_complete_013,"A good result for both of us, I'd say."
rebirth_hugh_joel_farewell_001,May your purchases keep you an active customer.
rebirth_hugh_joel_farewell_002,"Travel wisely, my friend. Equipment deserves a careful owner."
rebirth_hugh_joel_farewell_003,Come back when the next loadout improvement calls.
rebirth_hugh_joel_farewell_004,Enjoy your new options. Use them thoughtfully.
rebirth_hugh_joel_farewell_005,I'll welcome your future ammunition business.
rebirth_hugh_joel_farewell_006,Good luck out there. Preparation rewards the attentive.
rebirth_hugh_joel_farewell_007,Take care of yourself and that investment.
rebirth_hugh_joel_farewell_008,Until next time. Keep a resupply budget handy.
rebirth_hugh_joel_closing_warning_001,Final equipment purchases. I'll be closing the counter soon.
rebirth_hugh_joel_closing_warning_002,Last chance to stock up before trading ends.
rebirth_hugh_joel_closing_final_001,"The gun counter is closed now, my friend."
rebirth_hugh_joel_closing_final_002,Business has ended. Return when I can serve you again.
rebirth_hugh_bob_greeting_001,"Well, howdy. Let's find you something that hits harder than a mule with a grudge."
rebirth_hugh_bob_greeting_002,Howdy. Let's find you something dependable to carry.
rebirth_hugh_bob_greeting_003,"Come in, partner. Those empty magazines won't fill themselves."
rebirth_hugh_bob_greeting_004,Reckon you're shopping before the trouble this time.
rebirth_hugh_bob_greeting_005,Your pack sounds like a bucket of loose bolts.
rebirth_hugh_bob_greeting_006,Have a gander. There's gear worth discussing here.
rebirth_hugh_bob_greeting_007,"Well now, that firearm seen better afternoons?"
rebirth_hugh_bob_greeting_008,Step up. We can talk rounds without yelling.
rebirth_hugh_bob_greeting_009,You look ready to tackle something unpleasant.
rebirth_hugh_bob_greeting_010,A sensible loadout beats a pocket full of wishes.
rebirth_hugh_bob_greeting_011,"What's giving you trouble, traveler? The gear or the road?"
rebirth_hugh_bob_greeting_012,Come on over. No use squinting from the doorway.
rebirth_hugh_bob_greeting_013,You carrying enough ammunition for that big plan?
rebirth_hugh_bob_greeting_014,Reckon a few supplies could straighten out your day.
rebirth_hugh_bob_greeting_015,Let's get you equipped without emptying your whole head.
rebirth_hugh_bob_return_001,You got back. That's worth a friendly howdy.
rebirth_hugh_bob_return_002,Burn through those rounds quicker than expected?
rebirth_hugh_bob_return_003,"How'd the gear take to the field, partner?"
rebirth_hugh_bob_return_004,There's a face I hoped would reappear.
rebirth_hugh_bob_return_005,Still got that firearm working for you?
rebirth_hugh_bob_return_006,Back to replenish. Reckon that's good sense.
rebirth_hugh_bob_return_007,Another trip under your belt. What needs restocking?
rebirth_hugh_bob_return_008,Looks like your loadout earned its keep.
rebirth_hugh_bob_return_009,Don't wait till the last round gets lonely.
rebirth_hugh_bob_return_010,Welcome again. Park those worries at the counter.
rebirth_hugh_bob_browse_001,Have a look before you hitch your wallet to it.
rebirth_hugh_bob_browse_002,"Find what works, not just what looks fierce."
rebirth_hugh_bob_browse_003,Ammunition needs to fit. Hope isn't a measurement.
rebirth_hugh_bob_browse_004,"Pick a load you can actually lug, partner."
rebirth_hugh_bob_browse_005,A plain dependable tool can outwork a fancy disappointment.
rebirth_hugh_bob_browse_006,Don't forget supplies while admiring the hardware.
rebirth_hugh_bob_browse_007,Reckon you've got questions. Might as well ask.
rebirth_hugh_bob_browse_008,That firearm deserves more thought than a hat purchase.
rebirth_hugh_bob_purchase_001,There you go. A little better equipped now.
rebirth_hugh_bob_purchase_002,You've got your gear. Treat it with some care.
rebirth_hugh_bob_purchase_003,"Much obliged, partner. May it work when needed."
rebirth_hugh_bob_purchase_004,Rounds are yours. Don't scatter them for entertainment.
rebirth_hugh_bob_purchase_005,A good purchase ought to earn its carrying weight.
rebirth_hugh_bob_purchase_006,That's settled. Tuck it away before heading out.
rebirth_hugh_bob_purchase_007,"You're stocked up. Less wishing, more preparation."
rebirth_hugh_bob_purchase_008,Take it along and mind your trigger manners.
rebirth_hugh_bob_sale_001,Reckon I can move that gear along.
rebirth_hugh_bob_sale_002,"That's useful stock. Here's your money, partner."
rebirth_hugh_bob_sale_003,You've brought a decent haul to the counter.
rebirth_hugh_bob_sale_004,Sold. No need to keep telling its adventures.
rebirth_hugh_bob_sale_005,Payment's counted. A fair bit of trading.
rebirth_hugh_bob_sale_006,Somebody'll put that to work again.
rebirth_hugh_bob_sale_007,"I'll take it, provided you can spare it."
rebirth_hugh_bob_sale_008,Much obliged. You've helped fill an empty spot.
rebirth_hugh_bob_job_offer_001,"Got a job that'll keep you busy, partner. Have a gander before you go biting off more than you can chew."
rebirth_hugh_bob_job_offer_002,Got a task that'll put your gear to use.
rebirth_hugh_bob_job_offer_003,"Have a gander, partner. Could be worth your while."
rebirth_hugh_bob_job_offer_004,Work's waiting for somebody with a steady head.
rebirth_hugh_bob_job_offer_005,You look willing enough to handle this assignment.
rebirth_hugh_bob_job_offer_006,Here's a chance to turn effort into ammunition money.
rebirth_hugh_bob_job_offer_007,Read it first. Don't hitch up blind.
rebirth_hugh_bob_job_offer_008,Reckon this needs doing more than it needs discussing.
rebirth_hugh_bob_job_offer_009,A capable hand could get this squared away.
rebirth_hugh_bob_job_offer_010,Interested in earning a little jingle for that loadout?
rebirth_hugh_bob_job_accept_001,Good on you. Count your rounds before leaving.
rebirth_hugh_bob_job_accept_002,You've taken it on. Keep yourself out of foolish trouble.
rebirth_hugh_bob_job_accept_003,Much appreciated. I'll watch for your return.
rebirth_hugh_bob_job_accept_004,Don't chase the reward harder than your sense allows.
rebirth_hugh_bob_job_accept_005,"Get it handled, partner. Come back walking."
rebirth_hugh_bob_job_accept_006,Pack carefully and give it a proper go.
rebirth_hugh_bob_job_accept_007,That's settled. Now the doing part starts.
rebirth_hugh_bob_job_decline_001,No use harnessing somebody who won't pull.
rebirth_hugh_bob_job_decline_002,Fair enough. Keep your powder for another day.
rebirth_hugh_bob_job_decline_003,Reckon I'll find a willing hand elsewhere.
rebirth_hugh_bob_job_decline_004,You can pass. Just don't complain about missing the pay.
rebirth_hugh_bob_job_incomplete_001,There's still some road left on that task.
rebirth_hugh_bob_job_incomplete_002,You ain't brought me the finished result yet.
rebirth_hugh_bob_job_incomplete_003,"Resupply if needed, then get it squared away."
rebirth_hugh_bob_job_incomplete_004,"We're not at the reward-counting part, partner."
rebirth_hugh_bob_job_incomplete_005,Keep your head and finish what you started.
rebirth_hugh_bob_job_complete_001,"Well, you brought that one home, partner. Here's your pay. No need to stand there looking modest."
rebirth_hugh_bob_job_complete_002,"Well, that's a task handled with some gumption."
rebirth_hugh_bob_job_complete_003,Here's your pay. Equipment and effort both earned it.
rebirth_hugh_bob_job_complete_004,"Good job, partner. You gave me results to count."
rebirth_hugh_bob_job_complete_005,You finished it without turning into a cautionary tale.
rebirth_hugh_bob_job_complete_006,Much obliged. That's dependable work right there.
rebirth_hugh_bob_job_complete_007,Take the reward and catch your breath.
rebirth_hugh_bob_job_complete_008,Reckon you can be proud of that outing.
rebirth_hugh_bob_job_complete_009,You carried the assignment clear through. Appreciated.
rebirth_hugh_bob_job_complete_010,That's earned money. Put it toward something useful.
rebirth_hugh_bob_job_complete_011,Good work beats a bucketful of bragging.
rebirth_hugh_bob_job_complete_012,You're back with the goods. Can't fault that.
rebirth_hugh_bob_job_complete_013,A steady hand deserves a settled account.
rebirth_hugh_bob_farewell_001,Keep the muzzle sensible and the ammunition handy.
rebirth_hugh_bob_farewell_002,Happy trails. Hope that gear treats you right.
rebirth_hugh_bob_farewell_003,Don't let bravado steer where judgment should.
rebirth_hugh_bob_farewell_004,Come back before you're down to rattling empty brass.
rebirth_hugh_bob_farewell_005,"Mind yourself, partner. I'd like another trading visit."
rebirth_hugh_bob_farewell_006,"Give the equipment care, and yourself some too."
rebirth_hugh_bob_farewell_007,"Travel easy when you can, ready when you can't."
rebirth_hugh_bob_farewell_008,See you again after a decent stretch of luck.
rebirth_hugh_bob_closing_warning_001,"Closing soon, partner. Finish stocking that loadout."
rebirth_hugh_bob_closing_warning_002,Last look at the gear before I shut up shop.
rebirth_hugh_bob_closing_final_001,That's trading finished. Time to head along.
rebirth_hugh_bob_closing_final_002,Counter's closed now. Bring your questions after reopening.
rebirth_hugh_poppy_greeting_001,"You look underarmed. Lucky for you, pointing that out is the part I do for free."
rebirth_hugh_poppy_greeting_002,Your firearm looks more confident than you do.
rebirth_hugh_poppy_greeting_003,Come in. Shopping beats pretending that pack is full.
rebirth_hugh_poppy_greeting_004,"You've got ammunition, or just optimistic trigger habits?"
rebirth_hugh_poppy_greeting_005,That loadout has opinions. Most are concerning.
rebirth_hugh_poppy_greeting_006,Welcome. Try looking at the equipment before boasting.
rebirth_hugh_poppy_greeting_007,You seem underprepared. I do love an easy assessment.
rebirth_hugh_poppy_greeting_008,Let's turn your intimidation budget into useful gear.
rebirth_hugh_poppy_greeting_009,Firearms here. Personal competence remains your contribution.
rebirth_hugh_poppy_greeting_010,You brought a weapon. How novel. Can you use it?
rebirth_hugh_poppy_greeting_011,"I'd ask your plan, but the empty magazine explains plenty."
rebirth_hugh_poppy_greeting_012,Counter's open. Your chances could use the help.
rebirth_hugh_poppy_greeting_013,Looking dangerous is fine. Being prepared travels better.
rebirth_hugh_poppy_greeting_014,You've found the right shop for your shortages.
rebirth_hugh_poppy_greeting_015,Step up. I can't improve your aim by staring.
rebirth_hugh_poppy_return_001,Back for rounds. Your weapon gets out more than I do.
rebirth_hugh_poppy_return_002,You survived. Shall we credit the equipment or luck?
rebirth_hugh_poppy_return_003,Again? Something in your loadout clearly keeps you busy.
rebirth_hugh_poppy_return_004,How'd the firearm behave? Better than its owner?
rebirth_hugh_poppy_return_005,Nice return trip. Any pieces missing this time?
rebirth_hugh_poppy_return_006,You came back before running dry. Suspiciously sensible.
rebirth_hugh_poppy_return_007,"Same customer, new shortage. Reliable little cycle."
rebirth_hugh_poppy_return_008,I see the gear didn't have to find another owner.
rebirth_hugh_poppy_return_009,Still standing. I'll spare you the congratulations parade.
rebirth_hugh_poppy_return_010,There's my repeat investment in remaining alive.
rebirth_hugh_poppy_browse_001,Try choosing by usefulness. The metal won't mind.
rebirth_hugh_poppy_browse_002,That firearm doesn't come with a better personality.
rebirth_hugh_poppy_browse_003,Check the rounds before you marry the weapon.
rebirth_hugh_poppy_browse_004,Find what you can carry without becoming furniture.
rebirth_hugh_poppy_browse_005,The impressive one still needs a competent operator.
rebirth_hugh_poppy_browse_006,No rush. Except all that unnecessary indecision.
rebirth_hugh_poppy_browse_007,"Your pack has room for supplies, not delusions."
rebirth_hugh_poppy_browse_008,Take a proper look. Mistakes aren't fascinating twice.
rebirth_hugh_poppy_purchase_001,Weapon acquired. Skill remains an exciting future project.
rebirth_hugh_poppy_purchase_002,There. Better equipment for your existing decision problem.
rebirth_hugh_poppy_purchase_003,You paid. It can officially become your responsibility.
rebirth_hugh_poppy_purchase_004,Ammunition sorted. Try having a target worth the expense.
rebirth_hugh_poppy_purchase_005,Good choice. I'll resist acting surprised.
rebirth_hugh_poppy_purchase_006,New gear. Same survivor. Let's improve the odds.
rebirth_hugh_poppy_purchase_007,Take it. Aim away from anything you value.
rebirth_hugh_poppy_purchase_008,You're equipped. The excuses just got more expensive.
rebirth_hugh_poppy_sale_001,I'll take that. Somebody else might appreciate it.
rebirth_hugh_poppy_sale_002,Sold. Your pack gets lighter; my shelves get busier.
rebirth_hugh_poppy_sale_003,Here's your money. A useful exit for surplus gear.
rebirth_hugh_poppy_sale_004,That's traded. You can stop polishing its reputation.
rebirth_hugh_poppy_sale_005,Useful hardware. Shame it needed a speech.
rebirth_hugh_poppy_sale_006,Payment done. Look at us managing an ordinary transaction.
rebirth_hugh_poppy_sale_007,You found stock I can move. Nicely inconvenient.
rebirth_hugh_poppy_sale_008,Deal finished. Keep the equipment you'll miss tomorrow.
rebirth_hugh_poppy_job_offer_001,You brought all that firepower. Here's a chance to convince me it's more than a fashion choice.
rebirth_hugh_poppy_job_offer_002,You've got all that gear. Here's somewhere to justify it.
rebirth_hugh_poppy_job_offer_003,A job with pay. More productive than intimidating cans.
rebirth_hugh_poppy_job_offer_004,Read this before volunteering your entire ego.
rebirth_hugh_poppy_job_offer_005,Got work for someone who can aim their effort.
rebirth_hugh_poppy_job_offer_006,Interested in a reward earned outside the shop?
rebirth_hugh_poppy_job_offer_007,Here's a task that might improve your ammunition budget.
rebirth_hugh_poppy_job_offer_008,You look capable. Let's find out how much of that is clothing.
rebirth_hugh_poppy_job_offer_009,This needs finishing. Dramatic preparation doesn't qualify.
rebirth_hugh_poppy_job_offer_010,An assignment. Try treating it as more than publicity.
rebirth_hugh_poppy_job_accept_001,Good. Your gear finally gets a meaningful outing.
rebirth_hugh_poppy_job_accept_002,Go handle it. Keep the heroic narration internal.
rebirth_hugh_poppy_job_accept_003,Accepted. Let's see competence arrive behind the confidence.
rebirth_hugh_poppy_job_accept_004,Check your rounds. Optimism is the wrong caliber.
rebirth_hugh_poppy_job_accept_005,You've committed. Remember that after the easy part.
rebirth_hugh_poppy_job_accept_006,Get it done and remain recognizably yourself.
rebirth_hugh_poppy_job_accept_007,A sensible plan would be a refreshing accessory.
rebirth_hugh_poppy_job_decline_001,No? So the firearm really is decorative.
rebirth_hugh_poppy_job_decline_002,All right. I'll seek enthusiasm with follow-through.
rebirth_hugh_poppy_job_decline_003,Declined. Your loadout must be relieved.
rebirth_hugh_poppy_job_decline_004,Suit yourself. Bravado apparently doesn't cover assignments.
rebirth_hugh_poppy_job_incomplete_001,The task's unfinished. Equipment can't cover for that.
rebirth_hugh_poppy_job_incomplete_002,You've returned with enthusiasm instead of results.
rebirth_hugh_poppy_job_incomplete_003,Still waiting. This is becoming your consistent talent.
rebirth_hugh_poppy_job_incomplete_004,Finish the work. Then we discuss the rewarding bit.
rebirth_hugh_poppy_job_incomplete_005,Not done yet. Your gear can stop posing here.
rebirth_hugh_poppy_job_complete_001,You got it done. Turns out the equipment came with somebody who can use it. Here's your pay.
rebirth_hugh_poppy_job_complete_002,You finished. I stand pleasantly corrected.
rebirth_hugh_poppy_job_complete_003,Here's the pay. Your loadout finally earned the boasting.
rebirth_hugh_poppy_job_complete_004,Competence happened. I knew there was a possibility.
rebirth_hugh_poppy_job_complete_005,Results delivered. That firearm found a useful passenger.
rebirth_hugh_poppy_job_complete_006,Good work. Don't ruin it with an acceptance speech.
rebirth_hugh_poppy_job_complete_007,You've earned the reward and a smaller amount of skepticism.
rebirth_hugh_poppy_job_complete_008,Finished properly. My favorite surprising customer behavior.
rebirth_hugh_poppy_job_complete_009,Take the money. Try preserving that useful streak.
rebirth_hugh_poppy_job_complete_010,You made the trip count. That's worth paying for.
rebirth_hugh_poppy_job_complete_011,Task settled. Your confidence now has paperwork.
rebirth_hugh_poppy_job_complete_012,Reliable after all. An inconveniently nice discovery.
rebirth_hugh_poppy_job_complete_013,Here's your reward. Spend it more wisely than your ammunition.
rebirth_hugh_poppy_farewell_001,Keep yourself intact. Gear needs somebody to carry it.
rebirth_hugh_poppy_farewell_002,Go be useful somewhere my ceiling isn't involved.
rebirth_hugh_poppy_farewell_003,See you after your next believable success.
rebirth_hugh_poppy_farewell_004,Take your equipment and your inspiring self-assessment.
rebirth_hugh_poppy_farewell_005,Try survival. It suits repeat customers.
rebirth_hugh_poppy_farewell_006,Check your ammunition before checking your reflection.
rebirth_hugh_poppy_farewell_007,Come back upright. It's simpler for both of us.
rebirth_hugh_poppy_farewell_008,Good luck. Give your preparation a chance first.
rebirth_hugh_poppy_closing_warning_001,Closing soon. Your last gear decision needs a deadline.
rebirth_hugh_poppy_closing_warning_002,Finish choosing. Even my patience has business hours.
rebirth_hugh_poppy_closing_final_001,Shop's closed. Continue the tactical staring outdoors.
rebirth_hugh_poppy_closing_final_002,We're done trading. Your firearm can escort you out.
rebirth_jen_rekt_greeting_001,"Holy shit, you look awful. Get over here before you bleed all over my goddamn floor."
rebirth_jen_rekt_greeting_002,What the hell did you do to yourself now?
rebirth_jen_rekt_greeting_003,"Don't bleed on the stock, you careless bastard."
rebirth_jen_rekt_greeting_004,You look like a bad fucking diagnosis.
rebirth_jen_rekt_greeting_005,Come in before you collapse where customers walk.
rebirth_jen_rekt_greeting_006,"Got dukes, or another stupid injury story?"
rebirth_jen_rekt_greeting_007,Your survival habits are a goddamn job-creation scheme.
rebirth_jen_rekt_greeting_008,Let me guess. You thought that bite was nothing.
rebirth_jen_rekt_greeting_009,Keep your filthy hands off the medical supplies.
rebirth_jen_rekt_greeting_010,That's a face only an infection could improve.
rebirth_jen_rekt_greeting_011,Step up. I can't assess stupidity from across the room.
rebirth_jen_rekt_greeting_012,You smell like the treatment you forgot to buy.
rebirth_jen_rekt_greeting_013,"Who told you bleeding builds character, asshole?"
rebirth_jen_rekt_greeting_014,Buy supplies before your next brilliant fucking accident.
rebirth_jen_rekt_greeting_015,You're upright. Let's not overstate the achievement.
rebirth_jen_rekt_return_001,Back again. Did you ignore everything I said?
rebirth_jen_rekt_return_002,Your bandages lasted longer than your common sense.
rebirth_jen_rekt_return_003,"Well, my favorite walking fucking complication."
rebirth_jen_rekt_return_004,Another visit? Your skin needs better management.
rebirth_jen_rekt_return_005,I knew that confidence would bring you back here.
rebirth_jen_rekt_return_006,Still breathing. Try doing it without more paperwork.
rebirth_jen_rekt_return_007,"What'd you reopen this time, dumbass?"
rebirth_jen_rekt_return_008,You finished the supplies and kept the bad habits.
rebirth_jen_rekt_return_009,Back before infection got interesting? About fucking time.
rebirth_jen_rekt_return_010,Same patient-shaped problem. New excuses?
rebirth_jen_rekt_browse_001,"Read the label. Yes, all the words."
rebirth_jen_rekt_browse_002,Don't pick treatment by how pretty the wrapper is.
rebirth_jen_rekt_browse_003,"You're staring at bandages, not a fucking oracle."
rebirth_jen_rekt_browse_004,Choose what you need before you leak again.
rebirth_jen_rekt_browse_005,Stop poking the supplies like they'll diagnose you.
rebirth_jen_rekt_browse_006,Medical shopping isn't where guessing becomes clever.
rebirth_jen_rekt_browse_007,Think beyond the last stupid thing you did.
rebirth_jen_rekt_browse_008,Quit touching your wound and touching my stock.
rebirth_jen_rekt_purchase_001,There's your treatment. Actually use it this time.
rebirth_jen_rekt_purchase_002,You paid. Now follow the damn directions.
rebirth_jen_rekt_purchase_003,Take the supplies. Give your body half a chance.
rebirth_jen_rekt_purchase_004,Good. A purchase that might offset your stupidity.
rebirth_jen_rekt_purchase_005,That's yours. Don't substitute bragging for treatment.
rebirth_jen_rekt_purchase_006,"Go on, keep the blood inside for once."
rebirth_jen_rekt_purchase_007,Supplies acquired. Common sense still out of stock.
rebirth_jen_rekt_purchase_008,You bought help. Don't fucking argue with the label.
rebirth_jen_rekt_sale_001,I'll buy that. Keep your blood off the payment.
rebirth_jen_rekt_sale_002,Here's the money. Go wash whatever touched this.
rebirth_jen_rekt_sale_003,Useful stock. Better contribution than your last story.
rebirth_jen_rekt_sale_004,Sold. Spare me the dramatic recovery of it.
rebirth_jen_rekt_sale_005,That's a trade I can tolerate. Take the dukes.
rebirth_jen_rekt_sale_006,You've brought something besides a goddamn injury.
rebirth_jen_rekt_sale_007,Deal's settled. Stop hovering like bad test results.
rebirth_jen_rekt_sale_008,Fine. I'll find it a less careless owner.
rebirth_jen_rekt_job_offer_001,Got a job. Try doing it without getting your fucking legs broken. I've got enough of that already.
rebirth_jen_rekt_job_offer_002,Got a task. Try finishing without collecting new holes.
rebirth_jen_rekt_job_offer_003,Want treatment money? Earn it before the next fuckup.
rebirth_jen_rekt_job_offer_004,Here's work for somebody with functioning judgment.
rebirth_jen_rekt_job_offer_005,Read this. Don't improvise another medical fucking emergency.
rebirth_jen_rekt_job_offer_006,"I need results, not more things to bandage."
rebirth_jen_rekt_job_offer_007,Do something useful with that stubborn pulse.
rebirth_jen_rekt_job_offer_008,Take a look. Maybe your luck can earn dukes.
rebirth_jen_rekt_job_offer_009,There's a reward if you stop making excuses.
rebirth_jen_rekt_job_offer_010,Can you handle this without becoming my next headache?
rebirth_jen_rekt_job_accept_001,Good. Check your supplies and move your ass.
rebirth_jen_rekt_job_accept_002,"Come back with results, not exposed fucking bone."
rebirth_jen_rekt_job_accept_003,You took the job. Don't forget basic self-preservation.
rebirth_jen_rekt_job_accept_004,Finish it without making me regret asking.
rebirth_jen_rekt_job_accept_005,"Go prepared, asshole. I'm not admiring recklessness."
rebirth_jen_rekt_job_accept_006,That's settled. Keep your blood where it belongs.
rebirth_jen_rekt_job_accept_007,Try using caution like it's an actual skill.
rebirth_jen_rekt_job_decline_001,Fine. At least you found a limit today.
rebirth_jen_rekt_job_decline_002,Scared of work but not infection? Interesting priorities.
rebirth_jen_rekt_job_decline_003,I'll ask somebody less allergic to responsibility.
rebirth_jen_rekt_job_decline_004,"No job, no reward. Medicine still costs dukes."
rebirth_jen_rekt_job_incomplete_001,Still unfinished. Don't bring me a half-assed report.
rebirth_jen_rekt_job_incomplete_002,You're alive. Lovely. Where are the results?
rebirth_jen_rekt_job_incomplete_003,The job's not done just because you're tired.
rebirth_jen_rekt_job_incomplete_004,Get it finished before you invent another excuse.
rebirth_jen_rekt_job_incomplete_005,No reward for practicing fucking around halfway.
rebirth_jen_rekt_job_complete_001,Here's your pay. You did the job without making more work for me. That's a nice fucking change.
rebirth_jen_rekt_job_complete_002,You did it without adding patients. Miracles happen.
rebirth_jen_rekt_job_complete_003,Here's your reward. Buy something useful for once.
rebirth_jen_rekt_job_complete_004,Good work. Don't look so fucking surprised.
rebirth_jen_rekt_job_complete_005,You earned this. Keep it away from bad decisions.
rebirth_jen_rekt_job_complete_006,Finished and still upright. I'll take that result.
rebirth_jen_rekt_job_complete_007,You helped instead of hemorrhaging. Refreshing change.
rebirth_jen_rekt_job_complete_008,Pay's here. Try not to need it all for bandages.
rebirth_jen_rekt_job_complete_009,"Well, shit. You actually listened to the instructions."
rebirth_jen_rekt_job_complete_010,You delivered. My faith in people twitched briefly.
rebirth_jen_rekt_job_complete_011,"Not bad, asshole. Rest before your luck complains."
rebirth_jen_rekt_job_complete_012,That task's settled. So's my bill to you.
rebirth_jen_rekt_job_complete_013,Take the reward. You were less troublesome today.
rebirth_jen_rekt_farewell_001,Keep the wounds closed and the bullshit minimal.
rebirth_jen_rekt_farewell_002,Don't come back leaking over something fucking preventable.
rebirth_jen_rekt_farewell_003,Read your labels before you trust your ego.
rebirth_jen_rekt_farewell_004,Stay alive. I've invested enough irritation in you.
rebirth_jen_rekt_farewell_005,Go on. Try being careful as an experiment.
rebirth_jen_rekt_farewell_006,Take the supplies. Stop making infection a hobby.
rebirth_jen_rekt_farewell_007,"Watch yourself, dumbass. I'd rather sell than mop."
rebirth_jen_rekt_farewell_008,"Come back breathing, preferably with fewer stupid stories."
rebirth_jen_rekt_closing_warning_001,Last treatment purchases. I'm closing this place soon.
rebirth_jen_rekt_closing_warning_002,Finish choosing your supplies. The door shuts shortly.
rebirth_jen_rekt_closing_final_001,Clinic counter's closed. Take your bullshit outside.
rebirth_jen_rekt_closing_final_002,We're done trading. Get out before I reconsider politeness.
rebirth_jen_hugh_greeting_001,Stand still. Tell me where it hurts. We fix the problem before you get back out there.
rebirth_jen_hugh_greeting_002,Stand still. What supplies are you short of?
rebirth_jen_hugh_greeting_003,Ignoring that injury doesn't make you tough.
rebirth_jen_hugh_greeting_004,Get yourself treated before chasing another fight.
rebirth_jen_hugh_greeting_005,Tell me what happened. Leave out the boasting.
rebirth_jen_hugh_greeting_006,Preparation includes medicine. Remember that.
rebirth_jen_hugh_greeting_007,Come in. We're dealing with the problem properly.
rebirth_jen_hugh_greeting_008,Keep your head clear and your wound cleaner.
rebirth_jen_hugh_greeting_009,"You need supplies, not another impressive excuse."
rebirth_jen_hugh_greeting_010,Pain's information. Don't act proud of overlooking it.
rebirth_jen_hugh_greeting_011,Get to the counter. Let me see what you need.
rebirth_jen_hugh_greeting_012,A survivor who neglects treatment wastes their strength.
rebirth_jen_hugh_greeting_013,You've kept moving. Now take care of the damage.
rebirth_jen_hugh_greeting_014,What are you missing from your medical kit?
rebirth_jen_hugh_greeting_015,Let's get that pack ready for real trouble.
rebirth_jen_hugh_return_001,You're back. Did you follow the treatment directions?
rebirth_jen_hugh_return_002,"Same injury, or a fresh lesson in poor planning?"
rebirth_jen_hugh_return_003,Good. You came before supplies ran completely dry.
rebirth_jen_hugh_return_004,Still functional? Let's keep the kit stocked.
rebirth_jen_hugh_return_005,Report what you used on the last outing.
rebirth_jen_hugh_return_006,You look steadier. Now maintain that improvement.
rebirth_jen_hugh_return_007,Did the medicine hold up to your needs?
rebirth_jen_hugh_return_008,You're learning to resupply before disaster. Good.
rebirth_jen_hugh_return_009,Another trip survived. Check yourself for damage.
rebirth_jen_hugh_return_010,Right. What needs attention this visit?
rebirth_jen_hugh_browse_001,Read the instructions before deciding you're an expert.
rebirth_jen_hugh_browse_002,"Buy for actual needs, not vague confidence."
rebirth_jen_hugh_browse_003,A stocked kit supports a capable survivor.
rebirth_jen_hugh_browse_004,Don't overlook treatment while preparing for combat.
rebirth_jen_hugh_browse_005,Choose what you can use correctly under pressure.
rebirth_jen_hugh_browse_006,Check your supplies before bragging about resilience.
rebirth_jen_hugh_browse_007,Think through recovery as seriously as the attack.
rebirth_jen_hugh_browse_008,Medical gear isn't useful left behind for extra swagger.
rebirth_jen_hugh_purchase_001,Treatment secured. Follow the instructions properly.
rebirth_jen_hugh_purchase_002,Good. Take care of the damage before moving on.
rebirth_jen_hugh_purchase_003,You've got the supplies. Use them with discipline.
rebirth_jen_hugh_purchase_004,There. Preparation finally includes your own body.
rebirth_jen_hugh_purchase_005,"Pack that somewhere accessible, not under everything else."
rebirth_jen_hugh_purchase_006,Paid up. Now make the purchase count.
rebirth_jen_hugh_purchase_007,You bought medicine. Don't undermine it with carelessness.
rebirth_jen_hugh_purchase_008,Supplies ready. Keep your next mistake smaller.
rebirth_jen_hugh_sale_001,I'll take that stock. The payment's ready.
rebirth_jen_hugh_sale_002,Useful supplies. Good work bringing them in.
rebirth_jen_hugh_sale_003,Trade complete. Keep your personal kit adequate.
rebirth_jen_hugh_sale_004,You've got your money. Review what you can spare.
rebirth_jen_hugh_sale_005,That'll go to use. I appreciate practical contributions.
rebirth_jen_hugh_sale_006,Sold. Put those dukes into preparedness.
rebirth_jen_hugh_sale_007,You've provided something worthwhile today.
rebirth_jen_hugh_sale_008,Fair deal. Finish checking your remaining supplies.
rebirth_jen_hugh_job_offer_001,"I need somebody who can finish a task, not tell me how hard it was. Check the job and get prepared."
rebirth_jen_hugh_job_offer_002,Here's a task for someone who stays focused.
rebirth_jen_hugh_job_offer_003,Get medically prepared before you accept this assignment.
rebirth_jen_hugh_job_offer_004,"I need a result, not heroic fucking suffering."
rebirth_jen_hugh_job_offer_005,Read the job. Assess whether you're actually ready.
rebirth_jen_hugh_job_offer_006,You want the reward? Be willing to follow through.
rebirth_jen_hugh_job_offer_007,There's work waiting beyond that confident stance.
rebirth_jen_hugh_job_offer_008,"Take this on with your head, not just your pride."
rebirth_jen_hugh_job_offer_009,I could use a survivor who thinks ahead.
rebirth_jen_hugh_job_offer_010,Show me you can complete more than preparations.
rebirth_jen_hugh_job_accept_001,Check your kit. Then get to work.
rebirth_jen_hugh_job_accept_002,Be decisive without being careless.
rebirth_jen_hugh_job_accept_003,You've accepted. Keep the objective clear.
rebirth_jen_hugh_job_accept_004,Bring results and a body still worth maintaining.
rebirth_jen_hugh_job_accept_005,Prepare properly. I'm expecting a completed task.
rebirth_jen_hugh_job_accept_006,Move with purpose. Come back for the reward.
rebirth_jen_hugh_job_accept_007,Don't trade your health for a flashy story.
rebirth_jen_hugh_job_decline_001,"If you're not ready, admit it plainly."
rebirth_jen_hugh_job_decline_002,Then work on what you're missing.
rebirth_jen_hugh_job_decline_003,Fine. I'll ask somebody prepared to commit.
rebirth_jen_hugh_job_decline_004,Passing is sensible if your condition won't support it.
rebirth_jen_hugh_job_incomplete_001,The assignment remains unfinished. Focus on what remains.
rebirth_jen_hugh_job_incomplete_002,Returning here isn't the same as completing the task.
rebirth_jen_hugh_job_incomplete_003,"Resupply your kit if needed, then handle it."
rebirth_jen_hugh_job_incomplete_004,I need a finished result before paying.
rebirth_jen_hugh_job_incomplete_005,Don't let frustration make the rest of your decisions.
rebirth_jen_hugh_job_complete_001,Task finished. You're still on your feet. Good. Take your reward and stay prepared.
rebirth_jen_hugh_job_complete_002,Good execution. Collect what you earned.
rebirth_jen_hugh_job_complete_003,You delivered the result and survived the trip.
rebirth_jen_hugh_job_complete_004,Reward's ready. Check yourself before the next outing.
rebirth_jen_hugh_job_complete_005,That's disciplined effort. I can rely on that.
rebirth_jen_hugh_job_complete_006,You've finished properly. Keep that standard.
rebirth_jen_hugh_job_complete_007,Take your pay. Recovery belongs in the plan too.
rebirth_jen_hugh_job_complete_008,The assignment's done. Your follow-through mattered.
rebirth_jen_hugh_job_complete_009,You've shown capability instead of merely claiming it.
rebirth_jen_hugh_job_complete_010,Here's the reward. Use some sense spending it.
rebirth_jen_hugh_job_complete_011,A completed task is worth more than tough talk.
rebirth_jen_hugh_job_complete_012,Well handled. Maintain the body that carried you through.
rebirth_jen_hugh_job_complete_013,You've earned a pause. Don't ignore the need for one.
rebirth_jen_hugh_farewell_001,Treat damage early. Don't let pride make it worse.
rebirth_jen_hugh_farewell_002,Stay capable by looking after yourself.
rebirth_jen_hugh_farewell_003,Keep that kit ready and your judgment sharper.
rebirth_jen_hugh_farewell_004,No unnecessary risks. You've got nothing to prove to wounds.
rebirth_jen_hugh_farewell_005,"Move out prepared, return prepared to recover."
rebirth_jen_hugh_farewell_006,Don't wait until you're helpless to seek supplies.
rebirth_jen_hugh_farewell_007,Watch your condition as carefully as your surroundings.
rebirth_jen_hugh_farewell_008,"See you after a sensible, successful trip."
rebirth_jen_hugh_closing_warning_001,Finish your medical purchases. Closing is approaching.
rebirth_jen_hugh_closing_warning_002,Last kit check before I shut the counter.
rebirth_jen_hugh_closing_final_001,Trading is finished. Clear the clinic shop.
rebirth_jen_hugh_closing_final_002,We're closed now. Return after opening for supplies.
rebirth_jen_jen_greeting_001,"Oh, there you are. You look a little worse for wear. Come on, let me help."
rebirth_jen_jen_greeting_002,"Oh, hi. What have you done to yourself today?"
rebirth_jen_jen_greeting_003,"Come in, hon. Let's see what you need."
rebirth_jen_jen_greeting_004,You look like you could use a gentler afternoon.
rebirth_jen_jen_greeting_005,I'm happy to see you walking through that door.
rebirth_jen_jen_greeting_006,"How are you feeling, besides stubborn?"
rebirth_jen_jen_greeting_007,There's a brave face. Is anything hurting behind it?
rebirth_jen_jen_greeting_008,Tell me what's going on. I'm listening.
rebirth_jen_jen_greeting_009,You don't have to wait until it's serious.
rebirth_jen_jen_greeting_010,"Come closer, sweetheart. The supplies won't judge you."
rebirth_jen_jen_greeting_011,Rough trip? Let's get you sorted before the next.
rebirth_jen_jen_greeting_012,Have you been taking care of yourself out there?
rebirth_jen_jen_greeting_013,"Hey, good-looking. Hopefully that's just mud on you."
rebirth_jen_jen_greeting_014,"Need medicine, or a reason to stop worrying?"
rebirth_jen_jen_greeting_015,There's room at the counter for you.
rebirth_jen_jen_return_001,I wondered when I'd see that smile again.
rebirth_jen_jen_return_002,You're back. How's everything healing up?
rebirth_jen_jen_return_003,Good to see you. Did the supplies help?
rebirth_jen_jen_return_004,Please tell me this is a routine shopping visit.
rebirth_jen_jen_return_005,"There you are, sugar. How have you been?"
rebirth_jen_jen_return_006,I missed our little conversations. Not the bloodstains.
rebirth_jen_jen_return_007,You've been away a while. Everything all right?
rebirth_jen_jen_return_008,You look better than last visit. Keep that going.
rebirth_jen_jen_return_009,Welcome back. Have you run short of anything?
rebirth_jen_jen_return_010,Another safe return. I'll never tire of those.
rebirth_jen_jen_browse_001,Take your time. Your health deserves some thought.
rebirth_jen_jen_browse_002,Ask me if the labels get confusing.
rebirth_jen_jen_browse_003,"Choose for what you need, not what frightens you."
rebirth_jen_jen_browse_004,It's worth keeping a little treatment in reserve.
rebirth_jen_jen_browse_005,No embarrassment necessary. Bodies all do inconvenient things.
rebirth_jen_jen_browse_006,Let's find something appropriate for your situation.
rebirth_jen_jen_browse_007,You don't need to buy half the clinic.
rebirth_jen_jen_browse_008,A sensible kit can make a rough day kinder.
rebirth_jen_jen_purchase_001,"Here you go, hon. I hope you feel better soon."
rebirth_jen_jen_purchase_002,That's yours. Please follow the instructions carefully.
rebirth_jen_jen_purchase_003,You've got your supplies. Look after that lovely pulse.
rebirth_jen_jen_purchase_004,Thank you. I'm glad I could help today.
rebirth_jen_jen_purchase_005,Take this along before you forget what you came for.
rebirth_jen_jen_purchase_006,A thoughtful purchase. Your body might appreciate it.
rebirth_jen_jen_purchase_007,There we are. One less thing to worry about.
rebirth_jen_jen_purchase_008,"Keep it handy, sweetheart. Hopefully you won't need much."
rebirth_jen_jen_sale_001,I can make use of that. Thank you.
rebirth_jen_jen_sale_002,Here's your money. You've helped my shelves today.
rebirth_jen_jen_sale_003,"All settled, hon. I appreciate you bringing it in."
rebirth_jen_jen_sale_004,That should find somebody who needs it.
rebirth_jen_jen_sale_005,A useful bit of trading. Nicely done.
rebirth_jen_jen_sale_006,You've got your payment. Keep enough supplies for yourself.
rebirth_jen_jen_sale_007,Happy to buy this from you.
rebirth_jen_jen_sale_008,"There you go, sweetheart. A fair exchange."
rebirth_jen_jen_job_offer_001,"Could you help me with this one, hon? Have a look. I think you're just the person I need."
rebirth_jen_jen_job_offer_002,Could you spare a little time to help me?
rebirth_jen_jen_job_offer_003,I have a task that needs a reliable person.
rebirth_jen_jen_job_offer_004,You seem capable. Would you read this over?
rebirth_jen_jen_job_offer_005,There's a reward if this feels right for you.
rebirth_jen_jen_job_offer_006,"I'd appreciate help, but don't neglect your condition."
rebirth_jen_jen_job_offer_007,"Have a look, hon. You can decide without pressure."
rebirth_jen_jen_job_offer_008,This might help refill your medical budget.
rebirth_jen_jen_job_offer_009,I need someone careful more than someone boastful.
rebirth_jen_jen_job_offer_010,"Would you take this on for me, sweetheart?"
rebirth_jen_jen_job_accept_001,Thank you. Please get your kit ready first.
rebirth_jen_jen_job_accept_002,That helps a lot. I'll hope for a safe return.
rebirth_jen_jen_job_accept_003,"Good luck, hon. Keep your head about you."
rebirth_jen_jen_job_accept_004,You've said yes. Now promise yourself some caution.
rebirth_jen_jen_job_accept_005,I'm grateful. Don't forget to take care of you.
rebirth_jen_jen_job_accept_006,"Go carefully, sweetheart. I'll keep the reward waiting."
rebirth_jen_jen_job_accept_007,I knew I could ask you. Come back safely.
rebirth_jen_jen_job_decline_001,That's fine. You don't owe me a risky yes.
rebirth_jen_jen_job_decline_002,"Another time, hon. Take care of yourself today."
rebirth_jen_jen_job_decline_003,I understand. I'll keep looking for help.
rebirth_jen_jen_job_decline_004,No hurt feelings. I'd rather you chose honestly.
rebirth_jen_jen_job_incomplete_001,Still at it? Don't forget to rest when needed.
rebirth_jen_jen_job_incomplete_002,"You haven't finished, but I'm glad you're managing."
rebirth_jen_jen_job_incomplete_003,The task's still waiting. Is the rest manageable?
rebirth_jen_jen_job_incomplete_004,"No reward yet, sweetheart. We need the completed job."
rebirth_jen_jen_job_incomplete_005,Keep working carefully. You're not competing with your exhaustion.
rebirth_jen_jen_job_complete_001,"Oh, good, you're back. Here's your reward, hon. You had me wondering how you were getting on."
rebirth_jen_jen_job_complete_002,You came through for me. I'm really grateful.
rebirth_jen_jen_job_complete_003,"Here's your reward, hon. You earned it."
rebirth_jen_jen_job_complete_004,Job finished and you're here. That's good news twice.
rebirth_jen_jen_job_complete_005,Lovely work. How are you feeling after it?
rebirth_jen_jen_job_complete_006,You helped more than you might realize.
rebirth_jen_jen_job_complete_007,Take your pay. You've made my day easier.
rebirth_jen_jen_job_complete_008,I'm proud of the care you brought to this.
rebirth_jen_jen_job_complete_009,"You did well, sweetheart. Let yourself enjoy that."
rebirth_jen_jen_job_complete_010,Thank you for keeping your word and your life.
rebirth_jen_jen_job_complete_011,That's a good result. Please catch your breath.
rebirth_jen_jen_job_complete_012,Here's what I promised. I'm glad to hand it over.
rebirth_jen_jen_job_complete_013,You finished. Now be as kind to yourself as to me.
rebirth_jen_jen_farewell_001,"Take care of yourself for me, would you?"
rebirth_jen_jen_farewell_002,Come back before that little problem becomes a big one.
rebirth_jen_jen_farewell_003,"Safe travels, hon. Keep the supplies handy."
rebirth_jen_jen_farewell_004,I'll miss you until the next visit.
rebirth_jen_jen_farewell_005,Go gently. You don't need another injury story.
rebirth_jen_jen_farewell_006,"Stay well, sweetheart. It's good seeing you."
rebirth_jen_jen_farewell_007,Don't make me worry longer than necessary.
rebirth_jen_jen_farewell_008,"See you soon, preferably for shopping and company."
rebirth_jen_jen_closing_warning_001,"Closing soon, sugar. Need any last supplies?"
rebirth_jen_jen_closing_warning_002,We're nearly finished today. Let's sort your purchase now.
rebirth_jen_jen_closing_final_001,The clinic shop is closed now. Travel safely home.
rebirth_jen_jen_closing_final_002,"That's us finished, hon. I'll see you after reopening."
rebirth_jen_joel_greeting_001,"My friend, feeling better is worth investing in. Let's see what you need today."
rebirth_jen_joel_greeting_002,Welcome. Looking after yourself is always a sound investment.
rebirth_jen_joel_greeting_003,"My friend, let's put some value in that medical kit."
rebirth_jen_joel_greeting_004,A healthy customer is a customer I can keep serving.
rebirth_jen_joel_greeting_005,You've come to improve your chances. Excellent judgment.
rebirth_jen_joel_greeting_006,What price would you put on fewer worries?
rebirth_jen_joel_greeting_007,Come browse. Preparedness suits you rather well.
rebirth_jen_joel_greeting_008,You look like somebody who appreciates useful supplies.
rebirth_jen_joel_greeting_009,Your health deserves better than last-minute shopping.
rebirth_jen_joel_greeting_010,Welcome back to the sensible side of survival.
rebirth_jen_joel_greeting_011,A stocked kit makes confidence a little more credible.
rebirth_jen_joel_greeting_012,I'd be delighted to help you choose properly.
rebirth_jen_joel_greeting_013,Those dukes could do your future self a favor.
rebirth_jen_joel_greeting_014,Good to see you. Shall we address that supply gap?
rebirth_jen_joel_greeting_015,Let's find something worth carrying through a difficult day.
rebirth_jen_joel_return_001,A returning customer is the finest recommendation.
rebirth_jen_joel_return_002,I trust your previous purchase proved worthwhile.
rebirth_jen_joel_return_003,Back for medical supplies? An excellent ongoing habit.
rebirth_jen_joel_return_004,"My friend, prevention starts with remembering to resupply."
rebirth_jen_joel_return_005,You've seen the value of keeping treatment handy.
rebirth_jen_joel_return_006,Welcome again. Has your kit room for improvement?
rebirth_jen_joel_return_007,I appreciate you bringing your health budget back here.
rebirth_jen_joel_return_008,Still well enough to shop. That's encouraging business.
rebirth_jen_joel_return_009,Another visit to protect your most important asset.
rebirth_jen_joel_return_010,Shall we replenish what worked last time?
rebirth_jen_joel_browse_001,Consider the cost of being without it later.
rebirth_jen_joel_browse_002,A well-chosen kit is more useful than a crowded one.
rebirth_jen_joel_browse_003,You'll find reasons to value a spare supply.
rebirth_jen_joel_browse_004,Read the labels. An informed customer makes better purchases.
rebirth_jen_joel_browse_005,Think about your needs beyond today's discomfort.
rebirth_jen_joel_browse_006,A modest medical expense may spare a larger worry.
rebirth_jen_joel_browse_007,"You deserve supplies selected with care, my friend."
rebirth_jen_joel_browse_008,Preparedness isn't extravagant when trouble comes routinely.
rebirth_jen_joel_purchase_001,A sensible investment in continuing our business relationship.
rebirth_jen_joel_purchase_002,Your supplies. May they prove thoroughly worthwhile.
rebirth_jen_joel_purchase_003,Thank you. You've chosen to take yourself seriously.
rebirth_jen_joel_purchase_004,That's yours now. Keep the instructions with it.
rebirth_jen_joel_purchase_005,Good purchase. I'd rather sell preparation than desperation.
rebirth_jen_joel_purchase_006,A pleasure assisting a thoughtful medical shopper.
rebirth_jen_joel_purchase_007,You're paid up and better prepared for the road.
rebirth_jen_joel_purchase_008,"Health money well directed, I'd say."
rebirth_jen_joel_sale_001,Useful stock. I'm glad to make the exchange.
rebirth_jen_joel_sale_002,"Here's your payment, my friend. Business settled."
rebirth_jen_joel_sale_003,Another customer will appreciate what you've brought.
rebirth_jen_joel_sale_004,You've turned surplus into purchasing options.
rebirth_jen_joel_sale_005,"I can buy this. Keep your essential treatments, though."
rebirth_jen_joel_sale_006,That's a welcome addition to the counter's selection.
rebirth_jen_joel_sale_007,Sold. Thank you for supplying useful goods.
rebirth_jen_joel_sale_008,Your dukes are ready. Consider spending them wisely.
rebirth_jen_joel_job_offer_001,"Here's an opportunity for a reliable customer. Finish the job, and you'll have dukes for the supplies you've been considering."
rebirth_jen_joel_job_offer_002,This task could make replenishing your kit easier.
rebirth_jen_joel_job_offer_003,A capable customer might welcome an earning opportunity.
rebirth_jen_joel_job_offer_004,"My friend, there's a reward worth considering here."
rebirth_jen_joel_job_offer_005,Take a look at the work and its return.
rebirth_jen_joel_job_offer_006,You've got useful abilities. Here's somewhere to apply them.
rebirth_jen_joel_job_offer_007,Let an assignment finance your next medical purchase.
rebirth_jen_joel_job_offer_008,There's commission available once the task is finished.
rebirth_jen_joel_job_offer_009,I could use reliable help with this matter.
rebirth_jen_joel_job_offer_010,Think what that reward might put within reach.
rebirth_jen_joel_job_accept_001,An excellent choice. Prepare before pursuing the return.
rebirth_jen_joel_job_accept_002,I look forward to rewarding a successful assignment.
rebirth_jen_joel_job_accept_003,Your initiative makes this arrangement promising.
rebirth_jen_joel_job_accept_004,Keep your kit ready. Your health supports the investment.
rebirth_jen_joel_job_accept_005,Good. I'll await results with the reward in mind.
rebirth_jen_joel_job_accept_006,May the task prove a worthwhile use of effort.
rebirth_jen_joel_job_accept_007,You've accepted. Now let's see a profitable conclusion.
rebirth_jen_joel_job_decline_001,Of course. A commission needs a willing participant.
rebirth_jen_joel_job_decline_002,A pity. That reward could have served you well.
rebirth_jen_joel_job_decline_003,Perhaps another opportunity will better suit your interests.
rebirth_jen_joel_job_decline_004,"I'll ask elsewhere, my friend. No bargain forced."
rebirth_jen_joel_job_incomplete_001,"Payment follows the completed assignment, as you understand."
rebirth_jen_joel_job_incomplete_002,There's still work between you and the commission.
rebirth_jen_joel_job_incomplete_003,I look forward to seeing the finished result.
rebirth_jen_joel_job_incomplete_004,Keep going. You've not collected the return yet.
rebirth_jen_joel_job_incomplete_005,The reward remains available when the task is done.
rebirth_jen_joel_job_complete_001,"Wonderful work. Here's your pay. If you're replenishing supplies, I'd be delighted to help you choose."
rebirth_jen_joel_job_complete_002,A splendid result. Here's your earned commission.
rebirth_jen_joel_job_complete_003,You've improved both the situation and your buying power.
rebirth_jen_joel_job_complete_004,Reliable work deserves a reliable payment.
rebirth_jen_joel_job_complete_005,"Well done, my friend. The reward is ready."
rebirth_jen_joel_job_complete_006,Your effort has produced a worthwhile return.
rebirth_jen_joel_job_complete_007,Here's the pay. Perhaps refresh the kit you used.
rebirth_jen_joel_job_complete_008,A capable survivor makes these arrangements pleasant.
rebirth_jen_joel_job_complete_009,"The task is finished, and I'm happy to settle."
rebirth_jen_joel_job_complete_010,You've delivered value. Let me recognize it properly.
rebirth_jen_joel_job_complete_011,Good work. Your next purchase has more possibilities.
rebirth_jen_joel_job_complete_012,Take your reward. I'm glad we made this arrangement.
rebirth_jen_joel_job_complete_013,You've earned it honestly. That deserves appreciation.
rebirth_jen_joel_farewell_001,May your supplies keep you a healthy returning customer.
rebirth_jen_joel_farewell_002,"Take care, my friend. Your continued health matters here."
rebirth_jen_joel_farewell_003,Come back when your kit deserves another thoughtful purchase.
rebirth_jen_joel_farewell_004,Enjoy a well-prepared journey. It's money sensibly used.
rebirth_jen_joel_farewell_005,I hope those supplies stay useful and rarely necessary.
rebirth_jen_joel_farewell_006,Until next time. Keep yourself worth investing in.
rebirth_jen_joel_farewell_007,Travel safely enough to tell me how it went.
rebirth_jen_joel_farewell_008,Thank you for your custom and your good judgment.
rebirth_jen_joel_closing_warning_001,Final medical purchases. The counter closes shortly.
rebirth_jen_joel_closing_warning_002,A last chance to stock your kit before closing.
rebirth_jen_joel_closing_final_001,Business is closed now. I look forward to your return.
rebirth_jen_joel_closing_final_002,Trading has finished. We'll discuss supplies after reopening.
rebirth_jen_bob_greeting_001,"Come on in, hon. You're looking rougher than a fence after a hailstorm. What happened?"
rebirth_jen_bob_greeting_002,"Howdy, hon. Looks like you've had a rough tumble."
rebirth_jen_bob_greeting_003,Come over. Let's get your medical kit sorted.
rebirth_jen_bob_greeting_004,Reckon you ought to stop favoring that leg.
rebirth_jen_bob_greeting_005,You look paler than a sheet on washday.
rebirth_jen_bob_greeting_006,Have a seat in your own boots a moment.
rebirth_jen_bob_greeting_007,"What's ailing you, besides the world behaving badly?"
rebirth_jen_bob_greeting_008,"Come in, partner. Worry's not a treatment."
rebirth_jen_bob_greeting_009,You carried yourself this far. Let's help the rest.
rebirth_jen_bob_greeting_010,"That scrape has a story, I reckon."
rebirth_jen_bob_greeting_011,Let's see what's missing from your supplies today.
rebirth_jen_bob_greeting_012,You look like trouble rolled you down a hill.
rebirth_jen_bob_greeting_013,A little care beats a whole lot of stubbornness.
rebirth_jen_bob_greeting_014,Step up. No need to hide an ordinary ache.
rebirth_jen_bob_greeting_015,"Howdy there. Shopping before the hurt, I hope?"
rebirth_jen_bob_return_001,"Well, look who's got their color back."
rebirth_jen_bob_return_002,"Good to see you, hon. Feeling any steadier?"
rebirth_jen_bob_return_003,You returned before the kit started echoing. Smart.
rebirth_jen_bob_return_004,Reckon those bandages had a busy week.
rebirth_jen_bob_return_005,There's a face I hoped wouldn't stay missing.
rebirth_jen_bob_return_006,Come on back. What treatment needs replenishing?
rebirth_jen_bob_return_007,How's that last little problem behaving now?
rebirth_jen_bob_return_008,You look better fed and less worried today.
rebirth_jen_bob_return_009,Another stretch survived. Let's mind the wear and tear.
rebirth_jen_bob_return_010,Back for supplies? I'd rather that than bad news.
rebirth_jen_bob_browse_001,"Have a gander, but read the treatment labels."
rebirth_jen_bob_browse_002,Don't buy every bottle just because you're worried.
rebirth_jen_bob_browse_003,A useful kit's like a good tool roll.
rebirth_jen_bob_browse_004,Pick what you need before pride picks nothing.
rebirth_jen_bob_browse_005,"No harm asking, hon. That's how people learn."
rebirth_jen_bob_browse_006,"Think about the trip, not just today's ache."
rebirth_jen_bob_browse_007,Keep enough supplies to get through a rough patch.
rebirth_jen_bob_browse_008,Reckon your health deserves a sensible shopping plan.
rebirth_jen_bob_purchase_001,There you go. Now give yourself some proper care.
rebirth_jen_bob_purchase_002,"Supplies are yours, hon. Follow the label's advice."
rebirth_jen_bob_purchase_003,That ought to make your kit feel less lonely.
rebirth_jen_bob_purchase_004,Much obliged. I hope you're mending before long.
rebirth_jen_bob_purchase_005,You bought help. Don't leave it packed forever.
rebirth_jen_bob_purchase_006,Take this and mind yourself on the road.
rebirth_jen_bob_purchase_007,A sensible purchase beats gritting your teeth all evening.
rebirth_jen_bob_purchase_008,You're paid up. Keep the treatment where it's handy.
rebirth_jen_bob_sale_001,"That's useful stock, partner. I'll buy it."
rebirth_jen_bob_sale_002,Here's your payment. Keep some for your own kit.
rebirth_jen_bob_sale_003,You've brought something folks can put to use.
rebirth_jen_bob_sale_004,All settled. Much obliged for the haul.
rebirth_jen_bob_sale_005,Reckon that belongs on a shelf somebody needs.
rebirth_jen_bob_sale_006,"Sold, hon. A fair trade without any fuss."
rebirth_jen_bob_sale_007,I can take it off your hands today.
rebirth_jen_bob_sale_008,You've earned the dukes. Don't misplace them under bandages.
rebirth_jen_bob_job_offer_001,"Could use a hand with this, hon. Have a gander. No sense agreeing before you know where your boots are going."
rebirth_jen_bob_job_offer_002,Could use a steady hand on this task.
rebirth_jen_bob_job_offer_003,"Have a look, hon. Might suit you nicely."
rebirth_jen_bob_job_offer_004,Got work that'll help refill your supply money.
rebirth_jen_bob_job_offer_005,Read it before jumping like a startled rabbit.
rebirth_jen_bob_job_offer_006,Reckon you can handle this with some care.
rebirth_jen_bob_job_offer_007,There's a reward for getting the job squared away.
rebirth_jen_bob_job_offer_008,I'd appreciate help from somebody who thinks ahead.
rebirth_jen_bob_job_offer_009,Feel up to a little useful work today?
rebirth_jen_bob_job_offer_010,Here's an assignment worth considering over that worry.
rebirth_jen_bob_job_accept_001,Much obliged. Pack your medical supplies first.
rebirth_jen_bob_job_accept_002,"Go steady, hon. Come back with good news."
rebirth_jen_bob_job_accept_003,That's appreciated. Don't outwork your own condition.
rebirth_jen_bob_job_accept_004,You've taken it on. Keep your wits alongside you.
rebirth_jen_bob_job_accept_005,No reward's worth letting a small hurt turn ugly.
rebirth_jen_bob_job_accept_006,Give it an honest try and a careful approach.
rebirth_jen_bob_job_accept_007,I'll look for you when the task's wrapped up.
rebirth_jen_bob_job_decline_001,Fair enough. Can't mend stubbornness by arguing.
rebirth_jen_bob_job_decline_002,"Another time, hon. Mind yourself meanwhile."
rebirth_jen_bob_job_decline_003,Reckon I'll find someone ready for it today.
rebirth_jen_bob_job_decline_004,You know your condition. I'm not pushing past it.
rebirth_jen_bob_job_incomplete_001,"Still some work left to carry, sweetheart."
rebirth_jen_bob_job_incomplete_002,You ain't at the reward end of it yet.
rebirth_jen_bob_job_incomplete_003,Finish carefully. Rushing won't improve the outcome.
rebirth_jen_bob_job_incomplete_004,Need supplies before another try? Have a look.
rebirth_jen_bob_job_incomplete_005,Keep after it without wearing yourself down to nothing.
rebirth_jen_bob_job_complete_001,"Look at you, hon. Job done and still kicking. Here's your reward. You've earned a minute to catch your breath."
rebirth_jen_bob_job_complete_002,"Well now, that's a fine bit of follow-through."
rebirth_jen_bob_job_complete_003,"You've earned your reward, hon. Every duke."
rebirth_jen_bob_job_complete_004,Good work. I'm glad you made it home too.
rebirth_jen_bob_job_complete_005,That job's settled. Let those shoulders relax.
rebirth_jen_bob_job_complete_006,"Much appreciated, partner. You proved a steady hand."
rebirth_jen_bob_job_complete_007,Here's your pay. Don't forget to replenish your kit.
rebirth_jen_bob_job_complete_008,You've done yourself proud with that task.
rebirth_jen_bob_job_complete_009,Back with results instead of a new limp. Lovely.
rebirth_jen_bob_job_complete_010,Take the reward and give yourself some kindness.
rebirth_jen_bob_job_complete_011,Reckon reliable help deserves reliable payment.
rebirth_jen_bob_job_complete_012,Finished properly. That's a welcome bit of news.
rebirth_jen_bob_job_complete_013,"You've earned a breather, not another immediate scrape."
rebirth_jen_bob_farewell_001,Mind your health like you'd mind a good tool.
rebirth_jen_bob_farewell_002,"Go steady, hon. Come back before trouble grows roots."
rebirth_jen_bob_farewell_003,Keep your kit handy and your worries smaller.
rebirth_jen_bob_farewell_004,Happy travels. Hope that ache settles down.
rebirth_jen_bob_farewell_005,Don't let a stubborn streak outrun your good sense.
rebirth_jen_bob_farewell_006,"See you again, preferably without fresh holes."
rebirth_jen_bob_farewell_007,Take care. Your body can't be traded for another.
rebirth_jen_bob_farewell_008,"Travel easy when you can, sweetheart."
rebirth_jen_bob_closing_warning_001,"Nearly closing, hon. Pick your last supplies now."
rebirth_jen_bob_closing_warning_002,Counter's winding down. Need anything for that kit?
rebirth_jen_bob_closing_final_001,We're closed for today. Head along safely.
rebirth_jen_bob_closing_final_002,"That's the shop shut. Come by after reopening, partner."
rebirth_jen_poppy_greeting_001,"You're leaking. Not my favorite entrance, but at least you picked the right store."
rebirth_jen_poppy_greeting_002,Still upright. An encouraging start to the appointment.
rebirth_jen_poppy_greeting_003,Your medical kit looks optimistically imaginary.
rebirth_jen_poppy_greeting_004,Welcome. Try describing the injury without defending it.
rebirth_jen_poppy_greeting_005,You need supplies. I enjoy a solvable problem.
rebirth_jen_poppy_greeting_006,That bruise has more planning behind it than you did.
rebirth_jen_poppy_greeting_007,Come in. The blood belongs inside for future reference.
rebirth_jen_poppy_greeting_008,You look like your confidence outran your footing.
rebirth_jen_poppy_greeting_009,Let's inspect the damage before your story improves it.
rebirth_jen_poppy_greeting_010,An injury and a shopping trip. Efficient scheduling.
rebirth_jen_poppy_greeting_011,You're alive. Let's discourage you from testing the limit.
rebirth_jen_poppy_greeting_012,Welcome to the part where caution becomes affordable.
rebirth_jen_poppy_greeting_013,What needs treating besides your spectacular judgment?
rebirth_jen_poppy_greeting_014,Let's get you supplied before luck requests retirement.
rebirth_jen_poppy_greeting_015,You seem to have confused durability with immunity.
rebirth_jen_poppy_return_001,Back again. Your skin keeps me professionally entertained.
rebirth_jen_poppy_return_002,You made it. That's my preferred patient development.
rebirth_jen_poppy_return_003,"Same survivor, fewer holes? I'd call that progress."
rebirth_jen_poppy_return_004,"Did the treatment help, or did you argue with it?"
rebirth_jen_poppy_return_005,Your return suggests at least one good decision.
rebirth_jen_poppy_return_006,Come on over. Let's see what luck missed.
rebirth_jen_poppy_return_007,"That kit lasted until you learned something, hopefully."
rebirth_jen_poppy_return_008,Back for supplies. Almost suspiciously responsible.
rebirth_jen_poppy_return_009,You look healthier. Try maintaining the novelty.
rebirth_jen_poppy_return_010,Another visit. Your body is a demanding hobby.
rebirth_jen_poppy_browse_001,Read labels. The bottle isn't impressed by intuition.
rebirth_jen_poppy_browse_002,"Choose treatment for reality, not your heroic summary."
rebirth_jen_poppy_browse_003,A small medical kit beats a large funeral anecdote.
rebirth_jen_poppy_browse_004,Don't make the purchase more complicated than the injury.
rebirth_jen_poppy_browse_005,Take a look. Your organs would vote yes.
rebirth_jen_poppy_browse_006,"You can prepare before bleeding. Surprising flexibility, I know."
rebirth_jen_poppy_browse_007,The supplies won't confess their purpose under staring.
rebirth_jen_poppy_browse_008,Pick something useful. Vanity doesn't close wounds.
rebirth_jen_poppy_purchase_001,Supplies acquired. Now make your body the priority.
rebirth_jen_poppy_purchase_002,There. A material improvement to your survival theory.
rebirth_jen_poppy_purchase_003,You paid. The directions remain worth reading.
rebirth_jen_poppy_purchase_004,Take it. I prefer customers who keep their insides.
rebirth_jen_poppy_purchase_005,That's yours. Try treatment before another brave speech.
rebirth_jen_poppy_purchase_006,Good purchase. We'll call it learning.
rebirth_jen_poppy_purchase_007,Medical kit improved. Let's hope judgment follows.
rebirth_jen_poppy_purchase_008,You bought care. Allow yourself to benefit from it.
rebirth_jen_poppy_sale_001,I'll buy it. My shelves appreciate competent contributions.
rebirth_jen_poppy_sale_002,Useful supplies. You can stop making them mysterious.
rebirth_jen_poppy_sale_003,Sold. Your bag loses weight; your wallet gains purpose.
rebirth_jen_poppy_sale_004,Payment's here. Keep it away from your next accident.
rebirth_jen_poppy_sale_005,A straightforward trade. How pleasantly unlike your injury stories.
rebirth_jen_poppy_sale_006,You've supplied something helpful. I'll acknowledge that once.
rebirth_jen_poppy_sale_007,Done. Your surplus gets a more interesting future.
rebirth_jen_poppy_sale_008,Here's the money. Your remaining kit still needs attention.
rebirth_jen_poppy_job_offer_001,Here's a job. Preferably one you finish without turning yourself into my next problem. Up for it?
rebirth_jen_poppy_job_offer_002,Got work. Preferably finished without new medical complications.
rebirth_jen_poppy_job_offer_003,You've got a pulse. Let's add a purpose.
rebirth_jen_poppy_job_offer_004,Here's a task. Read it before feeling invincible.
rebirth_jen_poppy_job_offer_005,Want a reward? Try being useful outside my doorway.
rebirth_jen_poppy_job_offer_006,This assignment could fund your next preventable mistake.
rebirth_jen_poppy_job_offer_007,Take a look. Careful competence would be welcome.
rebirth_jen_poppy_job_offer_008,"I need results, not an anatomy lesson."
rebirth_jen_poppy_job_offer_009,A job's available if your ego can share the planning.
rebirth_jen_poppy_job_offer_010,You seem capable when you stop auditioning for disaster.
rebirth_jen_poppy_job_accept_001,Good. Pack treatment before you pack confidence.
rebirth_jen_poppy_job_accept_002,Accepted. Return with the task finished and yourself attached.
rebirth_jen_poppy_job_accept_003,Go carefully. I'm not grading dramatic entrances.
rebirth_jen_poppy_job_accept_004,Your help's welcome. The unnecessary wounds aren't.
rebirth_jen_poppy_job_accept_005,Finish the job. Give your body a supporting role.
rebirth_jen_poppy_job_accept_006,I'll wait for results instead of rehearsed excuses.
rebirth_jen_poppy_job_accept_007,Try preparation. It pairs nicely with staying alive.
rebirth_jen_poppy_job_decline_001,Fair enough. Your condition might applaud that decision.
rebirth_jen_poppy_job_decline_002,No? Then at least stop looking heroic at me.
rebirth_jen_poppy_job_decline_003,I'll find another hand with fewer reservations.
rebirth_jen_poppy_job_decline_004,Declined. You've saved us both an elaborate explanation.
rebirth_jen_poppy_job_incomplete_001,Not finished. The reward dislikes being guessed into existence.
rebirth_jen_poppy_job_incomplete_002,"You're back, but the completed task isn't."
rebirth_jen_poppy_job_incomplete_003,Check your supplies and handle the rest.
rebirth_jen_poppy_job_incomplete_004,Still underway. Try adding progress to the update.
rebirth_jen_poppy_job_incomplete_005,"Results first, reward second. A wonderfully stubborn arrangement."
rebirth_jen_poppy_job_complete_001,You finished the job and walked in under your own power. I do like a customer who makes things easy. Here's your pay.
rebirth_jen_poppy_job_complete_002,You finished and came back functional. Impressive combination.
rebirth_jen_poppy_job_complete_003,Here's the pay. Your medical kit might celebrate.
rebirth_jen_poppy_job_complete_004,Good work. You made this refreshingly uncomplicated.
rebirth_jen_poppy_job_complete_005,Task complete. The hero speech is optional.
rebirth_jen_poppy_job_complete_006,You delivered. I enjoy being right about potential.
rebirth_jen_poppy_job_complete_007,Reward's here. Spend some on avoiding repeat damage.
rebirth_jen_poppy_job_complete_008,No new disaster attached? You're making progress.
rebirth_jen_poppy_job_complete_009,You've earned the money and reduced my skepticism.
rebirth_jen_poppy_job_complete_010,Nicely handled. Try keeping that standard outside jobs.
rebirth_jen_poppy_job_complete_011,Back with results instead of symptoms. Lovely change.
rebirth_jen_poppy_job_complete_012,You proved useful. I can say that without blushing.
rebirth_jen_poppy_job_complete_013,Take the reward. Leave unnecessary risk out of the budget.
rebirth_jen_poppy_farewell_001,Keep the pulse. It suits you better than silence.
rebirth_jen_poppy_farewell_002,Go carefully enough to make another ordinary entrance.
rebirth_jen_poppy_farewell_003,See you before your kit turns into wishful thinking.
rebirth_jen_poppy_farewell_004,Use the supplies. The labels deserve an audience.
rebirth_jen_poppy_farewell_005,Try not to give your skeleton new opinions.
rebirth_jen_poppy_farewell_006,Stay alive. Repeat customers are less paperwork.
rebirth_jen_poppy_farewell_007,Take care without making a performance of it.
rebirth_jen_poppy_farewell_008,Come back with fewer lessons written on your skin.
rebirth_jen_poppy_closing_warning_001,Closing soon. Make your last responsible purchase.
rebirth_jen_poppy_closing_warning_002,Finish picking supplies. My counter needs a break too.
rebirth_jen_poppy_closing_final_001,Shop's closed. Continue self-preservation outside the doorway.
rebirth_jen_poppy_closing_final_002,Trading's finished. Let tomorrow handle the next medical purchase.
rebirth_joel_rekt_greeting_001,That armor's a fucking embarrassment. Come look before somebody puts you out of your misery.
rebirth_joel_rekt_greeting_002,That outfit's a fucking invitation to get bitten.
rebirth_joel_rekt_greeting_003,Bring dukes. Your fashion opinions won't pay me.
rebirth_joel_rekt_greeting_004,Come in before that loose gear trips you.
rebirth_joel_rekt_greeting_005,You look like a scarecrow lost a fight.
rebirth_joel_rekt_greeting_006,Don't paw the armor with those filthy hands.
rebirth_joel_rekt_greeting_007,"What're you wearing, besides poor fucking judgment?"
rebirth_joel_rekt_greeting_008,Got money to fix that mess of a kit?
rebirth_joel_rekt_greeting_009,Step closer. Your straps are making me angry.
rebirth_joel_rekt_greeting_010,You shopping or just embarrassing my doorway?
rebirth_joel_rekt_greeting_011,I sell protection. You'll supply the dumb decisions.
rebirth_joel_rekt_greeting_012,"That armor's seen better owners, asshole."
rebirth_joel_rekt_greeting_013,Quit posing. Nobody's admiring that patched-up shit.
rebirth_joel_rekt_greeting_014,You look like you got dressed during an ambush.
rebirth_joel_rekt_greeting_015,Tell me what you need before a buckle answers.
rebirth_joel_rekt_return_001,Back already? Did you finally notice the holes?
rebirth_joel_rekt_return_002,"Same ugly face, less ugly equipment. That's progress."
rebirth_joel_rekt_return_003,You've worn that purchase like a fucking apology.
rebirth_joel_rekt_return_004,Still alive. Give the armor some credit.
rebirth_joel_rekt_return_005,You again. What piece did you neglect this time?
rebirth_joel_rekt_return_006,My regular bad dresser. Got a useful budget today?
rebirth_joel_rekt_return_007,Don't tell me you blamed the gear for everything.
rebirth_joel_rekt_return_008,Back before another strap gave up on you?
rebirth_joel_rekt_return_009,I recognize that posture. Something needs replacing.
rebirth_joel_rekt_return_010,You survived the fit. Try buying some sense next.
rebirth_joel_rekt_browse_001,Try looking at the condition instead of flexing.
rebirth_joel_rekt_browse_002,"Protection first, dumbass. Pretty comes later."
rebirth_joel_rekt_browse_003,Check the fit. Your ego won't fill a gap.
rebirth_joel_rekt_browse_004,Stop tugging straps like you're testing my patience.
rebirth_joel_rekt_browse_005,Those prices don't shrink when you fucking glare.
rebirth_joel_rekt_browse_006,"Choose something you can move in, not just pose."
rebirth_joel_rekt_browse_007,Armor isn't useful hanging here because you're indecisive.
rebirth_joel_rekt_browse_008,"You're buying gear, not negotiating with your reflection."
rebirth_joel_rekt_purchase_001,There's your armor. Stop giving teeth easy access.
rebirth_joel_rekt_purchase_002,Bought and paid. Your stupid ass is better covered.
rebirth_joel_rekt_purchase_003,Take it before you start modeling for me.
rebirth_joel_rekt_purchase_004,Good purchase. Now quit treating luck as protection.
rebirth_joel_rekt_purchase_005,"Gear's yours. Adjust it properly, for fuck's sake."
rebirth_joel_rekt_purchase_006,That should cover some mistakes. Not all of them.
rebirth_joel_rekt_purchase_007,Paid up. You've improved the outfit at least.
rebirth_joel_rekt_purchase_008,Don't blame a buckle for your bad fucking choices.
rebirth_joel_rekt_sale_001,I'll buy it. Somebody can do better with it.
rebirth_joel_rekt_sale_002,Here's your dukes. Quit praising every damn scratch.
rebirth_joel_rekt_sale_003,Useful stock. Your salesmanship made it worse.
rebirth_joel_rekt_sale_004,Sold. Get it off the counter now.
rebirth_joel_rekt_sale_005,"I'll take the gear, not your life story."
rebirth_joel_rekt_sale_006,Money's counted. Stop fucking hovering over it.
rebirth_joel_rekt_sale_007,You've brought something worth examining. Rare moment.
rebirth_joel_rekt_sale_008,That transaction's done. Try knowing when to stop talking.
rebirth_joel_rekt_job_offer_001,"You want better gear? Earn some fucking money. Here's a job, since staring hasn't paid you yet."
rebirth_joel_rekt_job_offer_002,Want better protection? Earn some money first.
rebirth_joel_rekt_job_offer_003,Got a task your empty wallet should approve.
rebirth_joel_rekt_job_offer_004,Read this before declaring yourself too important.
rebirth_joel_rekt_job_offer_005,"I need a job done, not a fucking costume parade."
rebirth_joel_rekt_job_offer_006,There's work if your outfit isn't your only talent.
rebirth_joel_rekt_job_offer_007,You could afford decent gear after handling this.
rebirth_joel_rekt_job_offer_008,Make yourself useful instead of staring at my stock.
rebirth_joel_rekt_job_offer_009,Here's an assignment. The whining part isn't paid.
rebirth_joel_rekt_job_offer_010,Prove that armor's carrying somebody worth hiring.
rebirth_joel_rekt_job_accept_001,Good. Move your ass and finish it.
rebirth_joel_rekt_job_accept_002,Check the fit before you try something stupid.
rebirth_joel_rekt_job_accept_003,You've accepted. Spare me the change-of-heart performance.
rebirth_joel_rekt_job_accept_004,Bring results. Your gear doesn't need another excuse.
rebirth_joel_rekt_job_accept_005,Go handle it without testing every fucking weak spot.
rebirth_joel_rekt_job_accept_006,Don't make me regret lending you my patience.
rebirth_joel_rekt_job_accept_007,"That's settled. Work's outside, not in the mirror."
rebirth_joel_rekt_job_decline_001,All dressed up for absolutely fucking nothing.
rebirth_joel_rekt_job_decline_002,Fine. Keep wishing you could afford the upgrades.
rebirth_joel_rekt_job_decline_003,I'll find somebody whose spine isn't decorative.
rebirth_joel_rekt_job_decline_004,"Suit yourself, asshole. The reward goes elsewhere."
rebirth_joel_rekt_job_incomplete_001,Your task's unfinished. That heroic stance doesn't change it.
rebirth_joel_rekt_job_incomplete_002,"Back already? You forgot the results, dumbass."
rebirth_joel_rekt_job_incomplete_003,You're not getting paid for dressing like effort.
rebirth_joel_rekt_job_incomplete_004,Finish the work before admiring the reward.
rebirth_joel_rekt_job_incomplete_005,"I asked for completion, not another fucking explanation."
rebirth_joel_rekt_job_complete_001,Here's the fucking reward. Quit grinning at me like you just saved the whole world.
rebirth_joel_rekt_job_complete_002,You delivered. Maybe the outfit wasn't your whole personality.
rebirth_joel_rekt_job_complete_003,Here's your pay. Try spending it on protection.
rebirth_joel_rekt_job_complete_004,"Good work, asshole. Don't make me repeat myself."
rebirth_joel_rekt_job_complete_005,A completed job. You finally justified the swagger.
rebirth_joel_rekt_job_complete_006,You earned those dukes. Quit grinning like an idiot.
rebirth_joel_rekt_job_complete_007,Task's settled. Your shopping budget can stop whining.
rebirth_joel_rekt_job_complete_008,You followed through. That's a useful fucking habit.
rebirth_joel_rekt_job_complete_009,Take the reward before you start posing again.
rebirth_joel_rekt_job_complete_010,Not bad. I was ready for disappointment.
rebirth_joel_rekt_job_complete_011,You handled it properly. I'll remember that part.
rebirth_joel_rekt_job_complete_012,Here's the money. Spend less on looking stupid.
rebirth_joel_rekt_job_complete_013,You've done enough right to get paid today.
rebirth_joel_rekt_farewell_001,Go wear the armor instead of your ego.
rebirth_joel_rekt_farewell_002,Don't come back blaming straps for your stupidity.
rebirth_joel_rekt_farewell_003,"Keep yourself covered, asshole. I prefer repeat business."
rebirth_joel_rekt_farewell_004,Take that outfit somewhere the dead can appreciate it.
rebirth_joel_rekt_farewell_005,Watch your footing. Protection doesn't fix a fucking stumble.
rebirth_joel_rekt_farewell_006,Come back with dukes and fewer dangling buckles.
rebirth_joel_rekt_farewell_007,Out you go. Try keeping all your pieces.
rebirth_joel_rekt_farewell_008,Mind the gear. It's doing most of the work.
rebirth_joel_rekt_closing_warning_001,Last armor purchases. I'm closing the fucking counter soon.
rebirth_joel_rekt_closing_warning_002,Make your choice. The door's not waiting forever.
rebirth_joel_rekt_closing_final_001,Shop's closed. Take that ugly ensemble outside.
rebirth_joel_rekt_closing_final_002,Trading's done. Get out and let me lock up.
rebirth_joel_hugh_greeting_001,Armor up. You're not walking into a fight dressed like that if you've got any sense.
rebirth_joel_hugh_greeting_002,Get your armor sorted before seeking trouble.
rebirth_joel_hugh_greeting_003,Protection's part of readiness. Don't neglect it.
rebirth_joel_hugh_greeting_004,Step up. Where is that outfit leaving you exposed?
rebirth_joel_hugh_greeting_005,Come in. We'll check what your kit needs.
rebirth_joel_hugh_greeting_006,A confident survivor still needs decent coverage.
rebirth_joel_hugh_greeting_007,"That gear ready to move, or ready to snag?"
rebirth_joel_hugh_greeting_008,Stand square. Tell me what you're looking for.
rebirth_joel_hugh_greeting_009,Check straps as seriously as your ammunition.
rebirth_joel_hugh_greeting_010,You're equipped enough to walk in. Let's improve that.
rebirth_joel_hugh_greeting_011,Don't rely on tough talk to stop a bite.
rebirth_joel_hugh_greeting_012,What are you taking into your next assignment?
rebirth_joel_hugh_greeting_013,We've got work to do on that loadout.
rebirth_joel_hugh_greeting_014,Ready for action? Your gear should be too.
rebirth_joel_hugh_greeting_015,Stop hovering. Choose the protection you need.
rebirth_joel_hugh_return_001,How did the armor hold up in the field?
rebirth_joel_hugh_return_002,Back standing. Good. Check the wear before leaving again.
rebirth_joel_hugh_return_003,Another run survived. Inspect what kept you covered.
rebirth_joel_hugh_return_004,You need replacement gear or a better fit?
rebirth_joel_hugh_return_005,Let's replenish what the last task used up.
rebirth_joel_hugh_return_006,I see you learned to revisit before complete failure.
rebirth_joel_hugh_return_007,Still moving well in that setup?
rebirth_joel_hugh_return_008,Good return. Don't let success hide damaged equipment.
rebirth_joel_hugh_return_009,"What worked, and what needs changing?"
rebirth_joel_hugh_return_010,You kept your gear close. Now keep it ready.
rebirth_joel_hugh_browse_001,Protection you can move in is protection worth buying.
rebirth_joel_hugh_browse_002,Inspect the fit instead of chasing appearance.
rebirth_joel_hugh_browse_003,Make sure the equipment suits your actual work.
rebirth_joel_hugh_browse_004,Loose straps become somebody else's advantage. Fix that.
rebirth_joel_hugh_browse_005,"Buy what supports readiness, not just your pride."
rebirth_joel_hugh_browse_006,Check condition before you make a commitment.
rebirth_joel_hugh_browse_007,Don't trade useful movement for pointless bulk.
rebirth_joel_hugh_browse_008,Plan your kit before testing it under pressure.
rebirth_joel_hugh_purchase_001,You're better equipped. Adjust it before heading out.
rebirth_joel_hugh_purchase_002,Good. Now take your protection seriously.
rebirth_joel_hugh_purchase_003,Gear secured. Fit it properly and keep it maintained.
rebirth_joel_hugh_purchase_004,That purchase gives preparation some backbone.
rebirth_joel_hugh_purchase_005,It's yours. Don't waste it on careless movement.
rebirth_joel_hugh_purchase_006,Paid up. Make the improved coverage count.
rebirth_joel_hugh_purchase_007,A practical choice. Check the whole loadout now.
rebirth_joel_hugh_purchase_008,You've invested in staying capable. Act accordingly.
rebirth_joel_hugh_sale_001,I'll take that equipment into stock.
rebirth_joel_hugh_sale_002,Your payment's ready. Keep what the next run needs.
rebirth_joel_hugh_sale_003,That's sold. A useful piece for another survivor.
rebirth_joel_hugh_sale_004,Good haul. Spend the proceeds on preparedness.
rebirth_joel_hugh_sale_005,The exchange is settled. Review your remaining protection.
rebirth_joel_hugh_sale_006,You've supplied worthwhile stock. I appreciate action.
rebirth_joel_hugh_sale_007,I'll buy it. Make sure you're not leaving yourself exposed.
rebirth_joel_hugh_sale_008,Money's counted. That's straight business.
rebirth_joel_hugh_job_offer_001,You've got equipment to buy and work to do. Read the job. Then make yourself useful.
rebirth_joel_hugh_job_offer_002,Here's a task that demands some follow-through.
rebirth_joel_hugh_job_offer_003,You want better equipment? Start with this reward.
rebirth_joel_hugh_job_offer_004,Read the assignment before claiming you're ready.
rebirth_joel_hugh_job_offer_005,"I need somebody who can execute, not just pose."
rebirth_joel_hugh_job_offer_006,"Get your protection settled, then consider this."
rebirth_joel_hugh_job_offer_007,There's work to put that gear through its paces.
rebirth_joel_hugh_job_offer_008,Take a look. See whether your preparation matches it.
rebirth_joel_hugh_job_offer_009,I've got an objective for a decisive survivor.
rebirth_joel_hugh_job_offer_010,Ready to turn capability into earned dukes?
rebirth_joel_hugh_job_accept_001,Check the fit and get moving.
rebirth_joel_hugh_job_accept_002,That's commitment. Keep it when the job gets difficult.
rebirth_joel_hugh_job_accept_003,Go prepared. Results are what count here.
rebirth_joel_hugh_job_accept_004,You've accepted. Now act like you mean it.
rebirth_joel_hugh_job_accept_005,Keep the gear working while you handle the task.
rebirth_joel_hugh_job_accept_006,Finish properly. Don't settle for an impressive attempt.
rebirth_joel_hugh_job_accept_007,Bring yourself back with the objective complete.
rebirth_joel_hugh_job_decline_001,Then improve your readiness and return later.
rebirth_joel_hugh_job_decline_002,"Fine. I need a willing worker, not a display."
rebirth_joel_hugh_job_decline_003,Know your limits. Don't decorate them with excuses.
rebirth_joel_hugh_job_decline_004,Another survivor can take the assignment.
rebirth_joel_hugh_job_incomplete_001,The work remains. Focus on finishing it.
rebirth_joel_hugh_job_incomplete_002,You haven't completed the objective. Keep that clear.
rebirth_joel_hugh_job_incomplete_003,"Resupply your gear if needed, then return to work."
rebirth_joel_hugh_job_incomplete_004,Don't confuse surviving the attempt with succeeding.
rebirth_joel_hugh_job_incomplete_005,Payment waits for results. You know the arrangement.
rebirth_joel_hugh_job_complete_001,You got the work finished. Good. Collect your reward and keep that equipment ready.
rebirth_joel_hugh_job_complete_002,Objective complete. Collect the reward you earned.
rebirth_joel_hugh_job_complete_003,That's solid follow-through. Your pay's ready.
rebirth_joel_hugh_job_complete_004,Good job. Check your equipment for wear afterward.
rebirth_joel_hugh_job_complete_005,You delivered more than promises. I respect that.
rebirth_joel_hugh_job_complete_006,Take the reward. Restock and stay prepared.
rebirth_joel_hugh_job_complete_007,You've made the assignment count. Well handled.
rebirth_joel_hugh_job_complete_008,A proper finish from a capable survivor.
rebirth_joel_hugh_job_complete_009,The work's done. I'll hold up my end.
rebirth_joel_hugh_job_complete_010,That's how equipment and discipline work together.
rebirth_joel_hugh_job_complete_011,You've earned this through action. Keep the standard.
rebirth_joel_hugh_job_complete_012,Pay's here. Don't let success make you complacent.
rebirth_joel_hugh_job_complete_013,Completed and back standing. A result worth rewarding.
rebirth_joel_hugh_farewell_001,Keep your protection fitted and your attention sharper.
rebirth_joel_hugh_farewell_002,Move decisively without getting fucking careless.
rebirth_joel_hugh_farewell_003,Check your straps before they check your luck.
rebirth_joel_hugh_farewell_004,Stay ready. The gear won't choose wisely for you.
rebirth_joel_hugh_farewell_005,"Return with useful experience, not unnecessary damage."
rebirth_joel_hugh_farewell_006,Get out there and handle what needs handling.
rebirth_joel_hugh_farewell_007,Don't sacrifice mobility just to look formidable.
rebirth_joel_hugh_farewell_008,I'll expect that armor back on a living customer.
rebirth_joel_hugh_closing_warning_001,Closing soon. Finish selecting your protective gear.
rebirth_joel_hugh_closing_warning_002,Last equipment decision before the counter shuts.
rebirth_joel_hugh_closing_final_001,We're closed. Clear the shop with your supplies.
rebirth_joel_hugh_closing_final_002,Trading's finished now. Return when we're open.
rebirth_joel_jen_greeting_001,Welcome back. Have you been hurt? Let's find some protection that fits you properly.
rebirth_joel_jen_greeting_002,Welcome in. Let's get you a little better protected.
rebirth_joel_jen_greeting_003,That gear looks uncomfortable. Can I help you choose?
rebirth_joel_jen_greeting_004,"You're safe to ask questions here, hon."
rebirth_joel_jen_greeting_005,Good to see you. How's the armor holding up?
rebirth_joel_jen_greeting_006,Come closer. We can sort out what you're missing.
rebirth_joel_jen_greeting_007,You've had a rough road. Your outfit tells me.
rebirth_joel_jen_greeting_008,Let's find equipment that suits you properly.
rebirth_joel_jen_greeting_009,Nobody should head out worried about loose straps.
rebirth_joel_jen_greeting_010,I'd like you leaving with more confidence today.
rebirth_joel_jen_greeting_011,You look tired. Heavy gear making things harder?
rebirth_joel_jen_greeting_012,"Come browse, sweetheart. We'll work through the options."
rebirth_joel_jen_greeting_013,Your safety matters more than looking impressive.
rebirth_joel_jen_greeting_014,Have you checked how well that armor fits lately?
rebirth_joel_jen_greeting_015,A familiar face. I'm glad it still belongs to you.
rebirth_joel_jen_return_001,You made it back. I'm pleased the gear helped.
rebirth_joel_jen_return_002,How did everything feel on the last outing?
rebirth_joel_jen_return_003,"Good to see you again, hon. Need a replacement?"
rebirth_joel_jen_return_004,I hoped you'd return before those straps wore through.
rebirth_joel_jen_return_005,There you are. Has anything been rubbing or catching?
rebirth_joel_jen_return_006,Another safe arrival. That's always welcome here.
rebirth_joel_jen_return_007,You seem comfortable in that outfit now.
rebirth_joel_jen_return_008,Back for equipment? Let me help with the choice.
rebirth_joel_jen_return_009,I wondered how your last purchase had worked out.
rebirth_joel_jen_return_010,Still wearing it? Lovely. Let's inspect the condition.
rebirth_joel_jen_browse_001,Take time to choose something you can move in.
rebirth_joel_jen_browse_002,Don't let a grand appearance talk you into discomfort.
rebirth_joel_jen_browse_003,Ask me if you're unsure about the fit.
rebirth_joel_jen_browse_004,Good protection should suit the person wearing it.
rebirth_joel_jen_browse_005,Think about the weight over a long trip.
rebirth_joel_jen_browse_006,No need to feel awkward comparing the options.
rebirth_joel_jen_browse_007,"Pick what helps you, sweetheart, not what impresses strangers."
rebirth_joel_jen_browse_008,A careful choice can save unnecessary worry later.
rebirth_joel_jen_purchase_001,Here you go. I hope you feel safer wearing it.
rebirth_joel_jen_purchase_002,"All yours, hon. Get the straps comfortable first."
rebirth_joel_jen_purchase_003,That's a thoughtful choice for your next journey.
rebirth_joel_jen_purchase_004,Thank you. I'm glad to help you prepare.
rebirth_joel_jen_purchase_005,Your gear's ready. Look after yourself inside it.
rebirth_joel_jen_purchase_006,Take it along. I want you returning in one piece.
rebirth_joel_jen_purchase_007,"There we are. Better equipped and less worried, hopefully."
rebirth_joel_jen_purchase_008,Enjoy the purchase. Comfort matters too.
rebirth_joel_jen_sale_001,I can buy that. Keep enough protection for yourself.
rebirth_joel_jen_sale_002,"Here's your payment, hon. Thanks for bringing it."
rebirth_joel_jen_sale_003,That should serve another survivor well.
rebirth_joel_jen_sale_004,All settled. You've made room in the pack.
rebirth_joel_jen_sale_005,I appreciate useful equipment coming through the counter.
rebirth_joel_jen_sale_006,You're paid. I hope the money helps your next choice.
rebirth_joel_jen_sale_007,Happy to take that surplus off your hands.
rebirth_joel_jen_sale_008,"A fair trade, sweetheart. Thank you."
rebirth_joel_jen_job_offer_001,Would you look at this task for me? I think you can manage it. Just get yourself properly ready first.
rebirth_joel_jen_job_offer_002,Could you help with this task for me?
rebirth_joel_jen_job_offer_003,I have work if you're feeling up to it.
rebirth_joel_jen_job_offer_004,"Take a look, hon. Decide without rushing yourself."
rebirth_joel_jen_job_offer_005,That reward might help you replace worn gear.
rebirth_joel_jen_job_offer_006,I'd appreciate a careful survivor on this assignment.
rebirth_joel_jen_job_offer_007,Read it over before you promise more than feels right.
rebirth_joel_jen_job_offer_008,Could you spare time to get this handled?
rebirth_joel_jen_job_offer_009,Get comfortable in your equipment before taking it on.
rebirth_joel_jen_job_offer_010,There's a job here for somebody I can trust.
rebirth_joel_jen_job_accept_001,Thank you. Adjust your gear before you leave.
rebirth_joel_jen_job_accept_002,"I appreciate the help, sweetheart. Go carefully."
rebirth_joel_jen_job_accept_003,You're taking this on. Don't forget to protect yourself.
rebirth_joel_jen_job_accept_004,I'll look forward to your safe return.
rebirth_joel_jen_job_accept_005,Do your best without pushing past sensible caution.
rebirth_joel_jen_job_accept_006,That helps me out. Keep yourself comfortable and alert.
rebirth_joel_jen_job_accept_007,"Good luck, hon. I'll have the reward afterward."
rebirth_joel_jen_job_decline_001,That's all right. You can reconsider another day.
rebirth_joel_jen_job_decline_002,"I understand, sweetheart. No pressure to risk yourself."
rebirth_joel_jen_job_decline_003,I'd rather an honest answer than an anxious promise.
rebirth_joel_jen_job_decline_004,We'll leave it there. I can find another helper.
rebirth_joel_jen_job_incomplete_001,You're still working? Mind the wear on your gear.
rebirth_joel_jen_job_incomplete_002,"Not finished yet, hon. Keep at it carefully."
rebirth_joel_jen_job_incomplete_003,There's still a task between us and the reward.
rebirth_joel_jen_job_incomplete_004,Need to sort out supplies before another try?
rebirth_joel_jen_job_incomplete_005,Don't be discouraged. Just finish what remains safely.
rebirth_joel_jen_job_complete_001,Good to see you safely back. You earned this. Take your reward and look after yourself out there.
rebirth_joel_jen_job_complete_002,"You did well, and you came home. Wonderful."
rebirth_joel_jen_job_complete_003,Here's your reward. Thank you for the effort.
rebirth_joel_jen_job_complete_004,A finished job from someone I'm happy to see.
rebirth_joel_jen_job_complete_005,"You kept your word, sweetheart. Take your pay."
rebirth_joel_jen_job_complete_006,Good work. Has your equipment taken much damage?
rebirth_joel_jen_job_complete_007,I'm grateful you helped me get this settled.
rebirth_joel_jen_job_complete_008,Take the reward and give yourself a breather.
rebirth_joel_jen_job_complete_009,"You earned it, hon. Please don't downplay that."
rebirth_joel_jen_job_complete_010,That's a welcome result. You should feel pleased.
rebirth_joel_jen_job_complete_011,"Here's the payment, hon. Your careful work made it possible."
rebirth_joel_jen_job_complete_012,Thank you for being careful as well as capable.
rebirth_joel_jen_job_complete_013,You've done your part beautifully. Now I'll do mine.
rebirth_joel_jen_farewell_001,"Stay safe inside that gear, sweetheart."
rebirth_joel_jen_farewell_002,Come back if something no longer feels comfortable.
rebirth_joel_jen_farewell_003,"Take care of yourself, not just the equipment."
rebirth_joel_jen_farewell_004,I'd like your next visit just as cheerful.
rebirth_joel_jen_farewell_005,Watch those straps and the road ahead.
rebirth_joel_jen_farewell_006,Go gently when you can. Tough doesn't mean careless.
rebirth_joel_jen_farewell_007,"See you soon, hon. Keep yourself covered."
rebirth_joel_jen_farewell_008,May your protection give you fewer reasons to worry.
rebirth_joel_jen_closing_warning_001,"Closing soon, hon. Need any last equipment?"
rebirth_joel_jen_closing_warning_002,We'll finish trading shortly. Choose what you need now.
rebirth_joel_jen_closing_final_001,The shop's closed now. Travel safely until we reopen.
rebirth_joel_jen_closing_final_002,"That's closing time, sweetheart. We'll continue another visit."
rebirth_joel_joel_greeting_001,"There you are, my friend. I was just thinking how much better you'd look in a new set of armor."
rebirth_joel_joel_greeting_002,Welcome. A good set of armor speaks for itself.
rebirth_joel_joel_greeting_003,"My friend, you deserve an outfit with better prospects."
rebirth_joel_joel_greeting_004,Come in. Survival can benefit from a wardrobe review.
rebirth_joel_joel_greeting_005,You look ready to put some dukes to work.
rebirth_joel_joel_greeting_006,A discerning customer checks protection before the next bite.
rebirth_joel_joel_greeting_007,Let's see what those straps are trying to tell us.
rebirth_joel_joel_greeting_008,Welcome to a more practical sort of fashion conversation.
rebirth_joel_joel_greeting_009,Your outfit has character. Perhaps too much character.
rebirth_joel_joel_greeting_010,Good to see you. Planning to improve that coverage?
rebirth_joel_joel_greeting_011,A capable survivor shouldn't be held back by worn gear.
rebirth_joel_joel_greeting_012,Come browse. Looking prepared never goes out of style.
rebirth_joel_joel_greeting_013,I'd be happy to recommend a useful change.
rebirth_joel_joel_greeting_014,That equipment's served you. Let's consider what comes next.
rebirth_joel_joel_greeting_015,"My friend, the right fit makes a persuasive argument."
rebirth_joel_joel_return_001,Back again. I trust the outfit earned its keep.
rebirth_joel_joel_return_002,My regular customer with a wonderfully practical wardrobe.
rebirth_joel_joel_return_003,How has your latest armor purchase treated you?
rebirth_joel_joel_return_004,A returning buyer is the compliment I appreciate most.
rebirth_joel_joel_return_005,Welcome back. Ready to address the next weak strap?
rebirth_joel_joel_return_006,"You've worn that choice with confidence, I see."
rebirth_joel_joel_return_007,Another visit to keep your protection respectable.
rebirth_joel_joel_return_008,"My friend, dependable custom suits this counter very well."
rebirth_joel_joel_return_009,Has the road made a case for replacing anything?
rebirth_joel_joel_return_010,Good to see you. Let's make this visit worthwhile too.
rebirth_joel_joel_browse_001,"Think fit, condition, and how you'll actually move."
rebirth_joel_joel_browse_002,A little attention now can avoid an expensive mistake.
rebirth_joel_joel_browse_003,No pressure. Except perhaps from that struggling buckle.
rebirth_joel_joel_browse_004,Compare your options. Good protection deserves good judgment.
rebirth_joel_joel_browse_005,The better-looking choice still needs to suit the wearer.
rebirth_joel_joel_browse_006,Consider the trip you're buying equipment for.
rebirth_joel_joel_browse_007,An informed purchase is a satisfied customer in waiting.
rebirth_joel_joel_browse_008,"My friend, the price matters less without a useful fit."
rebirth_joel_joel_purchase_001,Excellent. That gear has found a worthy customer.
rebirth_joel_joel_purchase_002,A practical improvement with a respectable appearance.
rebirth_joel_joel_purchase_003,"Your armor, my friend. Wear the choice proudly."
rebirth_joel_joel_purchase_004,Thank you. That's an investment in returning here.
rebirth_joel_joel_purchase_005,You're paid up and better outfitted for trouble.
rebirth_joel_joel_purchase_006,A very sensible addition to your protective equipment.
rebirth_joel_joel_purchase_007,I hope the fit makes the purchase feel worthwhile.
rebirth_joel_joel_purchase_008,Enjoy it. Good coverage is its own recommendation.
rebirth_joel_joel_sale_001,I'll give that equipment a chance at another customer.
rebirth_joel_joel_sale_002,Useful stock. I appreciate the opportunity to acquire it.
rebirth_joel_joel_sale_003,Here's your payment. A productive wardrobe adjustment.
rebirth_joel_joel_sale_004,"My friend, that's a trade we can both welcome."
rebirth_joel_joel_sale_005,Sold. You've made room for your next equipment decision.
rebirth_joel_joel_sale_006,I'll take it. There's still a market for usefulness.
rebirth_joel_joel_sale_007,The exchange is settled. Thank you for the supply.
rebirth_joel_joel_sale_008,You've brought gear worth doing business over.
rebirth_joel_joel_job_offer_001,"My friend, why leave empty-handed? A little work could make that next purchase a much easier decision."
rebirth_joel_joel_job_offer_002,Here's a chance to fund that equipment improvement.
rebirth_joel_joel_job_offer_003,An assignment with a reward for reliable work.
rebirth_joel_joel_job_offer_004,Consider putting your capabilities to profitable use.
rebirth_joel_joel_job_offer_005,A little effort could give your armor budget breathing room.
rebirth_joel_joel_job_offer_006,"My friend, you have the look of someone who delivers."
rebirth_joel_joel_job_offer_007,Read the task. Then imagine your options afterward.
rebirth_joel_joel_job_offer_008,There's commission available if you're willing to earn it.
rebirth_joel_joel_job_offer_009,You could turn today's work into tomorrow's protection.
rebirth_joel_joel_job_offer_010,An opportunity like this deserves a careful look.
rebirth_joel_joel_job_accept_001,Excellent. I'd enjoy rewarding a successful return.
rebirth_joel_joel_job_accept_002,A promising decision. Prepare to make it worthwhile.
rebirth_joel_joel_job_accept_003,You've accepted. I look forward to completed business.
rebirth_joel_joel_job_accept_004,May your equipment support a productive assignment.
rebirth_joel_joel_job_accept_005,"Good initiative, my friend. Keep the reward in view."
rebirth_joel_joel_job_accept_006,That's settled. Go turn ability into results.
rebirth_joel_joel_job_accept_007,I appreciate your commitment to this arrangement.
rebirth_joel_joel_job_decline_001,A pity. Your equipment fund might have appreciated it.
rebirth_joel_joel_job_decline_002,Very well. Opportunity can't fit every customer.
rebirth_joel_joel_job_decline_003,Perhaps another assignment will persuade you next time.
rebirth_joel_joel_job_decline_004,"I'll offer the work elsewhere, my friend."
rebirth_joel_joel_job_incomplete_001,The commission isn't earned until the task is finished.
rebirth_joel_joel_job_incomplete_002,You've still got an opportunity waiting outside.
rebirth_joel_joel_job_incomplete_003,A complete result will bring a complete reward.
rebirth_joel_joel_job_incomplete_004,I'm looking forward to settling the finished assignment.
rebirth_joel_joel_job_incomplete_005,Keep working. The purchasing power hasn't arrived yet.
rebirth_joel_joel_job_complete_001,"Fantastic work, my friend. Here's your reward. Let's see if we can turn it into something worth wearing."
rebirth_joel_joel_job_complete_002,Excellent result. Your commission is ready.
rebirth_joel_joel_job_complete_003,You've made a good argument for hiring you again.
rebirth_joel_joel_job_complete_004,Take your reward. Your equipment options just improved.
rebirth_joel_joel_job_complete_005,"My friend, reliable work makes business a pleasure."
rebirth_joel_joel_job_complete_006,You've turned effort into a very useful sum.
rebirth_joel_joel_job_complete_007,The task is complete. I'm happy to settle it.
rebirth_joel_joel_job_complete_008,Well done. I appreciate a customer who follows through.
rebirth_joel_joel_job_complete_009,That's deserved payment for a worthwhile result.
rebirth_joel_joel_job_complete_010,You've earned a thoughtful look at the stock now.
rebirth_joel_joel_job_complete_011,Here's the reward. Good judgment should guide its spending.
rebirth_joel_joel_job_complete_012,"Dependable performance deserves recognition, and dukes."
rebirth_joel_joel_job_complete_013,A finished job and a satisfied trader. Splendid.
rebirth_joel_joel_farewell_001,"Wear your investment well, my friend."
rebirth_joel_joel_farewell_002,Come back when your equipment asks for improvement.
rebirth_joel_joel_farewell_003,Enjoy the protection. I'd like another returning customer.
rebirth_joel_joel_farewell_004,"Safe travels, and keep those straps behaving."
rebirth_joel_joel_farewell_005,Thank you for your business and your fine judgment.
rebirth_joel_joel_farewell_006,I hope your next outfit problem brings you here early.
rebirth_joel_joel_farewell_007,May the gear serve you as well as the purchase.
rebirth_joel_joel_farewell_008,Until next visit. Keep a little budget for protection.
rebirth_joel_joel_closing_warning_001,Final wardrobe decisions. The counter closes soon.
rebirth_joel_joel_closing_warning_002,Last opportunity to improve your kit before closing.
rebirth_joel_joel_closing_final_001,We're closed now. Your next fitting must wait.
rebirth_joel_joel_closing_final_002,"Trading's ended, my friend. I look forward to reopening."
rebirth_joel_bob_greeting_001,"Well, I'll be. That old suit's worked harder than a one-legged plow horse. Let's have a look."
rebirth_joel_bob_greeting_002,Howdy. Those straps look tired of keeping up.
rebirth_joel_bob_greeting_003,"Come in, partner. Let's find you some decent coverage."
rebirth_joel_bob_greeting_004,Reckon that outfit's worked harder than its owner.
rebirth_joel_bob_greeting_005,You look like your armor met a barbed fence.
rebirth_joel_bob_greeting_006,Have a gander. Something here might fit your needs.
rebirth_joel_bob_greeting_007,No use wearing protection that fights every step.
rebirth_joel_bob_greeting_008,"Well now, that buckle's hanging on out of politeness."
rebirth_joel_bob_greeting_009,Step over. We can talk equipment without the posing.
rebirth_joel_bob_greeting_010,Got room in the budget for a sturdier getup?
rebirth_joel_bob_greeting_011,Your gear's telling tales of a rough old trip.
rebirth_joel_bob_greeting_012,Reckon a better fit would brighten the walk.
rebirth_joel_bob_greeting_013,Let's get you covered before luck runs thin.
rebirth_joel_bob_greeting_014,Come browse. A patched hole isn't always a solved problem.
rebirth_joel_bob_greeting_015,Howdy there. Shopping or just airing out that armor?
rebirth_joel_bob_return_001,"Back to mind the wear and tear, partner?"
rebirth_joel_bob_return_002,How'd that outfit take to the road?
rebirth_joel_bob_return_003,There's a familiar set of boots and buckles.
rebirth_joel_bob_return_004,You made it back. Reckon the gear helped some.
rebirth_joel_bob_return_005,"Another run wore something loose, did it?"
rebirth_joel_bob_return_006,Come on over. Let's see what's giving up.
rebirth_joel_bob_return_007,Still happy with the last armor you picked?
rebirth_joel_bob_return_008,"That setup's been earning its keep, I hope."
rebirth_joel_bob_return_009,Good to see you before the straps quit altogether.
rebirth_joel_bob_return_010,"Well, welcome again. What needs sorting today?"
rebirth_joel_bob_browse_001,Have a good look before hitching your money to it.
rebirth_joel_bob_browse_002,A proper fit beats a pretty nuisance.
rebirth_joel_bob_browse_003,"Think about hauling it all day, partner."
rebirth_joel_bob_browse_004,Don't let a shiny bit hide tired stitching.
rebirth_joel_bob_browse_005,Reckon your shoulders have opinions worth consulting.
rebirth_joel_bob_browse_006,"Choose gear that moves with you, not against you."
rebirth_joel_bob_browse_007,Inspect the straps. They're doing honest work.
rebirth_joel_bob_browse_008,No need to buy like you're dressing a parade.
rebirth_joel_bob_purchase_001,There you go. A better bit of protection.
rebirth_joel_bob_purchase_002,"You've got your gear, partner. Adjust it kindly."
rebirth_joel_bob_purchase_003,That ought to carry its weight without complaint.
rebirth_joel_bob_purchase_004,Much obliged. May the fit treat you right.
rebirth_joel_bob_purchase_005,Your purchase is settled. Get comfortable before leaving.
rebirth_joel_bob_purchase_006,A sensible choice beats another day of tugging straps.
rebirth_joel_bob_purchase_007,Take the equipment and give it a fair chance.
rebirth_joel_bob_purchase_008,You're outfitted. Keep an eye on the wear.
rebirth_joel_bob_sale_001,I reckon someone can use that gear yet.
rebirth_joel_bob_sale_002,Here's your pay. A fair equipment trade.
rebirth_joel_bob_sale_003,"You've brought some useful stock, partner."
rebirth_joel_bob_sale_004,Sold. It'll have another road to travel.
rebirth_joel_bob_sale_005,Much obliged for giving my shelves something workable.
rebirth_joel_bob_sale_006,Payment's counted. Don't leave it under the armor.
rebirth_joel_bob_sale_007,I'll take that surplus off your hands.
rebirth_joel_bob_sale_008,That's business squared away without much fuss.
rebirth_joel_bob_job_offer_001,"Here's some work, partner. Might put a little jingle back in your pockets if you're willing to get moving."
rebirth_joel_bob_job_offer_002,Got work that'll put dukes toward a better outfit.
rebirth_joel_bob_job_offer_003,"Have a look, partner. Might be your kind of task."
rebirth_joel_bob_job_offer_004,There's a job needing a steady pair of hands.
rebirth_joel_bob_job_offer_005,Reckon your gear could use a profitable outing.
rebirth_joel_bob_job_offer_006,Read this before agreeing like an eager pup.
rebirth_joel_bob_job_offer_007,I could use help getting this squared away.
rebirth_joel_bob_job_offer_008,Here's work with a reward behind it.
rebirth_joel_bob_job_offer_009,Interested in earning rather than wishing over those straps?
rebirth_joel_bob_job_offer_010,A little effort could improve your equipment fund.
rebirth_joel_bob_job_accept_001,Good on you. Check the fit before the trip.
rebirth_joel_bob_job_accept_002,You've taken it on. See it through with care.
rebirth_joel_bob_job_accept_003,"Much obliged, partner. Bring yourself back too."
rebirth_joel_bob_job_accept_004,Don't let the reward pull harder than your judgment.
rebirth_joel_bob_job_accept_005,I'll watch for you when the job's finished.
rebirth_joel_bob_job_accept_006,That's the ticket. Get your supplies together.
rebirth_joel_bob_job_accept_007,Go steady and make the work count.
rebirth_joel_bob_job_decline_001,Reckon that wasn't the task for you today.
rebirth_joel_bob_job_decline_002,Fair enough. Can't stitch willingness onto someone.
rebirth_joel_bob_job_decline_003,I'll rustle up another hand for it.
rebirth_joel_bob_job_decline_004,"No job, no pay. That's the plain arrangement."
rebirth_joel_bob_job_incomplete_001,There's still a loose end on that task.
rebirth_joel_bob_job_incomplete_002,"You ain't reached the paying part, partner."
rebirth_joel_bob_job_incomplete_003,Finish the work before counting those reward dukes.
rebirth_joel_bob_job_incomplete_004,Keep after it. A snag isn't the whole road.
rebirth_joel_bob_job_incomplete_005,"Your gear's here, but the result's still missing."
rebirth_joel_bob_job_complete_001,"Well now, that's a job handled, partner. Here's your pay. Ought to put a little spring in your step."
rebirth_joel_bob_job_complete_002,"Well now, you've pulled that task together nicely."
rebirth_joel_bob_job_complete_003,"Here's your pay, partner. Honest effort earned it."
rebirth_joel_bob_job_complete_004,Good work. That ought to help your equipment budget.
rebirth_joel_bob_job_complete_005,You stuck with it. I appreciate that kind of hand.
rebirth_joel_bob_job_complete_006,Finished and back. Can't fault a result like that.
rebirth_joel_bob_job_complete_007,Take the reward and rest those shoulders.
rebirth_joel_bob_job_complete_008,You made the assignment behave in the end.
rebirth_joel_bob_job_complete_009,Much obliged. You've done what you promised.
rebirth_joel_bob_job_complete_010,Reckon you've earned a bit of satisfaction today.
rebirth_joel_bob_job_complete_011,The job's tied off. So's the payment.
rebirth_joel_bob_job_complete_012,You're a dependable sort when you get moving.
rebirth_joel_bob_job_complete_013,"That's useful work, not just fancy-looking effort."
rebirth_joel_bob_farewell_001,Mind the buckles before one minds your face.
rebirth_joel_bob_farewell_002,Happy trails. Hope that gear stays comfortable.
rebirth_joel_bob_farewell_003,Come back before your armor turns into a quilt.
rebirth_joel_bob_farewell_004,Keep yourself covered and your footing steady.
rebirth_joel_bob_farewell_005,Don't let a loose strap spoil a good trip.
rebirth_joel_bob_farewell_006,"See you round, partner. Wear the purchase well."
rebirth_joel_bob_farewell_007,Go easy where you can. The gear'll thank you.
rebirth_joel_bob_farewell_008,Travel safe enough to bring those boots back.
rebirth_joel_bob_closing_warning_001,Closing shortly. Last chance to sort the outfit.
rebirth_joel_bob_closing_warning_002,"Pick your gear, partner. I'm winding the counter down."
rebirth_joel_bob_closing_final_001,Shop's shut now. Time to mosey out safely.
rebirth_joel_bob_closing_final_002,Trading's over today. We'll talk straps after reopening.
rebirth_joel_poppy_greeting_001,"Nice armor. Does it stop bites, or are you hoping they'll admire it first?"
rebirth_joel_poppy_greeting_002,Your armor makes an interesting argument against planning.
rebirth_joel_poppy_greeting_003,Welcome. Shall we address the holes or your denial?
rebirth_joel_poppy_greeting_004,"You look protected from fashion, at least."
rebirth_joel_poppy_greeting_005,That outfit has survived more than your good judgment.
rebirth_joel_poppy_greeting_006,Come in. A loose strap isn't a personality.
rebirth_joel_poppy_greeting_007,Armor here. Confidence may require separate maintenance.
rebirth_joel_poppy_greeting_008,You brought yourself. Let's improve the packaging.
rebirth_joel_poppy_greeting_009,Looking formidable is easy. Moving properly takes thought.
rebirth_joel_poppy_greeting_010,Nice entrance. The dangling buckle adds suspense.
rebirth_joel_poppy_greeting_011,Your gear's ambitious. Your budget catching up?
rebirth_joel_poppy_greeting_012,Step over. Those gaps won't admire themselves closed.
rebirth_joel_poppy_greeting_013,You could use protection with fewer complaints attached.
rebirth_joel_poppy_greeting_014,Welcome to the part where preparedness becomes wearable.
rebirth_joel_poppy_greeting_015,Let's find something your shoulders won't resent.
rebirth_joel_poppy_return_001,Back again. That armor didn't replace you after all.
rebirth_joel_poppy_return_002,You survived. Some credit goes to the outfit.
rebirth_joel_poppy_return_003,Another visit. Your straps must keep interesting hours.
rebirth_joel_poppy_return_004,How'd the gear behave when nobody was admiring it?
rebirth_joel_poppy_return_005,You returned before a buckle staged its escape.
rebirth_joel_poppy_return_006,"Same survivor, better coverage? Almost reassuring."
rebirth_joel_poppy_return_007,I recognize those worn patches. They've been busy.
rebirth_joel_poppy_return_008,Back to shop instead of gamble. Good development.
rebirth_joel_poppy_return_009,Still wearing the purchase? Clearly it tolerates you.
rebirth_joel_poppy_return_010,That outfit's got a new story written in it.
rebirth_joel_poppy_browse_001,Try the useful-looking option before the impressive mistake.
rebirth_joel_poppy_browse_002,The armor won't choose its owner. That's your burden.
rebirth_joel_poppy_browse_003,Check whether you can move before declaring victory.
rebirth_joel_poppy_browse_004,A decent fit is more than a fashion opinion.
rebirth_joel_poppy_browse_005,Don't let a polished buckle make the whole decision.
rebirth_joel_poppy_browse_006,"Pick protection, not an elaborate walking inconvenience."
rebirth_joel_poppy_browse_007,Your shoulders will notice the weight before compliments arrive.
rebirth_joel_poppy_browse_008,Inspect the condition. Optimism isn't reinforcing material.
rebirth_joel_poppy_purchase_001,Armor acquired. Now avoid treating yourself as invincible.
rebirth_joel_poppy_purchase_002,There. Better coverage for your existing judgment.
rebirth_joel_poppy_purchase_003,You paid. It gets to meet the real world now.
rebirth_joel_poppy_purchase_004,A useful choice. I'll restrain the surprise.
rebirth_joel_poppy_purchase_005,Take it. You can admire yourself somewhere roomier.
rebirth_joel_poppy_purchase_006,Your outfit improved. Keep the wearer worth protecting.
rebirth_joel_poppy_purchase_007,Paid up. Now learn where the straps belong.
rebirth_joel_poppy_purchase_008,You bought protection. Responsibility remains inconveniently yours.
rebirth_joel_poppy_sale_001,I'll find that armor a less sentimental audience.
rebirth_joel_poppy_sale_002,Sold. You've made space without requiring a wardrobe speech.
rebirth_joel_poppy_sale_003,Here's the money. A productive end to surplus gear.
rebirth_joel_poppy_sale_004,Useful stock. I appreciate when your pack contributes.
rebirth_joel_poppy_sale_005,That'll move. Your sales pitch can stop now.
rebirth_joel_poppy_sale_006,Payment's settled. We survived the transaction.
rebirth_joel_poppy_sale_007,I buy the gear. You keep its heroic biography.
rebirth_joel_poppy_sale_008,Done. Somebody else can negotiate with those straps.
rebirth_joel_poppy_job_offer_001,You keep looking at the armor. Here's a job. We could turn this into a visit with a point.
rebirth_joel_poppy_job_offer_002,Want better armor? I've found the earning portion.
rebirth_joel_poppy_job_offer_003,Got a task for someone inside all that equipment.
rebirth_joel_poppy_job_offer_004,Read this before committing your whole dramatic silhouette.
rebirth_joel_poppy_job_offer_005,A job pays better than admiring my shelves.
rebirth_joel_poppy_job_offer_006,You look capable. The assignment can verify that.
rebirth_joel_poppy_job_offer_007,Here's a reward with some actual effort attached.
rebirth_joel_poppy_job_offer_008,Your outfit could use a productive excursion.
rebirth_joel_poppy_job_offer_009,"I need the task finished, not modeled."
rebirth_joel_poppy_job_offer_010,This might upgrade your budget before your wardrobe.
rebirth_joel_poppy_job_accept_001,Good. Adjust the gear before testing the wearer.
rebirth_joel_poppy_job_accept_002,Accepted. Let's see follow-through behind the outfit.
rebirth_joel_poppy_job_accept_003,Go finish it. Leave the victory pose until afterward.
rebirth_joel_poppy_job_accept_004,You've committed. That's more useful than matching buckles.
rebirth_joel_poppy_job_accept_005,Check the fit. Falling over isn't an efficient entrance.
rebirth_joel_poppy_job_accept_006,Bring results back inside a reasonably intact customer.
rebirth_joel_poppy_job_accept_007,"Make the task your priority, not the scenery's opinion."
rebirth_joel_poppy_job_decline_001,No? Perhaps the armor's doing all the confidence.
rebirth_joel_poppy_job_decline_002,Fine. I'll find somebody dressed for action.
rebirth_joel_poppy_job_decline_003,Declined. Your outfit can return to decorative duties.
rebirth_joel_poppy_job_decline_004,Suit yourself. I don't pay by impressive appearance.
rebirth_joel_poppy_job_incomplete_001,The gear arrived. The completed task remains missing.
rebirth_joel_poppy_job_incomplete_002,Still unfinished. Your posture hasn't persuaded the reward.
rebirth_joel_poppy_job_incomplete_003,You're not done yet. Try moving beyond preparation.
rebirth_joel_poppy_job_incomplete_004,Results first. The dramatic return happens afterward.
rebirth_joel_poppy_job_incomplete_005,The job's waiting outside your extremely protected hesitation.
rebirth_joel_poppy_job_complete_001,You finished it. I pay you. You stop looking so surprised. Nice simple arrangement.
rebirth_joel_poppy_job_complete_002,You finished. The outfit wasn't an empty promise.
rebirth_joel_poppy_job_complete_003,Here's your reward. Improve something besides the pose.
rebirth_joel_poppy_job_complete_004,Good work. You made the armor look useful.
rebirth_joel_poppy_job_complete_005,Results delivered. Your confidence gained a little evidence.
rebirth_joel_poppy_job_complete_006,You've earned the dukes and a less skeptical glance.
rebirth_joel_poppy_job_complete_007,Task finished. Let's keep the celebration comfortably brief.
rebirth_joel_poppy_job_complete_008,You did what you said. Pleasantly unfashionable of you.
rebirth_joel_poppy_job_complete_009,Take the pay. Your gear budget can exhale.
rebirth_joel_poppy_job_complete_010,Back with results. That's my favorite accessory.
rebirth_joel_poppy_job_complete_011,You handled the work without becoming an outfit-shaped problem.
rebirth_joel_poppy_job_complete_012,Here's the reward. Wear the achievement without overdoing it.
rebirth_joel_poppy_job_complete_013,Finished properly. An inconveniently impressive habit to develop.
rebirth_joel_poppy_farewell_001,Keep the armor working and the wearer thinking.
rebirth_joel_poppy_farewell_002,Go test the gear gently before testing luck heavily.
rebirth_joel_poppy_farewell_003,Come back with fewer holes and better stories.
rebirth_joel_poppy_farewell_004,Enjoy your protection. It doesn't grant good decisions.
rebirth_joel_poppy_farewell_005,Travel safely enough to keep this a shopping relationship.
rebirth_joel_poppy_farewell_006,Check those straps before they choose a direction.
rebirth_joel_poppy_farewell_007,Stay intact. Spare buckles are easier than spare customers.
rebirth_joel_poppy_farewell_008,Out you go. Make the outfit earn its fuss.
rebirth_joel_poppy_closing_warning_001,Closing soon. Your wardrobe crisis needs a decision.
rebirth_joel_poppy_closing_warning_002,Last gear choices. Even fashion has a bedtime here.
rebirth_joel_poppy_closing_final_001,We're closed. Take the armor debate outside.
rebirth_joel_poppy_closing_final_002,Trading's over. The mirror can hear the rest.
rebirth_bob_rekt_greeting_001,"What'd you break this time, dumbass? Put it down before you fuck up something else."
rebirth_bob_rekt_greeting_002,What the fuck did you drag in this time?
rebirth_bob_rekt_greeting_003,Keep those greasy hands off the clean stock.
rebirth_bob_rekt_greeting_004,You look like a machine that lost every bolt.
rebirth_bob_rekt_greeting_005,"Got dukes, or just another broken-ass idea?"
rebirth_bob_rekt_greeting_006,Come closer. I want to hear which mistake won.
rebirth_bob_rekt_greeting_007,Don't lean on that. You've damaged enough things already.
rebirth_bob_rekt_greeting_008,You smell like fuel and terrible fucking planning.
rebirth_bob_rekt_greeting_009,Another genius who thinks noise means it's working.
rebirth_bob_rekt_greeting_010,"Tell me what you need, not what you dreamed."
rebirth_bob_rekt_greeting_011,That project better have money attached to it.
rebirth_bob_rekt_greeting_012,"You buying parts or collecting excuses, dumbass?"
rebirth_bob_rekt_greeting_013,Leave the catastrophe outside until we're discussing it.
rebirth_bob_rekt_greeting_014,"If your fix involved kicking it, I don't want details."
rebirth_bob_rekt_greeting_015,Step up. Let's see if your wallet functions.
rebirth_bob_rekt_return_001,"Back again. The clever fix didn't last, did it?"
rebirth_bob_rekt_return_002,"Same dumbass, different bag of problems."
rebirth_bob_rekt_return_003,I recognize that grease. Something failed on schedule.
rebirth_bob_rekt_return_004,You're back before your project became useful. Shocking.
rebirth_bob_rekt_return_005,What'd you fucking overtighten this time?
rebirth_bob_rekt_return_006,Last purchase survived you for how long?
rebirth_bob_rekt_return_007,There you are. My least reassuring success story.
rebirth_bob_rekt_return_008,You've worn that equipment harder than your brain.
rebirth_bob_rekt_return_009,Another visit? Your plans have terrible durability.
rebirth_bob_rekt_return_010,Good. Still alive enough to pay for mistakes.
rebirth_bob_rekt_browse_001,Check what fits before inventing a new fucking disaster.
rebirth_bob_rekt_browse_002,Parts don't become compatible because you like them.
rebirth_bob_rekt_browse_003,Stop poking the stock like it owes you answers.
rebirth_bob_rekt_browse_004,Read the details. Then try understanding them.
rebirth_bob_rekt_browse_005,"Pick something useful, not another shiny excuse."
rebirth_bob_rekt_browse_006,Your project needs supplies more than a speech.
rebirth_bob_rekt_browse_007,Don't buy by guesswork and complain by certainty.
rebirth_bob_rekt_browse_008,You choosing gear or waiting for a goddamn revelation?
rebirth_bob_rekt_purchase_001,Take it. Try not to misuse it immediately.
rebirth_bob_rekt_purchase_002,You paid. That's the first working part of this.
rebirth_bob_rekt_purchase_003,Stock's yours. The stupid experiment is your responsibility.
rebirth_bob_rekt_purchase_004,Good. A customer with supplies instead of wishes.
rebirth_bob_rekt_purchase_005,Don't come back blaming the purchase for bad planning.
rebirth_bob_rekt_purchase_006,Take your purchase. Don't return with a fucking blame story.
rebirth_bob_rekt_purchase_007,You got what you bought. Now get it right.
rebirth_bob_rekt_purchase_008,Pack it before you smear grease over everything.
rebirth_bob_rekt_sale_001,I'll buy that. Shut up about how rare it feels.
rebirth_bob_rekt_sale_002,Here's your money. Get the junk off my counter.
rebirth_bob_rekt_sale_003,Sold. Its next owner might have some fucking sense.
rebirth_bob_rekt_sale_004,Useful stock. You accidentally brought something worthwhile.
rebirth_bob_rekt_sale_005,"I paid you, asshole. That's the trade finished."
rebirth_bob_rekt_sale_006,I'll take the goods. Keep the garage legend.
rebirth_bob_rekt_sale_007,That haul's decent. Your sales pitch isn't.
rebirth_bob_rekt_sale_008,You've unloaded it. Stop trying to sell me the story too.
rebirth_bob_rekt_job_offer_001,I got work. Maybe that'll stop you standing here like a broken fucking turn signal.
rebirth_bob_rekt_job_offer_002,I've got work for somebody with more sense than noise.
rebirth_bob_rekt_job_offer_003,Want project money? Earn some fucking dukes.
rebirth_bob_rekt_job_offer_004,"Read this. It needs doing, not redesigning."
rebirth_bob_rekt_job_offer_005,You could put all that energy into a task.
rebirth_bob_rekt_job_offer_006,Got an assignment even your wallet should understand.
rebirth_bob_rekt_job_offer_007,Try completing something before starting another broken dream.
rebirth_bob_rekt_job_offer_008,The reward's real. Your effort better be too.
rebirth_bob_rekt_job_offer_009,I've got work if you can stop looking busy.
rebirth_bob_rekt_job_offer_010,Here's a job. Spare me the preliminary bullshit.
rebirth_bob_rekt_job_accept_001,Good. Get your ass off the counter and moving.
rebirth_bob_rekt_job_accept_002,Follow the task instead of your next brilliant shortcut.
rebirth_bob_rekt_job_accept_003,You're committed. Don't loosen that promise halfway.
rebirth_bob_rekt_job_accept_004,Go do useful work for a fucking change.
rebirth_bob_rekt_job_accept_005,"Bring results, not spare pieces of an excuse."
rebirth_bob_rekt_job_accept_006,Check your gear before it embarrasses us both.
rebirth_bob_rekt_job_accept_007,You took it. Finish before telling me how clever you are.
rebirth_bob_rekt_job_decline_001,Fine. Keep financing projects with daydreams.
rebirth_bob_rekt_job_decline_002,"All that tinkering, no fucking willingness to work."
rebirth_bob_rekt_job_decline_003,I'll ask somebody who can finish a yes.
rebirth_bob_rekt_job_decline_004,"Your loss, dumbass. The reward won't beg."
rebirth_bob_rekt_job_incomplete_001,Still unfinished. Your excuse isn't compatible with payment.
rebirth_bob_rekt_job_incomplete_002,"You left the results somewhere outside, apparently."
rebirth_bob_rekt_job_incomplete_003,No pay for halfway assembled fucking effort.
rebirth_bob_rekt_job_incomplete_004,Finish the task before opening another discussion.
rebirth_bob_rekt_job_incomplete_005,That job's waiting. I'm not impressed by waiting.
rebirth_bob_rekt_job_complete_001,You got it done. Good. Here's the money. Maybe you aren't as fucking useless as that project you brought in.
rebirth_bob_rekt_job_complete_002,You finished something. Mark the fucking calendar.
rebirth_bob_rekt_job_complete_003,Here's your pay. Buy supplies instead of excuses.
rebirth_bob_rekt_job_complete_004,"Good work, asshole. You've earned that once."
rebirth_bob_rekt_job_complete_005,Results delivered. Maybe you're not entirely stripped threads.
rebirth_bob_rekt_job_complete_006,You followed through. I prefer that to your theories.
rebirth_bob_rekt_job_complete_007,Task's done. Your project budget finally has substance.
rebirth_bob_rekt_job_complete_008,Take the money and keep this useful streak.
rebirth_bob_rekt_job_complete_009,Not bad. I expected at least one missing piece.
rebirth_bob_rekt_job_complete_010,You did it properly. Try remembering how that felt.
rebirth_bob_rekt_job_complete_011,Here's the reward. Don't turn it into immediate scrap.
rebirth_bob_rekt_job_complete_012,You've made yourself worth hiring today.
rebirth_bob_rekt_job_complete_013,Finished and back. I can respect that much.
rebirth_bob_rekt_farewell_001,Go build something that survives your own attention.
rebirth_bob_rekt_farewell_002,"Keep your hands clear of the moving bits, dumbass."
rebirth_bob_rekt_farewell_003,Come back with money and fewer broken plans.
rebirth_bob_rekt_farewell_004,Get out there. Try listening before tightening.
rebirth_bob_rekt_farewell_005,Don't solve every noise by hitting harder.
rebirth_bob_rekt_farewell_006,"Mind yourself, asshole. I'd hate losing a paying headache."
rebirth_bob_rekt_farewell_007,Take the supplies. Leave the fucking grease trail outside.
rebirth_bob_rekt_farewell_008,Bring your next project to the thinking stage first.
rebirth_bob_rekt_closing_warning_001,Closing soon. Finish buying whatever your mess needs.
rebirth_bob_rekt_closing_warning_002,Last supply purchase. I'm shutting this shop shortly.
rebirth_bob_rekt_closing_final_001,Counter's closed. Get your greasy ass outside.
rebirth_bob_rekt_closing_final_002,Trading's finished. Go dismantle something on your own time.
rebirth_bob_hugh_greeting_001,Bring it over. Broken gear gets people killed. Tell me what happened to it.
rebirth_bob_hugh_greeting_002,Get that equipment ready before the next outing.
rebirth_bob_hugh_greeting_003,Come forward. Tell me what your project needs.
rebirth_bob_hugh_greeting_004,A machine won't respect confidence without preparation.
rebirth_bob_hugh_greeting_005,You checked your supplies before coming here?
rebirth_bob_hugh_greeting_006,Keep your plans practical and your gear dependable.
rebirth_bob_hugh_greeting_007,What needs replacing before it fails on the road?
rebirth_bob_hugh_greeting_008,Let's turn that ambitious idea into a sensible loadout.
rebirth_bob_hugh_greeting_009,"Stand ready to work, not just admire the tools."
rebirth_bob_hugh_greeting_010,You brought a project. Have you brought a plan?
rebirth_bob_hugh_greeting_011,Preparation begins before the first thing breaks.
rebirth_bob_hugh_greeting_012,Step in. There's useful equipment to consider.
rebirth_bob_hugh_greeting_013,Don't ignore a warning noise out of pride.
rebirth_bob_hugh_greeting_014,Tell me the shortage without dressing it up.
rebirth_bob_hugh_greeting_015,Good gear needs a capable person behind it.
rebirth_bob_hugh_return_001,Back from the road. What held up and what didn't?
rebirth_bob_hugh_return_002,Another trip completed. Inspect the equipment now.
rebirth_bob_hugh_return_003,You've used the supplies. Replenish before trouble.
rebirth_bob_hugh_return_004,How'd that setup perform under real conditions?
rebirth_bob_hugh_return_005,Don't wait for complete failure to address wear.
rebirth_bob_hugh_return_006,Good return. Keep your maintenance habits sharp.
rebirth_bob_hugh_return_007,You're back with experience. Put it to work.
rebirth_bob_hugh_return_008,Still pursuing that project? Then stay properly supplied.
rebirth_bob_hugh_return_009,What did the last outing teach you about preparation?
rebirth_bob_hugh_return_010,You've kept moving. Let's make the next run dependable.
rebirth_bob_hugh_browse_001,"Choose parts for the job, not for appearances."
rebirth_bob_hugh_browse_002,Compatibility matters. Wishful thinking doesn't tighten a bolt.
rebirth_bob_hugh_browse_003,Check your requirements before committing your dukes.
rebirth_bob_hugh_browse_004,Dependable equipment beats an impressive pile of wrong supplies.
rebirth_bob_hugh_browse_005,Don't overload yourself with gear you can't use.
rebirth_bob_hugh_browse_006,"Prepare for the whole task, not the easy beginning."
rebirth_bob_hugh_browse_007,A tool's only useful if you know what to do.
rebirth_bob_hugh_browse_008,Inspect it properly. Confidence can wait its turn.
rebirth_bob_hugh_purchase_001,Equipment secured. Put it to disciplined use.
rebirth_bob_hugh_purchase_002,Good. That's one shortage handled properly.
rebirth_bob_hugh_purchase_003,You've bought supplies. Now complete the preparation.
rebirth_bob_hugh_purchase_004,The purchase is yours. Check where it belongs.
rebirth_bob_hugh_purchase_005,Paid up. Get your project into working order.
rebirth_bob_hugh_purchase_006,A practical choice. Make it earn the weight.
rebirth_bob_hugh_purchase_007,Take it along. Don't neglect the rest of your kit.
rebirth_bob_hugh_purchase_008,Your gear's improved. Keep your planning at that level.
rebirth_bob_hugh_sale_001,Useful stock. I'll buy what you can spare.
rebirth_bob_hugh_sale_002,Your payment's ready. Keep essential equipment back.
rebirth_bob_hugh_sale_003,That's traded. Review your loadout before unloading more.
rebirth_bob_hugh_sale_004,A worthwhile haul brought to the counter.
rebirth_bob_hugh_sale_005,I can use this. Here's the agreed money.
rebirth_bob_hugh_sale_006,Deal complete. Put the proceeds toward readiness.
rebirth_bob_hugh_sale_007,You've supplied something practical. Good effort.
rebirth_bob_hugh_sale_008,Sold. There's no reason to prolong the exchange.
rebirth_bob_hugh_job_offer_001,Got a task for somebody who follows through. Read it. Check your gear before you head out.
rebirth_bob_hugh_job_offer_002,Here's a task requiring some practical backbone.
rebirth_bob_hugh_job_offer_003,You need project money? There's work to earn it.
rebirth_bob_hugh_job_offer_004,Read this before claiming you've got it handled.
rebirth_bob_hugh_job_offer_005,"I want completion, not an impressive pile of preparations."
rebirth_bob_hugh_job_offer_006,There's pay for somebody who follows through.
rebirth_bob_hugh_job_offer_007,"Check your equipment, then consider the assignment."
rebirth_bob_hugh_job_offer_008,You've got energy. Let's aim it at useful work.
rebirth_bob_hugh_job_offer_009,Ready to prove you're more than a fucking plan?
rebirth_bob_hugh_job_offer_010,Take a look. Decide whether you're prepared to commit.
rebirth_bob_hugh_job_accept_001,Good. Check the gear and execute the task.
rebirth_bob_hugh_job_accept_002,Your commitment matters most when the easy part ends.
rebirth_bob_hugh_job_accept_003,Finish the work before starting something new.
rebirth_bob_hugh_job_accept_004,You've accepted. Keep your attention on the objective.
rebirth_bob_hugh_job_accept_005,"Prepare carefully, then stop rehearsing and move."
rebirth_bob_hugh_job_accept_006,Bring back a result I can reward.
rebirth_bob_hugh_job_accept_007,"Go handle it with discipline, not blind enthusiasm."
rebirth_bob_hugh_job_decline_001,Then improve your readiness before the next opportunity.
rebirth_bob_hugh_job_decline_002,"Fine. I need willing effort, not reluctant posing."
rebirth_bob_hugh_job_decline_003,Know your limits and work on them.
rebirth_bob_hugh_job_decline_004,I'll put the assignment to somebody who commits.
rebirth_bob_hugh_job_incomplete_001,Your objective's not met. There's still work outside.
rebirth_bob_hugh_job_incomplete_002,Equipment troubles don't change the requirement to finish.
rebirth_bob_hugh_job_incomplete_003,Resupply and regroup if needed. Stay on task.
rebirth_bob_hugh_job_incomplete_004,"The reward's earned through completion, not preparations."
rebirth_bob_hugh_job_incomplete_005,Don't report a finished job before it exists.
rebirth_bob_hugh_job_complete_001,Finished the task. Good work. Here's your reward. Keep showing up with results like that.
rebirth_bob_hugh_job_complete_002,Good execution. Collect your earned payment.
rebirth_bob_hugh_job_complete_003,You've turned preparation into actual results.
rebirth_bob_hugh_job_complete_004,Task complete. Check the gear before another outing.
rebirth_bob_hugh_job_complete_005,Reliable effort deserves a settled reward.
rebirth_bob_hugh_job_complete_006,Here's the money. Put it toward the next useful project.
rebirth_bob_hugh_job_complete_007,You followed through. That's the capability I wanted.
rebirth_bob_hugh_job_complete_008,A finished result beats any amount of talk.
rebirth_bob_hugh_job_complete_009,You've held up your end. I'll pay mine.
rebirth_bob_hugh_job_complete_010,Good work. Maintain that standard on the road.
rebirth_bob_hugh_job_complete_011,The assignment's handled. Stay ready for what follows.
rebirth_bob_hugh_job_complete_012,You've demonstrated discipline. I respect it.
rebirth_bob_hugh_job_complete_013,Take your reward. Recover without getting complacent.
rebirth_bob_hugh_farewell_001,Keep equipment checked and your project priorities clear.
rebirth_bob_hugh_farewell_002,Don't drive a bad plan harder just from pride.
rebirth_bob_hugh_farewell_003,Watch the road and the gear carrying you.
rebirth_bob_hugh_farewell_004,Go prepared enough to handle a setback sensibly.
rebirth_bob_hugh_farewell_005,Get moving. Make the supplies useful.
rebirth_bob_hugh_farewell_006,Check wear before it becomes a breakdown.
rebirth_bob_hugh_farewell_007,Return with your equipment and judgment still working.
rebirth_bob_hugh_farewell_008,Stay capable. Dependability takes regular effort.
rebirth_bob_hugh_closing_warning_001,Finish the supply check. This counter closes soon.
rebirth_bob_hugh_closing_warning_002,Last equipment purchase before I lock up.
rebirth_bob_hugh_closing_final_001,The workshop shop is closed. Clear the trading area.
rebirth_bob_hugh_closing_final_002,Business is done now. Return after opening.
rebirth_bob_jen_greeting_001,"Hey, good to see you. Trouble on the road? Let's see what we can get sorted out."
rebirth_bob_jen_greeting_002,"Hey, hon. What are you hoping to get working?"
rebirth_bob_jen_greeting_003,Come in. We can think through the supplies together.
rebirth_bob_jen_greeting_004,That project sounds like it's been testing your patience.
rebirth_bob_jen_greeting_005,Good to see you. Anything giving you trouble?
rebirth_bob_jen_greeting_006,You look tired from the road. Need equipment?
rebirth_bob_jen_greeting_007,Let's find something that makes your day easier.
rebirth_bob_jen_greeting_008,Don't feel silly asking how things fit together.
rebirth_bob_jen_greeting_009,A familiar face is always welcome at my counter.
rebirth_bob_jen_greeting_010,"Come browse, sweetheart. You're not interrupting me."
rebirth_bob_jen_greeting_011,What would help you feel better prepared today?
rebirth_bob_jen_greeting_012,You've put effort into that setup. I can tell.
rebirth_bob_jen_greeting_013,"Need a part, or a second look at your options?"
rebirth_bob_jen_greeting_014,Let's sort the shopping before the worry takes over.
rebirth_bob_jen_greeting_015,Glad you made it here under your own power.
rebirth_bob_jen_return_001,"How's your project coming along, hon?"
rebirth_bob_jen_return_002,You're back. I hoped the supplies were helpful.
rebirth_bob_jen_return_003,Good to see another trip brought you home.
rebirth_bob_jen_return_004,Did the last purchase do what you needed?
rebirth_bob_jen_return_005,Come on over. We'll look at the next step.
rebirth_bob_jen_return_006,"That setup's still behaving, I hope."
rebirth_bob_jen_return_007,I've wondered how you got on with the equipment.
rebirth_bob_jen_return_008,Welcome again. Has anything run short?
rebirth_bob_jen_return_009,You're learning what the project needs. That's progress.
rebirth_bob_jen_return_010,"There you are, sweetheart. Still chasing the same idea?"
rebirth_bob_jen_browse_001,Take a proper look before you choose.
rebirth_bob_jen_browse_002,You can ask about the supplies without feeling awkward.
rebirth_bob_jen_browse_003,Think about what'll actually help the project.
rebirth_bob_jen_browse_004,No need to rush yourself into the wrong part.
rebirth_bob_jen_browse_005,You deserve equipment you can use with confidence.
rebirth_bob_jen_browse_006,Consider the weight you'll be carrying home.
rebirth_bob_jen_browse_007,"Let's make the choice fit your needs, hon."
rebirth_bob_jen_browse_008,A little patience now can spare frustration later.
rebirth_bob_jen_purchase_001,Here you go. I hope the project feels easier now.
rebirth_bob_jen_purchase_002,"All yours, hon. Use it with care."
rebirth_bob_jen_purchase_003,Thank you. I'm glad I could help you prepare.
rebirth_bob_jen_purchase_004,Your supplies are ready for the trip home.
rebirth_bob_jen_purchase_005,You've made a thoughtful choice for that setup.
rebirth_bob_jen_purchase_006,"Take it along, sweetheart. Keep yourself safe using it."
rebirth_bob_jen_purchase_007,That purchase ought to give your plan a little room.
rebirth_bob_jen_purchase_008,I'm happy to see you getting what you need.
rebirth_bob_jen_sale_001,I can find use for that stock. Thank you.
rebirth_bob_jen_sale_002,"Here's your payment, hon. A nice straightforward trade."
rebirth_bob_jen_sale_003,You've brought something worthwhile to the counter.
rebirth_bob_jen_sale_004,All settled. I hope the money helps your project.
rebirth_bob_jen_sale_005,Keep the equipment you still need for yourself.
rebirth_bob_jen_sale_006,That should find someone who can use it.
rebirth_bob_jen_sale_007,Happy to buy your surplus today.
rebirth_bob_jen_sale_008,"There you go, sweetheart. Your effort brought something back."
rebirth_bob_jen_job_offer_001,"I've got a job if you'd like it, hon. Take a look. It might help with that next project of yours."
rebirth_bob_jen_job_offer_002,Could you help me get this task handled?
rebirth_bob_jen_job_offer_003,There's work if you're looking for project money.
rebirth_bob_jen_job_offer_004,You seem thoughtful. I'd appreciate that on this assignment.
rebirth_bob_jen_job_offer_005,"Take a look before you agree, hon."
rebirth_bob_jen_job_offer_006,I could use someone reliable and careful here.
rebirth_bob_jen_job_offer_007,This reward might help with the supplies you're after.
rebirth_bob_jen_job_offer_008,Would the job suit what you're able to do?
rebirth_bob_jen_job_offer_009,Get your equipment sorted before deciding to take it.
rebirth_bob_jen_job_offer_010,I'd be grateful for a little help outside the shop.
rebirth_bob_jen_job_accept_001,Thank you. Please check what you'll need first.
rebirth_bob_jen_job_accept_002,"That's helpful, hon. Come back safe afterward."
rebirth_bob_jen_job_accept_003,Don't let eagerness rush your preparation.
rebirth_bob_jen_job_accept_004,I appreciate the effort you're offering.
rebirth_bob_jen_job_accept_005,Good luck with it. I'll wait for your return.
rebirth_bob_jen_job_accept_006,You've taken it on. Keep looking after yourself too.
rebirth_bob_jen_job_accept_007,"Go carefully, sweetheart. The reward will be here."
rebirth_bob_jen_job_decline_001,That's okay. You don't have to say yes for me.
rebirth_bob_jen_job_decline_002,"Another time, perhaps. Your project can wait for earnings."
rebirth_bob_jen_job_decline_003,"I understand, hon. I'll find another helper."
rebirth_bob_jen_job_decline_004,An honest answer is better than an uneasy promise.
rebirth_bob_jen_job_incomplete_001,Still working? Keep your equipment and yourself in shape.
rebirth_bob_jen_job_incomplete_002,"The task isn't finished yet, sweetheart."
rebirth_bob_jen_job_incomplete_003,There's a little more to handle before the pay.
rebirth_bob_jen_job_incomplete_004,Don't be discouraged. Work through what remains carefully.
rebirth_bob_jen_job_incomplete_005,Need supplies before returning to it? Have a look.
rebirth_bob_jen_job_complete_001,"You did it. Here's your pay, hon. I'm glad you got back safely. How's the gear holding up?"
rebirth_bob_jen_job_complete_002,You came through. I'm very grateful for that.
rebirth_bob_jen_job_complete_003,"Here's your reward, hon. You earned the whole thing."
rebirth_bob_jen_job_complete_004,Finished and safely back. That's lovely news.
rebirth_bob_jen_job_complete_005,Good work. Your project budget has a little help now.
rebirth_bob_jen_job_complete_006,"You've kept your promise, and I'll keep mine."
rebirth_bob_jen_job_complete_007,Take the pay. Give yourself some credit too.
rebirth_bob_jen_job_complete_008,I appreciate how dependable you've been.
rebirth_bob_jen_job_complete_009,You got it handled. I knew you had it in you.
rebirth_bob_jen_job_complete_010,That's a useful result from a thoughtful survivor.
rebirth_bob_jen_job_complete_011,"Here you are, sweetheart. Thanks for the effort."
rebirth_bob_jen_job_complete_012,You've made my day easier with this job.
rebirth_bob_jen_job_complete_013,Reward's ready. Don't forget a breather before more work.
rebirth_bob_jen_farewell_001,Take care on the road and around the equipment.
rebirth_bob_jen_farewell_002,I hope your project comes together kindly.
rebirth_bob_jen_farewell_003,Come back when you need supplies or a friendly conversation.
rebirth_bob_jen_farewell_004,"Keep yourself safe, hon. You're harder to replace than parts."
rebirth_bob_jen_farewell_005,Don't push past tiredness just to finish tonight.
rebirth_bob_jen_farewell_006,"See you soon, sweetheart. Let me know how it went."
rebirth_bob_jen_farewell_007,Travel safely with that load you've bought.
rebirth_bob_jen_farewell_008,Mind yourself while you make things work.
rebirth_bob_jen_closing_warning_001,"Closing soon, hon. Need anything else for the project?"
rebirth_bob_jen_closing_warning_002,Let's finish your supplies before the counter shuts.
rebirth_bob_jen_closing_final_001,We're closed now. Safe travels until we reopen.
rebirth_bob_jen_closing_final_002,"Trading's finished, sweetheart. I'll see you another visit."
rebirth_bob_joel_greeting_001,My favorite customer. Ready to put those dukes into something that keeps you moving?
rebirth_bob_joel_greeting_002,Welcome. A worthwhile project deserves the right supplies.
rebirth_bob_joel_greeting_003,"My friend, let's give your plan some purchasing power."
rebirth_bob_joel_greeting_004,Good equipment can make ambition a more practical investment.
rebirth_bob_joel_greeting_005,You look ready to turn dukes into progress.
rebirth_bob_joel_greeting_006,Come browse. That setup may have room for improvement.
rebirth_bob_joel_greeting_007,A discerning builder doesn't settle for wishful compatibility.
rebirth_bob_joel_greeting_008,What useful addition brings you to my counter?
rebirth_bob_joel_greeting_009,Let's find supplies worth hauling back to your project.
rebirth_bob_joel_greeting_010,Preparation is where a sensible budget earns its keep.
rebirth_bob_joel_greeting_011,Welcome to the shopping portion of making things work.
rebirth_bob_joel_greeting_012,Your effort deserves equipment that complements it.
rebirth_bob_joel_greeting_013,A little investment could address that troublesome gap.
rebirth_bob_joel_greeting_014,Step up. I'm happy to discuss your options.
rebirth_bob_joel_greeting_015,You've brought an idea. Let's see what supports it.
rebirth_bob_joel_return_001,A returning project is good for returning business.
rebirth_bob_joel_return_002,"How did your last investment perform, my friend?"
rebirth_bob_joel_return_003,Welcome back. Ready to supply the next stage?
rebirth_bob_joel_return_004,I trust those parts earned their space in your pack.
rebirth_bob_joel_return_005,Another visit suggests your plan has some momentum.
rebirth_bob_joel_return_006,Good to see you investing in useful progress.
rebirth_bob_joel_return_007,Has the road recommended any equipment changes?
rebirth_bob_joel_return_008,Your continued custom makes these projects a pleasure.
rebirth_bob_joel_return_009,Back to replenish? A sound habit for an active survivor.
rebirth_bob_joel_return_010,Let's make this trip as productive as the last.
rebirth_bob_joel_browse_001,Consider what the purchase actually contributes to the project.
rebirth_bob_joel_browse_002,Compatibility is a better selling point than mere enthusiasm.
rebirth_bob_joel_browse_003,A useful part deserves a thoughtful selection.
rebirth_bob_joel_browse_004,Price is one factor. Avoiding a wasted trip is another.
rebirth_bob_joel_browse_005,Look closely. I'd like the choice to suit your plan.
rebirth_bob_joel_browse_006,You may find another necessary supply while you're here.
rebirth_bob_joel_browse_007,Your budget should work as hard as your equipment.
rebirth_bob_joel_browse_008,"My friend, good judgment improves any tool collection."
rebirth_bob_joel_purchase_001,A worthwhile addition to your project supplies.
rebirth_bob_joel_purchase_002,You've invested in moving the plan forward.
rebirth_bob_joel_purchase_003,"Your purchase, my friend. May it justify the effort."
rebirth_bob_joel_purchase_004,Thank you. It's a pleasure serving practical ambition.
rebirth_bob_joel_purchase_005,Paid and ready. The next stage looks more promising.
rebirth_bob_joel_purchase_006,Good equipment for a customer who values usefulness.
rebirth_bob_joel_purchase_007,Take it along. Put the investment to work.
rebirth_bob_joel_purchase_008,That's business settled and preparation improved.
rebirth_bob_joel_sale_001,Useful stock. I'll find it another practical application.
rebirth_bob_joel_sale_002,You've turned surplus equipment into new options.
rebirth_bob_joel_sale_003,"Here's your payment, my friend. A productive exchange."
rebirth_bob_joel_sale_004,I'll take that. There's value still to circulate.
rebirth_bob_joel_sale_005,The counter appreciates a worthwhile acquisition.
rebirth_bob_joel_sale_006,Sold. Your next project purchase has a little support.
rebirth_bob_joel_sale_007,You've supplied something another customer may appreciate.
rebirth_bob_joel_sale_008,A sensible trade. We both have reason to be pleased.
rebirth_bob_joel_job_offer_001,A useful job and a useful reward. That's a better start to your next project than wishing you had the parts.
rebirth_bob_joel_job_offer_002,This assignment could finance your next practical investment.
rebirth_bob_joel_job_offer_003,"My friend, you've got useful skills to put to work."
rebirth_bob_joel_job_offer_004,Consider the task and what its reward could buy.
rebirth_bob_joel_job_offer_005,I have earning potential for someone who follows through.
rebirth_bob_joel_job_offer_006,Your project budget might enjoy a completed commission.
rebirth_bob_joel_job_offer_007,Read this. An opportunity deserves informed attention.
rebirth_bob_joel_job_offer_008,Here's work that can turn effort into equipment money.
rebirth_bob_joel_job_offer_009,A capable survivor shouldn't overlook a worthwhile task.
rebirth_bob_joel_job_offer_010,Could this reward move your next plan along?
rebirth_bob_joel_job_accept_001,Excellent. A productive return will settle the reward.
rebirth_bob_joel_job_accept_002,You've accepted a promising use of your abilities.
rebirth_bob_joel_job_accept_003,Go prepared. Protect the effort you're investing.
rebirth_bob_joel_job_accept_004,I look forward to rewarding your follow-through.
rebirth_bob_joel_job_accept_005,"That's initiative, my friend. Put it into motion."
rebirth_bob_joel_job_accept_006,May the assignment help your next project become affordable.
rebirth_bob_joel_job_accept_007,Good choice. I'll await the completed results.
rebirth_bob_joel_job_decline_001,Perhaps another opportunity will better fit your interests.
rebirth_bob_joel_job_decline_002,A pity. Your supplies budget could have benefited.
rebirth_bob_joel_job_decline_003,Very well. I'll seek a willing worker elsewhere.
rebirth_bob_joel_job_decline_004,"No commission without commitment, my friend."
rebirth_bob_joel_job_incomplete_001,The investment of effort isn't finished yet.
rebirth_bob_joel_job_incomplete_002,"Complete the assignment, and we'll settle the payment."
rebirth_bob_joel_job_incomplete_003,There's still earning potential outside the shop.
rebirth_bob_joel_job_incomplete_004,I look forward to a result worth rewarding.
rebirth_bob_joel_job_incomplete_005,The commission remains tied to completed work.
rebirth_bob_joel_job_complete_001,"Well done, my friend. Here's your reward. Now you'll have a little more room to think about that next project."
rebirth_bob_joel_job_complete_002,You've produced value. Here's the payment for it.
rebirth_bob_joel_job_complete_003,Excellent work. Your next equipment choice has more room.
rebirth_bob_joel_job_complete_004,A useful outcome from a dependable survivor.
rebirth_bob_joel_job_complete_005,"My friend, that assignment was an investment well made."
rebirth_bob_joel_job_complete_006,Take the reward. Consider what it'll support next.
rebirth_bob_joel_job_complete_007,You've earned the money and my appreciation.
rebirth_bob_joel_job_complete_008,The task is settled. Business follows promptly.
rebirth_bob_joel_job_complete_009,Good results make hiring you an attractive prospect.
rebirth_bob_joel_job_complete_010,You've turned your capabilities into useful purchasing power.
rebirth_bob_joel_job_complete_011,Here's what I promised. Your follow-through made it possible.
rebirth_bob_joel_job_complete_012,A completed job improves any project budget.
rebirth_bob_joel_job_complete_013,Well handled. I appreciate an arrangement that delivers.
rebirth_bob_joel_farewell_001,May your supplies turn into something worth the investment.
rebirth_bob_joel_farewell_002,"Safe travels, my friend. Build your plans sensibly."
rebirth_bob_joel_farewell_003,Come back when the next stage needs funding and stock.
rebirth_bob_joel_farewell_004,Enjoy putting that equipment to profitable use.
rebirth_bob_joel_farewell_005,I hope the purchase serves your project well.
rebirth_bob_joel_farewell_006,Until next visit. Keep your budget working productively.
rebirth_bob_joel_farewell_007,Thank you for bringing practical ambition to my counter.
rebirth_bob_joel_farewell_008,May the road return you with another useful idea.
rebirth_bob_joel_closing_warning_001,Final project supplies. I'll be closing shortly.
rebirth_bob_joel_closing_warning_002,A last chance to invest before the counter shuts.
rebirth_bob_joel_closing_final_001,The shop is closed. We'll discuss equipment after reopening.
rebirth_bob_joel_closing_final_002,"Business has ended now, my friend. Travel safely."
rebirth_bob_bob_greeting_001,"Howdy, partner. Got a project, or did something fall off on the way here?"
rebirth_bob_bob_greeting_002,Howdy. What's the project keeping you busy today?
rebirth_bob_bob_greeting_003,"Come in, partner. Let's sort what you're short of."
rebirth_bob_bob_greeting_004,"That equipment's been rattling its complaints, hasn't it?"
rebirth_bob_bob_greeting_005,"Got a plan, or a pile that might become one?"
rebirth_bob_bob_greeting_006,Have a gander. We might get you pointed right.
rebirth_bob_bob_greeting_007,You look like you've wrestled a stubborn bolt.
rebirth_bob_bob_greeting_008,Step up. Tell me what you're fixing to do.
rebirth_bob_bob_greeting_009,Reckon that pack needs a useful bit of stock.
rebirth_bob_bob_greeting_010,No shame in checking a part before buying.
rebirth_bob_bob_greeting_011,How's the road treating your gear this week?
rebirth_bob_bob_greeting_012,Come on over. I can hear worry in those footsteps.
rebirth_bob_bob_greeting_013,That project needs supplies more than another worried stare.
rebirth_bob_bob_greeting_014,"Well now, you've brought a proper working-person face."
rebirth_bob_bob_greeting_015,Let's see if we can turn your idea practical.
rebirth_bob_bob_return_001,Howdy again. Did those supplies help any?
rebirth_bob_bob_return_002,"How's that project coming along, partner?"
rebirth_bob_bob_return_003,You got back before the equipment completely sulked.
rebirth_bob_bob_return_004,There's the face behind that ambitious little plan.
rebirth_bob_bob_return_005,Reckon you've found another part of the puzzle.
rebirth_bob_bob_return_006,Another outing survived. What needs replenishing now?
rebirth_bob_bob_return_007,"Still making that setup behave, are you?"
rebirth_bob_bob_return_008,Good to see you and most of your gear.
rebirth_bob_bob_return_009,Come back to the counter. Let's hear what worked.
rebirth_bob_bob_return_010,I figured your project would bring you round again.
rebirth_bob_bob_browse_001,Take a gander before reaching for the dukes.
rebirth_bob_bob_browse_002,A wrong part's just expensive shelf decoration.
rebirth_bob_bob_browse_003,"Think through where it goes, partner."
rebirth_bob_bob_browse_004,There's no prize for buying the shiniest nuisance.
rebirth_bob_bob_browse_005,Match the supply to the problem you've actually got.
rebirth_bob_bob_browse_006,Reckon patience beats hauling the wrong stuff home.
rebirth_bob_bob_browse_007,A good tool deserves a sensible job.
rebirth_bob_bob_browse_008,No hurry to make a mistake twice.
rebirth_bob_bob_purchase_001,There you go. One step nearer to sorted.
rebirth_bob_bob_purchase_002,"You've got your supplies, partner. Put them to use."
rebirth_bob_bob_purchase_003,Much obliged. Hope that project behaves for you.
rebirth_bob_bob_purchase_004,A fair purchase and a useful bit of progress.
rebirth_bob_bob_purchase_005,Take it along before your plan starts changing again.
rebirth_bob_bob_purchase_006,That stock's yours. Mind it on the road.
rebirth_bob_bob_purchase_007,You're paid up. Now comes the interesting working part.
rebirth_bob_bob_purchase_008,Reckon you've made a practical choice today.
rebirth_bob_bob_sale_001,I can use that haul. Much obliged.
rebirth_bob_bob_sale_002,"Here's your money, partner. Don't spend it carelessly."
rebirth_bob_bob_sale_003,Useful stock's always welcome at this counter.
rebirth_bob_bob_sale_004,That's sold. It'll find another project somewhere.
rebirth_bob_bob_sale_005,You've brought something I can put into circulation.
rebirth_bob_bob_sale_006,Payment's sorted. A decent day's trading.
rebirth_bob_bob_sale_007,I'll take it if you're sure it's spare.
rebirth_bob_bob_sale_008,Reckon that's a fair exchange for both of us.
rebirth_bob_bob_job_offer_001,"Got work if you've got a little gumption, partner. Have a gander and see what you reckon."
rebirth_bob_bob_job_offer_002,Have a look. This task could suit a handy survivor.
rebirth_bob_bob_job_offer_003,I could use some practical help outside the shop.
rebirth_bob_bob_job_offer_004,Got work that'll put dukes toward your project.
rebirth_bob_bob_job_offer_005,Read it before your enthusiasm takes off running.
rebirth_bob_bob_job_offer_006,A steady hand might get this handled nicely.
rebirth_bob_bob_job_offer_007,Reckon you're capable of more than discussing it.
rebirth_bob_bob_job_offer_008,There's pay at the finished end of this job.
rebirth_bob_bob_job_offer_009,Interested in doing something useful for a reward?
rebirth_bob_bob_job_offer_010,I've got an assignment needing a little follow-through.
rebirth_bob_bob_job_accept_001,Much obliged. Get your equipment ready first.
rebirth_bob_bob_job_accept_002,"That's the spirit, partner. Keep your head with it."
rebirth_bob_bob_job_accept_003,You took it on. Carry it through sensibly.
rebirth_bob_bob_job_accept_004,Go prepared. I'd rather see you back than hear a story.
rebirth_bob_bob_job_accept_005,I'll look for the result when you're done.
rebirth_bob_bob_job_accept_006,Don't let the promise of pay outrun caution.
rebirth_bob_bob_job_accept_007,Good on you. Make the task behave.
rebirth_bob_bob_job_decline_001,Fair enough. Not every job fits every hand.
rebirth_bob_bob_job_decline_002,Reckon I'll ask someone else this time.
rebirth_bob_bob_job_decline_003,No sense agreeing if you won't see it through.
rebirth_bob_bob_job_decline_004,"Well, there goes that bit of project money."
rebirth_bob_bob_job_incomplete_001,You're still in the middle of the doing part.
rebirth_bob_bob_job_incomplete_002,Ain't finished yet. Keep after those loose ends.
rebirth_bob_bob_job_incomplete_003,The pay waits till the work's squared away.
rebirth_bob_bob_job_incomplete_004,Need more supplies? Then get back to finishing.
rebirth_bob_bob_job_incomplete_005,"You've got some task left to tackle, partner."
rebirth_bob_bob_job_complete_001,"Well, hot diggity. You got it done, partner. Here's your pay. Reckon you've earned the grin on your face."
rebirth_bob_bob_job_complete_002,Much obliged. That's a job properly squared away.
rebirth_bob_bob_job_complete_003,You've earned your pay through steady work.
rebirth_bob_bob_job_complete_004,"Well now, you delivered the result I needed."
rebirth_bob_bob_job_complete_005,Take the money. Put it toward something worthwhile.
rebirth_bob_bob_job_complete_006,"Good work, partner. Reliable hands make a difference."
rebirth_bob_bob_job_complete_007,You followed through without making a meal of it.
rebirth_bob_bob_job_complete_008,"That's finished, and you're home to collect. Good."
rebirth_bob_bob_job_complete_009,Here's your reward. I appreciate an honest effort.
rebirth_bob_bob_job_complete_010,You've given me something better than promises today.
rebirth_bob_bob_job_complete_011,Reckon your project fund can breathe easier now.
rebirth_bob_bob_job_complete_012,Task handled. Don't forget to catch your own breath.
rebirth_bob_bob_job_complete_013,You made it work. That's a fine thing to manage.
rebirth_bob_bob_farewell_001,"Mind your fingers and your plans, partner."
rebirth_bob_bob_farewell_002,Hope the next bolt turns the right way.
rebirth_bob_bob_farewell_003,Come back when the project needs another useful piece.
rebirth_bob_bob_farewell_004,Keep the gear cared for and yourself fed.
rebirth_bob_bob_farewell_005,Happy trails. Don't ignore the warning rattles.
rebirth_bob_bob_farewell_006,Go steady. Machines don't forgive much when you're tired.
rebirth_bob_bob_farewell_007,See you round with that setup working better.
rebirth_bob_bob_farewell_008,Take your supplies and a little patience along.
rebirth_bob_bob_closing_warning_001,"Nearly closing. Pick your last project supplies, partner."
rebirth_bob_bob_closing_warning_002,Counter's winding down. Need any equipment before I shut?
rebirth_bob_bob_closing_final_001,Workshop shop's closed. Time to head homeward.
rebirth_bob_bob_closing_final_002,That's trading wrapped up. Come around after reopening.
rebirth_bob_poppy_greeting_001,Back already? Either you missed me or your machine made an interesting noise. Which one?
rebirth_bob_poppy_greeting_002,Another project? Your last one still looks offended.
rebirth_bob_poppy_greeting_003,Come in. Let's improve the parts before the speech.
rebirth_bob_poppy_greeting_004,"Your machine made a noise, and you took it personally."
rebirth_bob_poppy_greeting_005,That setup needs supplies more than reassurance.
rebirth_bob_poppy_greeting_006,You brought ambition. Did compatibility make the trip?
rebirth_bob_poppy_greeting_007,Welcome. Let's turn the pile into a slightly better pile.
rebirth_bob_poppy_greeting_008,That plan has potential. Mostly room for improvement.
rebirth_bob_poppy_greeting_009,You look like a wrench lost an argument with you.
rebirth_bob_poppy_greeting_010,What's missing besides the part you forgot to check?
rebirth_bob_poppy_greeting_011,A project is fine. An endless excuse pile costs patience.
rebirth_bob_poppy_greeting_012,Come browse before improvisation becomes your full-time enemy.
rebirth_bob_poppy_greeting_013,Your gear's interesting. Functional would be a nice sequel.
rebirth_bob_poppy_greeting_014,You've found the counter. Half your shopping plan works.
rebirth_bob_poppy_greeting_015,Let's address the machine instead of its tragic biography.
rebirth_bob_poppy_return_001,Back again. Your project keeps excellent shopping hours.
rebirth_bob_poppy_return_002,"Did it work, or merely become louder?"
rebirth_bob_poppy_return_003,You returned with questions. Better than scattered pieces.
rebirth_bob_poppy_return_004,There's my repeat customer in ambitious complications.
rebirth_bob_poppy_return_005,Same setup? It clearly enjoys making demands.
rebirth_bob_poppy_return_006,Another visit. The parts budget must be thrilled.
rebirth_bob_poppy_return_007,You came before forcing the wrong thing to fit. Progress.
rebirth_bob_poppy_return_008,Your machine still tolerating your improvement program?
rebirth_bob_poppy_return_009,Back for supplies. At least the plan has funding.
rebirth_bob_poppy_return_010,I recognize that look. Something didn't appreciate your shortcut.
rebirth_bob_poppy_browse_001,Check the fit. The part won't share your optimism.
rebirth_bob_poppy_browse_002,Useful beats shiny. An upsettingly durable shopping rule.
rebirth_bob_poppy_browse_003,You can buy supplies. Good planning remains your part.
rebirth_bob_poppy_browse_004,Inspect it before naming it the solution.
rebirth_bob_poppy_browse_005,Wrong equipment stays wrong even if you bought confidently.
rebirth_bob_poppy_browse_006,Don't make the project heavier just to feel productive.
rebirth_bob_poppy_browse_007,Pick something that belongs in the actual plan.
rebirth_bob_poppy_browse_008,Your machine won't applaud an expensive guess.
rebirth_bob_poppy_purchase_001,Supplies acquired. Try fitting them to reality.
rebirth_bob_poppy_purchase_002,There. Your plan has another physical component.
rebirth_bob_poppy_purchase_003,Paid up. Now stop shopping and start thinking.
rebirth_bob_poppy_purchase_004,A useful purchase. Let's preserve that achievement.
rebirth_bob_poppy_purchase_005,The part's yours. Compatibility isn't negotiable afterward.
rebirth_bob_poppy_purchase_006,Take it along. Your project might finally forgive you.
rebirth_bob_poppy_purchase_007,"You bought equipment, not an excuse to skip instructions."
rebirth_bob_poppy_purchase_008,Good choice. I won't burden you with excessive praise.
rebirth_bob_poppy_sale_001,I'll take that. Surplus finally found a purpose.
rebirth_bob_poppy_sale_002,Here's your money. Your pack can stop rattling it.
rebirth_bob_poppy_sale_003,Sold. The stock survived your persuasive life story.
rebirth_bob_poppy_sale_004,Useful haul. You continue to surprise occasionally.
rebirth_bob_poppy_sale_005,That trade's done. No assembly demonstration needed.
rebirth_bob_poppy_sale_006,I buy the supplies. You keep the sentimental attachment.
rebirth_bob_poppy_sale_007,Payment complete. Efficient use of a pile.
rebirth_bob_poppy_sale_008,Somebody'll use this. We can hope responsibly.
rebirth_bob_poppy_job_offer_001,"Got a task that needs doing. I'd do it, but somebody has to keep you supplied. Your turn."
rebirth_bob_poppy_job_offer_002,Here's work. Your project could use less imaginary funding.
rebirth_bob_poppy_job_offer_003,Got a task that rewards actual follow-through.
rebirth_bob_poppy_job_offer_004,Take a look before announcing a complicated improvement.
rebirth_bob_poppy_job_offer_005,This assignment needs completion more than redesign.
rebirth_bob_poppy_job_offer_006,You seem capable. A finished job would confirm it.
rebirth_bob_poppy_job_offer_007,Earn some supplies money instead of inventing it.
rebirth_bob_poppy_job_offer_008,I could use help from someone who reads first.
rebirth_bob_poppy_job_offer_009,An opportunity to finish something with a clear endpoint.
rebirth_bob_poppy_job_offer_010,Your hands look busy. Let's make that useful.
rebirth_bob_poppy_job_accept_001,Good. Follow the task before following inspiration.
rebirth_bob_poppy_job_accept_002,You've accepted. Try finishing before upgrading the concept.
rebirth_bob_poppy_job_accept_003,Get it handled. I'll reserve skepticism until necessary.
rebirth_bob_poppy_job_accept_004,Preparation first. Improvisation can wait outside the plan.
rebirth_bob_poppy_job_accept_005,"Bring back results, not a fascinating new complication."
rebirth_bob_poppy_job_accept_006,That's settled. You have productive places to be.
rebirth_bob_poppy_job_accept_007,Go do it. Don't let the thinking stop halfway.
rebirth_bob_poppy_job_decline_001,All right. Your project will remain imaginatively funded.
rebirth_bob_poppy_job_decline_002,No? Then busy hands weren't the same as willingness.
rebirth_bob_poppy_job_decline_003,I'll ask someone who can assemble a yes.
rebirth_bob_poppy_job_decline_004,Suit yourself. The reward's not self-installing.
rebirth_bob_poppy_job_incomplete_001,Still unfinished. You've reached the familiar project stage.
rebirth_bob_poppy_job_incomplete_002,"The assignment wants results, not another promising diagram."
rebirth_bob_poppy_job_incomplete_003,Get the remaining work done before discussing refinements.
rebirth_bob_poppy_job_incomplete_004,You haven't earned the reward by circling the problem.
rebirth_bob_poppy_job_incomplete_005,Finish first. Then tell me how clever it became.
rebirth_bob_poppy_job_complete_001,You finished the work. I get to stop wondering about it. Take your pay before you find something else to break.
rebirth_bob_poppy_job_complete_002,You finished something. Let's encourage the unusual habit.
rebirth_bob_poppy_job_complete_003,Here's the pay. Your project gets real funding now.
rebirth_bob_poppy_job_complete_004,"Good result. Less explaining than expected, too."
rebirth_bob_poppy_job_complete_005,Task handled. Your follow-through has improved its reputation.
rebirth_bob_poppy_job_complete_006,You've earned the reward and a brief compliment.
rebirth_bob_poppy_job_complete_007,Take the money. Try buying a necessary part.
rebirth_bob_poppy_job_complete_008,Finished properly. Clearly you can do that sometimes.
rebirth_bob_poppy_job_complete_009,You delivered. My skepticism needs a short rest.
rebirth_bob_poppy_job_complete_010,A completed assignment. Much tidier than your usual plans.
rebirth_bob_poppy_job_complete_011,Here's your reward. Keep it out of useless upgrades.
rebirth_bob_poppy_job_complete_012,You made it work without a sequel of problems.
rebirth_bob_poppy_job_complete_013,Good job. We can stop wondering whether you'd finish.
rebirth_bob_poppy_farewell_001,Go improve something without declaring war on compatibility.
rebirth_bob_poppy_farewell_002,Keep your fingers. Projects aren't worth becoming shorter.
rebirth_bob_poppy_farewell_003,Come back with progress instead of a louder machine.
rebirth_bob_poppy_farewell_004,Take the supplies. Leave the elaborate excuses here unwritten.
rebirth_bob_poppy_farewell_005,Try a plan that survives first contact with parts.
rebirth_bob_poppy_farewell_006,Mind yourself. Equipment is easier to reorder.
rebirth_bob_poppy_farewell_007,See you after the machine accepts your apology.
rebirth_bob_poppy_farewell_008,Travel safely enough to enjoy your next working idea.
rebirth_bob_poppy_closing_warning_001,Closing soon. Your project's last shopping crisis needs resolving.
rebirth_bob_poppy_closing_warning_002,Finish picking supplies. The shop isn't an endless workshop.
rebirth_bob_poppy_closing_final_001,We're closed. Continue the grand mechanical theory outside.
rebirth_bob_poppy_closing_final_002,Trading's finished. Your project can sulk until reopening.
rebirth_poppy_rekt_first_meet_001,I'm Poppy. Keep your fucking hands off the tools.
rebirth_poppy_rekt_first_meet_002,"New face, same stupid look. What do you need?"
rebirth_poppy_rekt_first_meet_003,You found me. Congratulations on following a doorway.
rebirth_poppy_rekt_first_meet_004,Welcome. Try becoming useful before becoming annoying.
rebirth_poppy_rekt_first_meet_005,"If you came for charity, you're shit out of luck."
rebirth_poppy_rekt_first_meet_006,"Bring payment, not that wounded fucking expression."
rebirth_poppy_rekt_first_meet_007,I fix gear. I don't fix entitled assholes.
rebirth_poppy_rekt_first_meet_008,Tell me what you're after before I regret asking.
rebirth_poppy_rekt_first_meet_009,Another stranger with broken crap and a hopeful grin.
rebirth_poppy_rekt_first_meet_010,Don't lean on the bench. That's where actual work happens.
rebirth_poppy_rekt_beverages_001,Crystals buy the drinks. Your whining doesn't.
rebirth_poppy_rekt_beverages_002,You want a boost? Bring the fucking payment.
rebirth_poppy_rekt_beverages_003,Pick a drink before you drool on the counter.
rebirth_poppy_rekt_beverages_004,"These cost crystals, asshole. Not charming little excuses."
rebirth_poppy_rekt_beverages_005,No free pours. I've heard every thirsty sob story.
rebirth_poppy_rekt_beverages_006,Bring something that sparkles besides your terrible fucking ideas.
rebirth_poppy_rekt_repair_001,"Put that busted shit on the counter. And tell me what you did to it, not what you wish you'd done."
rebirth_poppy_rekt_repair_002,Look at that damage. Did thinking hurt too much?
rebirth_poppy_rekt_repair_003,Set the gear down. Stop fucking shaking it at me.
rebirth_poppy_rekt_repair_004,I'll look at repairs. You look at your wallet.
rebirth_poppy_rekt_repair_005,"You break things like it's a calling, dumbass."
rebirth_poppy_rekt_repair_006,"Bring the damaged item, not just the complaint."
rebirth_poppy_rekt_repair_007,That repair needs payment. Your regret isn't currency.
rebirth_poppy_rekt_weapon_purchase_001,"Buy a weapon you can actually use, asshole."
rebirth_poppy_rekt_weapon_purchase_002,Quit petting the stock. Pick something or move.
rebirth_poppy_rekt_weapon_purchase_003,A decent weapon won't cure a stupid fucking operator.
rebirth_poppy_rekt_weapon_purchase_004,There's gear here. Your aim's your own problem.
rebirth_poppy_rekt_weapon_purchase_005,Choose before those empty hands start embarrassing us.
rebirth_poppy_rekt_weapon_purchase_006,Looking fierce doesn't pay for a firearm.
rebirth_poppy_rekt_weapon_purchase_007,"I sell weapons, not guarantees against your dumb decisions."
rebirth_poppy_rekt_add_weapon_bonus_001,Got crystals? Then we can discuss weapon bonuses.
rebirth_poppy_rekt_add_weapon_bonus_002,Pick the bonus instead of posing with the fucking weapon.
rebirth_poppy_rekt_add_weapon_bonus_003,An upgrade isn't permission to stop thinking.
rebirth_poppy_rekt_add_weapon_bonus_004,"Bring the weapon and the payment. Both, genius."
rebirth_poppy_rekt_add_weapon_bonus_005,Want it improved? Make an actual fucking choice.
rebirth_poppy_rekt_add_weapon_bonus_006,I'll handle the bonus. You handle not wasting it.
rebirth_poppy_rekt_remove_weapon_bonus_001,You want that bonus removed? Think before answering.
rebirth_poppy_rekt_remove_weapon_bonus_002,Decide properly. I'm not indulging a fucking back-and-forth.
rebirth_poppy_rekt_remove_weapon_bonus_003,Removing it won't refund your terrible planning.
rebirth_poppy_rekt_remove_weapon_bonus_004,You can change the weapon. Try changing your mind less.
rebirth_poppy_rekt_locate_hive_001,Bring the remains if you want hive information.
rebirth_poppy_rekt_locate_hive_002,Coordinates cost the right goods. Not your tough talk.
rebirth_poppy_rekt_locate_hive_003,Want directions into a hive? Buy them properly.
rebirth_poppy_rekt_locate_hive_004,Those undead bits have a use. Your whining doesn't.
rebirth_poppy_rekt_locate_hive_005,I've got leads. You've got a fucking death wish.
rebirth_poppy_rekt_locate_hive_006,"Pay for the location, then worry about surviving it."
rebirth_poppy_rekt_find_crystals_001,"Crystals don't crawl into your pack, lazy bastard."
rebirth_poppy_rekt_find_crystals_002,Different regions hold different crystals. Open your damn eyes.
rebirth_poppy_rekt_find_crystals_003,Find the crystals before demanding my upgrades.
rebirth_poppy_rekt_find_crystals_004,Caves aren't getting brighter because you're fucking nervous.
rebirth_poppy_rekt_find_crystals_005,Bring back crystals instead of theories about them.
rebirth_poppy_rekt_find_crystals_006,Those shiny bits are useful. Go earn some.
rebirth_poppy_rekt_find_crystals_007,You want the benefits? Stop standing here empty-handed.
rebirth_poppy_rekt_hive_complete_001,"You cleared the hive? Holy shit. Take a breath, asshole. You're dripping all over my counter."
rebirth_poppy_rekt_hive_complete_002,You cleared it. Guess the hive was dumber than you.
rebirth_poppy_rekt_hive_complete_003,Boss down and you're upright. I'll take that surprise.
rebirth_poppy_rekt_hive_complete_004,"Well, shit. You brought results instead of body parts."
rebirth_poppy_rekt_hive_complete_005,Hive finished. Spare me the fucking victory dance.
rebirth_poppy_rekt_hive_complete_006,You did the ugly work. Respect where it's due.
rebirth_poppy_rekt_hive_complete_007,Back alive after that mess? Stubborn little bastard.
rebirth_poppy_rekt_hive_complete_008,You handled the hive. Don't pretend the goo's cologne.
rebirth_poppy_rekt_hive_complete_009,That's real work finished. I can't insult the result.
rebirth_poppy_rekt_hive_complete_010,"You proved me wrong, asshole. Enjoy it while it lasts."
rebirth_poppy_rekt_trade_complete_001,Deal's done. Get your shit packed properly.
rebirth_poppy_rekt_trade_complete_002,You paid. I supplied. The talking can stop.
rebirth_poppy_rekt_trade_complete_003,Good trade. Try surviving long enough to repeat it.
rebirth_poppy_rekt_trade_complete_004,Take your purchase before you smear something on it.
rebirth_poppy_rekt_trade_complete_005,That's settled. You finally did something straightforward.
rebirth_poppy_rekt_trade_complete_006,Your goods are yours. Your fuckups remain yours too.
rebirth_poppy_rekt_trade_complete_007,Business finished. Stop grinning like I adopted you.
rebirth_poppy_rekt_trade_complete_008,You bought something useful. I'm nearly impressed.
rebirth_poppy_rekt_trade_complete_009,All squared away. Get out there and justify it.
rebirth_poppy_rekt_greeting_001,"You drag that busted shit in here expecting a miracle? Set it down, asshole. Let's see."
rebirth_poppy_rekt_greeting_002,You again. Which piece of gear suffered this time?
rebirth_poppy_rekt_greeting_003,Keep the mess outside until we discuss it.
rebirth_poppy_rekt_greeting_004,"Got crystals, dukes, or another fucking complaint?"
rebirth_poppy_rekt_greeting_005,Step up. I haven't got all day for that face.
rebirth_poppy_rekt_greeting_006,You look like a tool I wouldn't keep.
rebirth_poppy_rekt_greeting_007,Try telling me what you need without performing it.
rebirth_poppy_rekt_greeting_008,"If you're here to break something, start outside."
rebirth_poppy_rekt_greeting_009,"Your gear's unhappy. I'd be too, carrying you."
rebirth_poppy_rekt_greeting_010,"Well, you're breathing. Let's find a use for that."
rebirth_poppy_rekt_farewell_001,Don't come back dead. I won't fucking repair you.
rebirth_poppy_rekt_farewell_002,Keep your hands clear and your head less empty.
rebirth_poppy_rekt_farewell_003,Take the gear and stop testing my patience.
rebirth_poppy_rekt_farewell_004,"Bring payment next visit, not fresh bullshit."
rebirth_poppy_rekt_farewell_005,"Watch yourself, asshole. I prefer customers with pulses."
rebirth_poppy_rekt_farewell_006,Go make a sensible decision purely for variety.
rebirth_poppy_rekt_backstory_001,I fixed engines before the world shit itself.
rebirth_poppy_rekt_backstory_002,"White River got my work, not a fucking begging letter."
rebirth_poppy_rekt_backstory_003,People remembered the gear I kept functioning. Funny how usefulness works.
rebirth_poppy_rekt_backstory_004,I'd take grease over somebody's blood any damn day.
rebirth_poppy_rekt_locate_caves_001,Want cave leads? Start by asking like a person.
rebirth_poppy_rekt_locate_caves_002,"I can show you where to look underground, dumbass."
rebirth_poppy_rekt_locate_caves_003,Cave directions won't protect your ass down there.
rebirth_poppy_rekt_locate_caves_004,You want routes? Then stop staring and get to business.
rebirth_poppy_rekt_add_armor_perk_001,Choose an armor perk. Spare me the fucking dramatics.
rebirth_poppy_rekt_add_armor_perk_002,"The genetic work needs a decision, not a pose."
rebirth_poppy_rekt_add_armor_perk_003,Want that armor improved? Pay attention to the options.
rebirth_poppy_rekt_add_armor_perk_004,I handle the weave. You handle not becoming lunch.
rebirth_poppy_hugh_first_meet_001,Poppy. I keep useful gear in useful hands.
rebirth_poppy_hugh_first_meet_002,New survivor? Show me you're ready to work.
rebirth_poppy_hugh_first_meet_003,Come in. Tell me what your equipment needs.
rebirth_poppy_hugh_first_meet_004,You want my help? Bring a practical attitude.
rebirth_poppy_hugh_first_meet_005,This bench isn't for posing. Step up properly.
rebirth_poppy_hugh_first_meet_006,I fix things that keep people capable.
rebirth_poppy_hugh_first_meet_007,Get clear about your needs before making demands.
rebirth_poppy_hugh_first_meet_008,You found the shop. Now make the visit count.
rebirth_poppy_hugh_first_meet_009,"Preparedness takes supplies, not just a fierce expression."
rebirth_poppy_hugh_first_meet_010,"I'm interested in what you can do, not claim."
rebirth_poppy_hugh_beverages_001,Bring crystals if you want the improved drinks.
rebirth_poppy_hugh_beverages_002,Choose a boost that suits your actual plans.
rebirth_poppy_hugh_beverages_003,These drinks cost crystals. Get the payment ready.
rebirth_poppy_hugh_beverages_004,Preparation includes what you're putting into the effort.
rebirth_poppy_hugh_beverages_005,Pick your drink and commit to the choice.
rebirth_poppy_hugh_beverages_006,The counter's ready. Make a clear decision.
rebirth_poppy_hugh_repair_001,"Show me the damage. You need gear you can rely on, so let's look at it properly."
rebirth_poppy_hugh_repair_002,Show me the damage. Dependable gear matters.
rebirth_poppy_hugh_repair_003,A neglected repair becomes a failure under pressure.
rebirth_poppy_hugh_repair_004,Get the item here and consider the cost.
rebirth_poppy_hugh_repair_005,"You need it ready for use, not merely impressive."
rebirth_poppy_hugh_repair_006,We'll discuss repairs before you push it further.
rebirth_poppy_hugh_repair_007,Stop ignoring the wear. Address it properly.
rebirth_poppy_hugh_weapon_purchase_001,Choose a weapon you can put to disciplined use.
rebirth_poppy_hugh_weapon_purchase_002,Get your equipment ready before seeking a fight.
rebirth_poppy_hugh_weapon_purchase_003,A capable survivor knows what they need to carry.
rebirth_poppy_hugh_weapon_purchase_004,Inspect the weapon before committing your money.
rebirth_poppy_hugh_weapon_purchase_005,Don't confuse a larger weapon with greater readiness.
rebirth_poppy_hugh_weapon_purchase_006,Make the purchase support your actual task.
rebirth_poppy_hugh_weapon_purchase_007,Useful firepower needs a focused operator behind it.
rebirth_poppy_hugh_add_weapon_bonus_001,"Check the weapon, choose the bonus, bring crystals."
rebirth_poppy_hugh_add_weapon_bonus_002,An improvement should serve your combat plan.
rebirth_poppy_hugh_add_weapon_bonus_003,Read the choices before declaring you know best.
rebirth_poppy_hugh_add_weapon_bonus_004,You want more capability? Commit to the upgrade properly.
rebirth_poppy_hugh_add_weapon_bonus_005,Make the bonus a practical addition to your gear.
rebirth_poppy_hugh_add_weapon_bonus_006,Preparation includes knowing what you're adding.
rebirth_poppy_hugh_remove_weapon_bonus_001,Be certain before requesting the bonus removed.
rebirth_poppy_hugh_remove_weapon_bonus_002,"If the bonus doesn't suit your plan, decide firmly."
rebirth_poppy_hugh_remove_weapon_bonus_003,Removing it is a choice. Own the choice.
rebirth_poppy_hugh_remove_weapon_bonus_004,Don't alter your loadout just from frustration.
rebirth_poppy_hugh_locate_hive_001,Hive intelligence needs the required remains as payment.
rebirth_poppy_hugh_locate_hive_002,Get the right goods together before asking for coordinates.
rebirth_poppy_hugh_locate_hive_003,You want a hive location? Prepare for the answer.
rebirth_poppy_hugh_locate_hive_004,I'll discuss the leads. You assess your readiness.
rebirth_poppy_hugh_locate_hive_005,Information's useful only if you can act on it.
rebirth_poppy_hugh_locate_hive_006,Bring the payment and a plan for going in.
rebirth_poppy_hugh_find_crystals_001,Search different regions for the crystals you need.
rebirth_poppy_hugh_find_crystals_002,Prepare for darkness before heading out to gather.
rebirth_poppy_hugh_find_crystals_003,Bring crystals back if you want those improvements.
rebirth_poppy_hugh_find_crystals_004,Keep your eyes open instead of rushing blindly.
rebirth_poppy_hugh_find_crystals_005,"The resources need finding, not another fucking debate."
rebirth_poppy_hugh_find_crystals_006,You know what to collect. Get equipped for it.
rebirth_poppy_hugh_find_crystals_007,Don't enter underground unprepared just to prove nerve.
rebirth_poppy_hugh_hive_complete_001,"Hive cleared, survivor standing. Good work. That's what finishing a job looks like."
rebirth_poppy_hugh_hive_complete_002,Hive cleared. That's execution worth respecting.
rebirth_poppy_hugh_hive_complete_003,You handled the boss and returned standing.
rebirth_poppy_hugh_hive_complete_004,Good work. You followed through under real pressure.
rebirth_poppy_hugh_hive_complete_005,"That's a hive dealt with, not merely discussed."
rebirth_poppy_hugh_hive_complete_006,You've shown capability. Keep that discipline next time.
rebirth_poppy_hugh_hive_complete_007,A completed hive deserves acknowledgment. Well handled.
rebirth_poppy_hugh_hive_complete_008,You came back with results and your own legs.
rebirth_poppy_hugh_hive_complete_009,That's decisive work from a prepared survivor.
rebirth_poppy_hugh_hive_complete_010,Job finished. Now recover and check your gear.
rebirth_poppy_hugh_trade_complete_001,Supplies secured. Put them to proper use.
rebirth_poppy_hugh_trade_complete_002,Your purchase is settled. Finish preparing before leaving.
rebirth_poppy_hugh_trade_complete_003,Good decision. Keep the equipment ready afterward.
rebirth_poppy_hugh_trade_complete_004,Deal complete. Turn the supplies into capability.
rebirth_poppy_hugh_trade_complete_005,You've paid. Now make the investment count.
rebirth_poppy_hugh_trade_complete_006,Business handled. Your next action should be practical.
rebirth_poppy_hugh_trade_complete_007,Take your goods and maintain your readiness.
rebirth_poppy_hugh_trade_complete_008,That exchange is finished. Check your pack.
rebirth_poppy_hugh_trade_complete_009,You're stocked. Don't undermine preparation with carelessness.
rebirth_poppy_hugh_greeting_001,Put the gear here. You need it working before you go back into the field. No half measures.
rebirth_poppy_hugh_greeting_002,Step up. What needs attention on your gear?
rebirth_poppy_hugh_greeting_003,"Ready for your next task, or short on supplies?"
rebirth_poppy_hugh_greeting_004,You've returned. Report what's wearing out.
rebirth_poppy_hugh_greeting_005,Let's get your setup dependable before the next fight.
rebirth_poppy_hugh_greeting_006,Got the required payment for what you need?
rebirth_poppy_hugh_greeting_007,Don't delay necessary repairs. Address them now.
rebirth_poppy_hugh_greeting_008,Come in. There's useful work behind this bench.
rebirth_poppy_hugh_greeting_009,"Tell me what you want improved, clearly."
rebirth_poppy_hugh_greeting_010,Check your equipment. Then decide how I can help.
rebirth_poppy_hugh_farewell_001,Stay prepared around the gear you're relying on.
rebirth_poppy_hugh_farewell_002,Go handle your business with your head clear.
rebirth_poppy_hugh_farewell_003,Don't let a successful upgrade replace discipline.
rebirth_poppy_hugh_farewell_004,Come back with working equipment and yourself intact.
rebirth_poppy_hugh_farewell_005,Keep your supplies ready for the next objective.
rebirth_poppy_hugh_farewell_006,Move wisely. Capability isn't permission for stupid risks.
rebirth_poppy_hugh_backstory_001,I learned dependable work by keeping engines running.
rebirth_poppy_hugh_backstory_002,White River recognized results. I earned that place.
rebirth_poppy_hugh_backstory_003,Maintaining people's gear became another way of protecting survivors.
rebirth_poppy_hugh_backstory_004,Useful work kept me going when everything else collapsed.
rebirth_poppy_hugh_locate_caves_001,Want cave directions? Get ready for underground conditions first.
rebirth_poppy_hugh_locate_caves_002,I can provide cave leads for a prepared survivor.
rebirth_poppy_hugh_locate_caves_003,Coordinates alone don't make a safe descent.
rebirth_poppy_hugh_locate_caves_004,Assess your equipment before deciding on those routes.
rebirth_poppy_hugh_add_armor_perk_001,Choose the armor perk that supports your task.
rebirth_poppy_hugh_add_armor_perk_002,Look at the genetic options before committing.
rebirth_poppy_hugh_add_armor_perk_003,You want improved gear? Make a disciplined selection.
rebirth_poppy_hugh_add_armor_perk_004,The armor work starts with knowing your requirements.
rebirth_poppy_jen_first_meet_001,"Hi, I'm Poppy. What can I help you with?"
rebirth_poppy_jen_first_meet_002,"Come inside, hon. It's good to meet a living face."
rebirth_poppy_jen_first_meet_003,New around here? We can talk through what you need.
rebirth_poppy_jen_first_meet_004,Don't be shy about asking me to explain the services.
rebirth_poppy_jen_first_meet_005,I hope the road hasn't been too hard on you.
rebirth_poppy_jen_first_meet_006,Welcome. Let's make your equipment a little less worrying.
rebirth_poppy_jen_first_meet_007,You look like you've traveled a long way.
rebirth_poppy_jen_first_meet_008,I'm glad you found the bench while still standing.
rebirth_poppy_jen_first_meet_009,"Tell me what you're looking for, sweetheart."
rebirth_poppy_jen_first_meet_010,There's useful help here if you've brought the payment.
rebirth_poppy_jen_beverages_001,"Got crystals, hon? We can look at the drinks."
rebirth_poppy_jen_beverages_002,Choose a drink that suits what you're hoping to do.
rebirth_poppy_jen_beverages_003,These cost crystals. I can help you compare them.
rebirth_poppy_jen_beverages_004,A little boost might make the next outing easier.
rebirth_poppy_jen_beverages_005,"Take your time picking, sweetheart. It's your choice."
rebirth_poppy_jen_beverages_006,Bring your crystals when you're ready for a drink.
rebirth_poppy_jen_repair_001,"Oh, that took a beating, didn't it? Bring it over, hon. Let me see what needs attention."
rebirth_poppy_jen_repair_002,"Oh, that gear's had a rough time of it."
rebirth_poppy_jen_repair_003,Let me see the damage before you worry yourself sick.
rebirth_poppy_jen_repair_004,We can discuss the repair and what it'll cost.
rebirth_poppy_jen_repair_005,You deserve equipment you can rely on out there.
rebirth_poppy_jen_repair_006,"Bring the item closer, hon. I'll have a look."
rebirth_poppy_jen_repair_007,Let's address the wear before it becomes more trouble.
rebirth_poppy_jen_weapon_purchase_001,"Find a weapon you're comfortable handling, sweetheart."
rebirth_poppy_jen_weapon_purchase_002,Take a proper look before choosing what to buy.
rebirth_poppy_jen_weapon_purchase_003,I'd like you to leave feeling better equipped.
rebirth_poppy_jen_weapon_purchase_004,You can ask questions about your options here.
rebirth_poppy_jen_weapon_purchase_005,Choose something that suits your way of surviving.
rebirth_poppy_jen_weapon_purchase_006,No need to rush into a weapon you don't understand.
rebirth_poppy_jen_weapon_purchase_007,Let's find what you need for the road ahead.
rebirth_poppy_jen_add_weapon_bonus_001,We can look at weapon bonuses if you've brought crystals.
rebirth_poppy_jen_add_weapon_bonus_002,"Choose what feels useful for your equipment, hon."
rebirth_poppy_jen_add_weapon_bonus_003,Tell me which bonus you're considering.
rebirth_poppy_jen_add_weapon_bonus_004,Take time to compare before you commit.
rebirth_poppy_jen_add_weapon_bonus_005,An improved weapon should suit the person using it.
rebirth_poppy_jen_add_weapon_bonus_006,Bring the weapon over when you're ready to decide.
rebirth_poppy_jen_remove_weapon_bonus_001,Are you sure you'd like that bonus removed?
rebirth_poppy_jen_remove_weapon_bonus_002,"We can discuss removal, sweetheart. Think it over first."
rebirth_poppy_jen_remove_weapon_bonus_003,"If it no longer suits you, let's look at the choice."
rebirth_poppy_jen_remove_weapon_bonus_004,I'd like you certain before changing the weapon.
rebirth_poppy_jen_locate_hive_001,Bring the required remains if you'd like hive directions.
rebirth_poppy_jen_locate_hive_002,"I can help with coordinates, but please prepare carefully."
rebirth_poppy_jen_locate_hive_003,"A hive is a serious trip, hon. Don't rush it."
rebirth_poppy_jen_locate_hive_004,You need the right goods for that information exchange.
rebirth_poppy_jen_locate_hive_005,Let's discuss the leads before you head into trouble.
rebirth_poppy_jen_locate_hive_006,Get yourself properly equipped before following a hive location.
rebirth_poppy_jen_find_crystals_001,Different regions have different crystals to look for.
rebirth_poppy_jen_find_crystals_002,"Bring what you find back, and we'll discuss improvements."
rebirth_poppy_jen_find_crystals_003,"Be careful searching in dark places, sweetheart."
rebirth_poppy_jen_find_crystals_004,Prepare your gear before going after the crystals.
rebirth_poppy_jen_find_crystals_005,A good haul could help with what you need here.
rebirth_poppy_jen_find_crystals_006,Keep your eyes open and your trip sensible.
rebirth_poppy_jen_find_crystals_007,You don't have to prove bravery by neglecting preparation.
rebirth_poppy_jen_hive_complete_001,"You cleared it and came back. Oh, I'm glad. Take a moment, hon. That can't have been easy."
rebirth_poppy_jen_hive_complete_002,You cleared it and came back. I'm relieved.
rebirth_poppy_jen_hive_complete_003,"That's brave work, hon. You should feel proud."
rebirth_poppy_jen_hive_complete_004,A finished hive and a living survivor. Wonderful news.
rebirth_poppy_jen_hive_complete_005,I hoped you'd make it back to tell me.
rebirth_poppy_jen_hive_complete_006,You handled something difficult. Please give yourself credit.
rebirth_poppy_jen_hive_complete_007,Good work. How's your gear after all that?
rebirth_poppy_jen_hive_complete_008,You're safe enough to be here. That matters most.
rebirth_poppy_jen_hive_complete_009,The boss is down. Now take a proper breath.
rebirth_poppy_jen_hive_complete_010,"You got it done, sweetheart. I'm glad I trusted you."
rebirth_poppy_jen_trade_complete_001,"Thank you, hon. I hope the purchase helps."
rebirth_poppy_jen_trade_complete_002,All settled. Take care of yourself with those supplies.
rebirth_poppy_jen_trade_complete_003,That was a useful exchange. I'm happy to help.
rebirth_poppy_jen_trade_complete_004,Your goods are ready for the journey home.
rebirth_poppy_jen_trade_complete_005,"A thoughtful choice, sweetheart. Put it to careful use."
rebirth_poppy_jen_trade_complete_006,You've paid. I hope you're pleased with what you bought.
rebirth_poppy_jen_trade_complete_007,There we are. A little better prepared now.
rebirth_poppy_jen_trade_complete_008,Thanks for your business and the company.
rebirth_poppy_jen_trade_complete_009,Everything's settled. Let me know how it works out.
rebirth_poppy_jen_greeting_001,You made it back. I'm glad. Come show me what needs attention before you head out again.
rebirth_poppy_jen_greeting_002,"Hey, hon. How's the equipment treating you?"
rebirth_poppy_jen_greeting_003,You're back. I'm glad the road let you return.
rebirth_poppy_jen_greeting_004,Come over. What needs attention today?
rebirth_poppy_jen_greeting_005,Good to see you. Any repairs or upgrades in mind?
rebirth_poppy_jen_greeting_006,You look tired. Let's keep the shopping simple.
rebirth_poppy_jen_greeting_007,Got your crystals? We can look at the options.
rebirth_poppy_jen_greeting_008,I'm happy to help you choose what you need.
rebirth_poppy_jen_greeting_009,How have you been since our last little visit?
rebirth_poppy_jen_greeting_010,"Welcome back, sweetheart. What's giving you trouble?"
rebirth_poppy_jen_farewell_001,"Travel safely, hon. Come back when you need me."
rebirth_poppy_jen_farewell_002,Look after the person inside all that gear.
rebirth_poppy_jen_farewell_003,Don't wait until something fails to ask for help.
rebirth_poppy_jen_farewell_004,I hope the next trip treats you kindly.
rebirth_poppy_jen_farewell_005,"Stay well, sweetheart. I'd like to see you again."
rebirth_poppy_jen_farewell_006,Keep yourself safe while you put the purchase to use.
rebirth_poppy_jen_backstory_001,I used to keep engines running. People need that care now.
rebirth_poppy_jen_backstory_002,White River saw what I could do. I earned my place.
rebirth_poppy_jen_backstory_003,Fixing equipment helped me help survivors when life changed.
rebirth_poppy_jen_backstory_004,Sometimes I miss ordinary grease instead of worrying about blood.
rebirth_poppy_jen_locate_caves_001,Would you like cave leads? Prepare carefully before following them.
rebirth_poppy_jen_locate_caves_002,"I can help you find routes, hon. The descent's your choice."
rebirth_poppy_jen_locate_caves_003,Think about light and supplies before asking for cave directions.
rebirth_poppy_jen_locate_caves_004,We can discuss locations without rushing you underground.
rebirth_poppy_jen_add_armor_perk_001,Let's look at the armor perk options together.
rebirth_poppy_jen_add_armor_perk_002,"Choose the genetic improvement you want, sweetheart."
rebirth_poppy_jen_add_armor_perk_003,Bring your armor over when you're ready to decide.
rebirth_poppy_jen_add_armor_perk_004,I'd like the selection to feel right for you.
rebirth_poppy_joel_first_meet_001,"Welcome. I'm Poppy, and useful services are my business."
rebirth_poppy_joel_first_meet_002,"My friend, you've found a worthwhile stop for that equipment."
rebirth_poppy_joel_first_meet_003,Come in. Let's discuss what your preparedness could gain.
rebirth_poppy_joel_first_meet_004,A capable survivor deserves good options and clear prices.
rebirth_poppy_joel_first_meet_005,You look like someone who recognizes value in a workbench.
rebirth_poppy_joel_first_meet_006,New customer? I'd be delighted to explain the selection.
rebirth_poppy_joel_first_meet_007,Your equipment has potential. Shall we discuss improving it?
rebirth_poppy_joel_first_meet_008,Welcome to a practical investment in staying useful.
rebirth_poppy_joel_first_meet_009,Step up. My services reward informed choices.
rebirth_poppy_joel_first_meet_010,Let's make your first visit a productive one.
rebirth_poppy_joel_beverages_001,Your crystals can purchase more than an ordinary drink.
rebirth_poppy_joel_beverages_002,Consider which drink offers value for your next outing.
rebirth_poppy_joel_beverages_003,A discerning customer brings crystals for this selection.
rebirth_poppy_joel_beverages_004,"My friend, there's a useful boost worth considering here."
rebirth_poppy_joel_beverages_005,Compare the drinks before making your investment.
rebirth_poppy_joel_beverages_006,These take crystals. A sensible purchase deserves the proper payment.
rebirth_poppy_joel_repair_001,"That equipment's been working hard for you, my friend. Let's see what it needs before your next trip."
rebirth_poppy_joel_repair_002,That equipment could benefit from professional attention.
rebirth_poppy_joel_repair_003,Let's consider whether a repair suits your needs.
rebirth_poppy_joel_repair_004,Bring it over. We'll discuss the work and cost.
rebirth_poppy_joel_repair_005,A maintained item can be a worthwhile investment.
rebirth_poppy_joel_repair_006,There's value in getting useful gear ready again.
rebirth_poppy_joel_repair_007,You needn't overlook repairs while planning another purchase.
rebirth_poppy_joel_weapon_purchase_001,"A fine weapon deserves a capable buyer, my friend."
rebirth_poppy_joel_weapon_purchase_002,Consider how this purchase fits your survival plans.
rebirth_poppy_joel_weapon_purchase_003,I've got weapon options worth a discerning look.
rebirth_poppy_joel_weapon_purchase_004,Your judgment should guide this investment in firepower.
rebirth_poppy_joel_weapon_purchase_005,Choose what you're prepared to use effectively.
rebirth_poppy_joel_weapon_purchase_006,A purchase is more satisfying when it serves a purpose.
rebirth_poppy_joel_weapon_purchase_007,Let's find a weapon worthy of your hard-earned payment.
rebirth_poppy_joel_add_weapon_bonus_001,Crystals can make that weapon a more interesting investment.
rebirth_poppy_joel_add_weapon_bonus_002,Choose a bonus that adds value to your plans.
rebirth_poppy_joel_add_weapon_bonus_003,"My friend, improvements deserve thoughtful consideration."
rebirth_poppy_joel_add_weapon_bonus_004,Bring the weapon and the crystals to discuss options.
rebirth_poppy_joel_add_weapon_bonus_005,You may find a bonus well suited to your needs.
rebirth_poppy_joel_add_weapon_bonus_006,Let's consider what you're adding before settling the expense.
rebirth_poppy_joel_remove_weapon_bonus_001,A changing plan can justify removing a bonus.
rebirth_poppy_joel_remove_weapon_bonus_002,Consider the value you're giving up before choosing removal.
rebirth_poppy_joel_remove_weapon_bonus_003,"My friend, be certain this adjustment suits your interests."
rebirth_poppy_joel_remove_weapon_bonus_004,We can discuss removal if you're ready for that decision.
rebirth_poppy_joel_locate_hive_001,The required remains purchase a very useful hive lead.
rebirth_poppy_joel_locate_hive_002,"My friend, information needs the appropriate payment."
rebirth_poppy_joel_locate_hive_003,Coordinates can turn preparation into an actual opportunity.
rebirth_poppy_joel_locate_hive_004,"Bring the goods, and we can discuss hive intelligence."
rebirth_poppy_joel_locate_hive_005,A worthwhile lead deserves a well-equipped expedition.
rebirth_poppy_joel_locate_hive_006,Consider your readiness before investing in those directions.
rebirth_poppy_joel_find_crystals_001,Different regions offer different crystal-gathering opportunities.
rebirth_poppy_joel_find_crystals_002,A good crystal haul expands your options at my counter.
rebirth_poppy_joel_find_crystals_003,"My friend, those resources can fund useful improvements."
rebirth_poppy_joel_find_crystals_004,Prepare thoughtfully before investing effort underground.
rebirth_poppy_joel_find_crystals_005,Bring your finds here when you're ready to use them.
rebirth_poppy_joel_find_crystals_006,The search can reward attentive eyes and practical planning.
rebirth_poppy_joel_find_crystals_007,Better equipment begins with acquiring the right currency.
rebirth_poppy_joel_hive_complete_001,"A cleared hive and a capable customer back at my counter. I'd call that a very worthwhile trip, my friend."
rebirth_poppy_joel_hive_complete_002,An impressive result from a capable survivor.
rebirth_poppy_joel_hive_complete_003,You've cleared the hive and preserved my returning customer.
rebirth_poppy_joel_hive_complete_004,"Excellent work, my friend. Preparation met follow-through."
rebirth_poppy_joel_hive_complete_005,That's a completed expedition worth acknowledging.
rebirth_poppy_joel_hive_complete_006,You handled the boss and came back to tell it.
rebirth_poppy_joel_hive_complete_007,A difficult assignment made worthwhile by your success.
rebirth_poppy_joel_hive_complete_008,You've demonstrated why good equipment deserves a good owner.
rebirth_poppy_joel_hive_complete_009,The hive's finished. Your ability speaks convincingly.
rebirth_poppy_joel_hive_complete_010,I appreciate a survivor who delivers more than promises.
rebirth_poppy_joel_trade_complete_001,"A worthwhile purchase, my friend. Thank you."
rebirth_poppy_joel_trade_complete_002,You've invested in something with practical prospects.
rebirth_poppy_joel_trade_complete_003,The exchange is settled. I appreciate your custom.
rebirth_poppy_joel_trade_complete_004,A sensible customer makes business thoroughly pleasant.
rebirth_poppy_joel_trade_complete_005,Your goods are ready. Put their value to use.
rebirth_poppy_joel_trade_complete_006,That's a choice your next outing might appreciate.
rebirth_poppy_joel_trade_complete_007,Thank you. I hope the result brings you back.
rebirth_poppy_joel_trade_complete_008,Business complete. You've improved your options today.
rebirth_poppy_joel_trade_complete_009,A good transaction deserves a satisfied return visit.
rebirth_poppy_joel_greeting_001,Welcome back. A survivor who knows the value of good gear is always welcome here.
rebirth_poppy_joel_greeting_002,"My friend, ready to revisit your equipment options?"
rebirth_poppy_joel_greeting_003,Welcome back. What service interests you today?
rebirth_poppy_joel_greeting_004,A returning customer knows the value of useful help.
rebirth_poppy_joel_greeting_005,Come in. Let's make those crystals count.
rebirth_poppy_joel_greeting_006,What improvement brings you to my workbench this time?
rebirth_poppy_joel_greeting_007,You've found another reason to invest in preparedness.
rebirth_poppy_joel_greeting_008,Good to see you. Has the equipment earned its keep?
rebirth_poppy_joel_greeting_009,Shall we consider a repair before the next trip?
rebirth_poppy_joel_greeting_010,Your continued custom is always welcome here.
rebirth_poppy_joel_farewell_001,May your purchase justify the excellent choice you made.
rebirth_poppy_joel_farewell_002,"Travel wisely, my friend. I'd welcome your return business."
rebirth_poppy_joel_farewell_003,Come back when your equipment needs another useful investment.
rebirth_poppy_joel_farewell_004,Enjoy your improved options and preserve the owner.
rebirth_poppy_joel_farewell_005,Thank you for choosing services worth paying for.
rebirth_poppy_joel_farewell_006,Until next visit. Keep your resources working for you.
rebirth_poppy_joel_backstory_001,Engines taught me how valuable dependable work can be.
rebirth_poppy_joel_backstory_002,White River recognized my contribution. I earned the position.
rebirth_poppy_joel_backstory_003,Useful repairs turned into a reputation customers remembered.
rebirth_poppy_joel_backstory_004,I stayed valuable when the old world stopped doing business.
rebirth_poppy_joel_locate_caves_001,Cave leads could improve the prospects of your next search.
rebirth_poppy_joel_locate_caves_002,Consider investing in directions before planning a descent.
rebirth_poppy_joel_locate_caves_003,"My friend, useful coordinates still require practical preparation."
rebirth_poppy_joel_locate_caves_004,Shall we discuss routes worth equipping yourself to follow?
rebirth_poppy_joel_add_armor_perk_001,An armor perk could be a worthwhile equipment investment.
rebirth_poppy_joel_add_armor_perk_002,Consider which genetic option serves your plans best.
rebirth_poppy_joel_add_armor_perk_003,Let's review the improvement before committing to it.
rebirth_poppy_joel_add_armor_perk_004,A discerning choice should add value to your protection.
rebirth_poppy_bob_first_meet_001,Howdy. Name's Poppy. What's giving your gear trouble?
rebirth_poppy_bob_first_meet_002,"Come in, partner. Let's see what you're after."
rebirth_poppy_bob_first_meet_003,New face at the bench. You're welcome to browse.
rebirth_poppy_bob_first_meet_004,Reckon we can discuss those supplies without fuss.
rebirth_poppy_bob_first_meet_005,You look like you've crossed a rough patch.
rebirth_poppy_bob_first_meet_006,I've got useful services if you've got the payment.
rebirth_poppy_bob_first_meet_007,Step over. No sense hollering from the doorway.
rebirth_poppy_bob_first_meet_008,Tell me what needs sorting before your pack answers.
rebirth_poppy_bob_first_meet_009,"Well now, you're still walking. That's a decent start."
rebirth_poppy_bob_first_meet_010,Let's make this first visit worth the trip.
rebirth_poppy_bob_beverages_001,"Got crystals, partner? Then have a gander at the drinks."
rebirth_poppy_bob_beverages_002,These drinks do more than wet your whistle.
rebirth_poppy_bob_beverages_003,Pick a boost that suits the outing you're fixing for.
rebirth_poppy_bob_beverages_004,Crystals are the payment for this particular thirst.
rebirth_poppy_bob_beverages_005,No use dreaming over the drinks with empty pockets.
rebirth_poppy_bob_beverages_006,Have a look. Reckon you'll find something that interests you.
rebirth_poppy_bob_repair_001,"Well, that's seen better days, partner. Set it here and let's have a gander at the damage."
rebirth_poppy_bob_repair_002,That gear's been worked like a borrowed mule.
rebirth_poppy_bob_repair_003,Bring it over. Let's see how bad the wear is.
rebirth_poppy_bob_repair_004,A repair might get that stubborn item sorted.
rebirth_poppy_bob_repair_005,Reckon we should discuss cost before the bench work.
rebirth_poppy_bob_repair_006,You've got damage there worth paying attention to.
rebirth_poppy_bob_repair_007,Don't push worn equipment till it gives you a surprise.
rebirth_poppy_bob_weapon_purchase_001,"Have a gander at the weapons, partner."
rebirth_poppy_bob_weapon_purchase_002,Pick something you can handle without wrestling all afternoon.
rebirth_poppy_bob_weapon_purchase_003,A useful weapon beats one you only admire.
rebirth_poppy_bob_weapon_purchase_004,Think about the work it's going to do.
rebirth_poppy_bob_weapon_purchase_005,"You're buying gear, not a tall tale for the road."
rebirth_poppy_bob_weapon_purchase_006,Find a weapon that fits your way of moving.
rebirth_poppy_bob_weapon_purchase_007,Reckon your aim's got a share in the outcome too.
rebirth_poppy_bob_add_weapon_bonus_001,Crystals can put a little extra usefulness into that weapon.
rebirth_poppy_bob_add_weapon_bonus_002,"Pick the bonus that fits your plan, partner."
rebirth_poppy_bob_add_weapon_bonus_003,Bring the weapon over and consider your options.
rebirth_poppy_bob_add_weapon_bonus_004,No sense upgrading blind like a mule in fog.
rebirth_poppy_bob_add_weapon_bonus_005,Have a gander before choosing the addition.
rebirth_poppy_bob_add_weapon_bonus_006,A sensible bonus ought to earn its keep.
rebirth_poppy_bob_remove_weapon_bonus_001,Want that bonus off? Think it through first.
rebirth_poppy_bob_remove_weapon_bonus_002,Reckon a changed plan sometimes means removing something.
rebirth_poppy_bob_remove_weapon_bonus_003,Be certain before we take away the addition.
rebirth_poppy_bob_remove_weapon_bonus_004,Can't keep changing directions like a spooked chicken.
rebirth_poppy_bob_locate_hive_001,Bring the right remains if you want hive directions.
rebirth_poppy_bob_locate_hive_002,"Those undead bits can earn useful information, partner."
rebirth_poppy_bob_locate_hive_003,A hive lead needs payment as well as nerve.
rebirth_poppy_bob_locate_hive_004,You want coordinates? Get your goods together first.
rebirth_poppy_bob_locate_hive_005,Reckon you ought to prepare before poking that nest.
rebirth_poppy_bob_locate_hive_006,We can discuss hive leads when you've got what's required.
rebirth_poppy_bob_find_crystals_001,Different regions have different crystals to gather.
rebirth_poppy_bob_find_crystals_002,Keep your eyes peeled while you're out looking.
rebirth_poppy_bob_find_crystals_003,A good haul'll help with the services here.
rebirth_poppy_bob_find_crystals_004,Don't go underground with less sense than a sleepy mole.
rebirth_poppy_bob_find_crystals_005,Bring back crystals when you're ready for improvements.
rebirth_poppy_bob_find_crystals_006,Pack for the search before you chase the sparkle.
rebirth_poppy_bob_find_crystals_007,"There's finding to do, not just wishing at my counter."
rebirth_poppy_bob_hive_complete_001,"Well, you stirred that nest and came back standing, partner. Reckon you've earned a little pride today."
rebirth_poppy_bob_hive_complete_002,"Well, hot dog. You cleared that ugly old hive."
rebirth_poppy_bob_hive_complete_003,You brought yourself home after finishing the boss.
rebirth_poppy_bob_hive_complete_004,"That's work with some grit behind it, partner."
rebirth_poppy_bob_hive_complete_005,Reckon you've earned the proud look you're wearing.
rebirth_poppy_bob_hive_complete_006,Hive's handled. I'd call that useful follow-through.
rebirth_poppy_bob_hive_complete_007,You made the trip count without staying down there.
rebirth_poppy_bob_hive_complete_008,Good job. Shake out those tired shoulders now.
rebirth_poppy_bob_hive_complete_009,That hive picked itself a determined problem.
rebirth_poppy_bob_hive_complete_010,Finished and back talking. Better news than I'd feared.
rebirth_poppy_bob_trade_complete_001,"All settled, partner. Put the purchase to good use."
rebirth_poppy_bob_trade_complete_002,Much obliged. That's a sensible bit of trading.
rebirth_poppy_bob_trade_complete_003,You've got your goods and I've got the counter cleared.
rebirth_poppy_bob_trade_complete_004,A fair exchange makes the trip feel worthwhile.
rebirth_poppy_bob_trade_complete_005,Take those supplies and mind them on the road.
rebirth_poppy_bob_trade_complete_006,Reckon you'll get some use out of that choice.
rebirth_poppy_bob_trade_complete_007,That's traded. No loose ends left on the account.
rebirth_poppy_bob_trade_complete_008,You've shopped with a practical head today.
rebirth_poppy_bob_trade_complete_009,Good business. Hope it helps get things sorted.
rebirth_poppy_bob_greeting_001,"Well, look who's still kicking. Come on over, partner. Let's see what needs a little elbow grease."
rebirth_poppy_bob_greeting_002,Howdy again. Got gear needing attention?
rebirth_poppy_bob_greeting_003,"Back at the bench, partner. What wore out?"
rebirth_poppy_bob_greeting_004,Come over. Let's hear what you're fixing to do.
rebirth_poppy_bob_greeting_005,Still got most of yourself? Good to see.
rebirth_poppy_bob_greeting_006,You brought crystals or a repair this time?
rebirth_poppy_bob_greeting_007,Reckon there's something useful we can discuss.
rebirth_poppy_bob_greeting_008,Another rough outing written on that equipment.
rebirth_poppy_bob_greeting_009,Have a gander. The services aren't going anywhere.
rebirth_poppy_bob_greeting_010,Let's get you sorted before the road gets ambitious.
rebirth_poppy_bob_farewell_001,Mind your gear and the hands carrying it.
rebirth_poppy_bob_farewell_002,Happy trails. Come back before the wear turns ugly.
rebirth_poppy_bob_farewell_003,Keep yourself alive enough for another proper visit.
rebirth_poppy_bob_farewell_004,Don't let stubbornness break what patience could preserve.
rebirth_poppy_bob_farewell_005,"Go steady, partner. Darkness doesn't reward rushing."
rebirth_poppy_bob_farewell_006,See you round when the equipment needs tending.
rebirth_poppy_bob_backstory_001,I used to mend engines. Reckon useful work found new owners.
rebirth_poppy_bob_backstory_002,White River gave me room after I proved my worth.
rebirth_poppy_bob_backstory_003,Keep enough gear running and folks learn your name.
rebirth_poppy_bob_backstory_004,Some days I'd prefer plain grease to this damn blood.
rebirth_poppy_bob_locate_caves_001,"Want cave leads, partner? Get set for the dark first."
rebirth_poppy_bob_locate_caves_002,I can point you toward routes worth looking into.
rebirth_poppy_bob_locate_caves_003,Reckon coordinates need good boots and good sense behind them.
rebirth_poppy_bob_locate_caves_004,Let's discuss caves before you wander underground by guesswork.
rebirth_poppy_bob_add_armor_perk_001,Have a gander at the armor's genetic options.
rebirth_poppy_bob_add_armor_perk_002,Pick a perk that suits what you're fixing to do.
rebirth_poppy_bob_add_armor_perk_003,"A useful addition deserves a little thought, partner."
rebirth_poppy_bob_add_armor_perk_004,Bring the armor over and we'll discuss your choice.
rebirth_poppy_poppy_first_meet_001,Poppy. I fix gear and evaluate questionable customers.
rebirth_poppy_poppy_first_meet_002,New here? Let's keep the introduction useful.
rebirth_poppy_poppy_first_meet_003,Welcome to my bench. Leave the leaning to broken equipment.
rebirth_poppy_poppy_first_meet_004,You've found me. What problem did you bring along?
rebirth_poppy_poppy_first_meet_005,I can help. Your payment needs to participate.
rebirth_poppy_poppy_first_meet_006,You look capable of something. Let's narrow it down.
rebirth_poppy_poppy_first_meet_007,First visit? Try making a better impression than your gear.
rebirth_poppy_poppy_first_meet_008,Come in. I'm more useful than the hopeful stare.
rebirth_poppy_poppy_first_meet_009,Stranger or customer? One of those gets things done.
rebirth_poppy_poppy_first_meet_010,I'm Poppy. You can earn the friendly version.
rebirth_poppy_poppy_beverages_001,Crystals first. Then we explore your adventurous thirst.
rebirth_poppy_poppy_beverages_002,These drinks have ambitions beyond ordinary refreshment.
rebirth_poppy_poppy_beverages_003,Choose your boost. I'll resist deciding your whole day.
rebirth_poppy_poppy_beverages_004,You've got crystals? Your drink options just got interesting.
rebirth_poppy_poppy_beverages_005,Pick something useful before thirst becomes a speech.
rebirth_poppy_poppy_beverages_006,No complimentary pour. My generosity has a work schedule.
rebirth_poppy_poppy_repair_001,Put it down. Gently. I'd like to inspect the damage before you add to it.
rebirth_poppy_poppy_repair_002,That item and your optimism are wearing differently.
rebirth_poppy_poppy_repair_003,Put the gear here. I enjoy a manageable problem.
rebirth_poppy_poppy_repair_004,You brought damage. I'll bring the repair discussion.
rebirth_poppy_poppy_repair_005,Let's look at it before your story excuses every dent.
rebirth_poppy_poppy_repair_006,Fixing equipment is easier when its owner stops demonstrating.
rebirth_poppy_poppy_repair_007,Consider the repair before you start calling it sentimental scrap.
rebirth_poppy_poppy_weapon_purchase_001,I supply weapons. You supply the reasons to trust yourself.
rebirth_poppy_poppy_weapon_purchase_002,"Pick a weapon that matches your competence, not your daydream."
rebirth_poppy_poppy_weapon_purchase_003,Take a look. Try distinguishing dangerous from decorative.
rebirth_poppy_poppy_weapon_purchase_004,That weapon could use an owner with a plan.
rebirth_poppy_poppy_weapon_purchase_005,Buy something you can handle without inventing new problems.
rebirth_poppy_poppy_weapon_purchase_006,Your choice. The target won't care how fashionable it felt.
rebirth_poppy_poppy_weapon_purchase_007,I've got options. Impress me by choosing sensibly.
rebirth_poppy_poppy_add_weapon_bonus_001,Bring crystals and a weapon worth improving.
rebirth_poppy_poppy_add_weapon_bonus_002,Pick a bonus. Your indecision isn't one of them.
rebirth_poppy_poppy_add_weapon_bonus_003,Let's add capability instead of another dramatic claim.
rebirth_poppy_poppy_add_weapon_bonus_004,An upgrade needs payment and an actual choice.
rebirth_poppy_poppy_add_weapon_bonus_005,"Choose what helps your fighting, not your autobiography."
rebirth_poppy_poppy_add_weapon_bonus_006,Your weapon can get better. Keep up with it.
rebirth_poppy_poppy_remove_weapon_bonus_001,Want the bonus gone? Be certain before the nostalgia begins.
rebirth_poppy_poppy_remove_weapon_bonus_002,Removing it is possible. Explaining your taste is optional.
rebirth_poppy_poppy_remove_weapon_bonus_003,You've reconsidered. Let's make that a firm decision.
rebirth_poppy_poppy_remove_weapon_bonus_004,A clean slate sounds nice until you miss the writing.
rebirth_poppy_poppy_locate_hive_001,The right remains buy the lead. An elegant ugly trade.
rebirth_poppy_poppy_locate_hive_002,"Hive coordinates need payment, not a courageous expression."
rebirth_poppy_poppy_locate_hive_003,Bring the goods. I'll bring the unpleasant destination options.
rebirth_poppy_poppy_locate_hive_004,You want hive information? Prepare to act on it.
rebirth_poppy_poppy_locate_hive_005,Those remains are useful in an impressively unappetizing way.
rebirth_poppy_poppy_locate_hive_006,A lead isn't protection. Keep that distinction in your pack.
rebirth_poppy_poppy_find_crystals_001,"Different regions, different crystals. Try being observant."
rebirth_poppy_poppy_find_crystals_002,Bring crystals back before planning your victory drink.
rebirth_poppy_poppy_find_crystals_003,The dark has resources. It also has opinions about visitors.
rebirth_poppy_poppy_find_crystals_004,You want upgrades? The collecting part awaits your brilliance.
rebirth_poppy_poppy_find_crystals_005,A crystal haul would improve this conversation considerably.
rebirth_poppy_poppy_find_crystals_006,Search prepared. Luck makes a poor lantern.
rebirth_poppy_poppy_find_crystals_007,"Find the sparkle, keep your limbs, then return here."
rebirth_poppy_poppy_hive_complete_001,Hive's cleared and you're here to tell me. I like being proved wrong this way. Keep doing it.
rebirth_poppy_poppy_hive_complete_002,You finished the hive. I'm revising my estimate upward.
rebirth_poppy_poppy_hive_complete_003,"Boss handled, survivor returned. A tidy outcome in a messy outfit."
rebirth_poppy_poppy_hive_complete_004,You did it. Try letting the result speak for once.
rebirth_poppy_poppy_hive_complete_005,That hive's done. You've become annoyingly convincing.
rebirth_poppy_poppy_hive_complete_006,Back alive and accomplished. Two pleasant surprises together.
rebirth_poppy_poppy_hive_complete_007,Good work. Your confidence finally brought supporting evidence.
rebirth_poppy_poppy_hive_complete_008,You cleared it without becoming local history. Impressive enough.
rebirth_poppy_poppy_hive_complete_009,Results delivered. I do enjoy a customer who follows through.
rebirth_poppy_poppy_hive_complete_010,You've made yourself worth expecting back.
rebirth_poppy_poppy_trade_complete_001,Purchased and settled. We both did the useful parts.
rebirth_poppy_poppy_trade_complete_002,Nice choice. Don't make me compliment it twice.
rebirth_poppy_poppy_trade_complete_003,Business done. Now give the goods something to do.
rebirth_poppy_poppy_trade_complete_004,You paid. I supplied. A relationship with clear strengths.
rebirth_poppy_poppy_trade_complete_005,Take the purchase. You've earned a less skeptical send-off.
rebirth_poppy_poppy_trade_complete_006,That's a trade I can appreciate without getting sentimental.
rebirth_poppy_poppy_trade_complete_007,All settled. Your preparation looks slightly more believable.
rebirth_poppy_poppy_trade_complete_008,You've bought an advantage. Try contributing some judgment.
rebirth_poppy_poppy_trade_complete_009,Done. I like customers who understand the ending.
rebirth_poppy_poppy_greeting_001,You brought the gear back. Mostly. Put it down before another piece falls off.
rebirth_poppy_poppy_greeting_002,Back at my bench. Something's improved or something broke.
rebirth_poppy_poppy_greeting_003,You've returned. Shall we skip the dramatic introduction?
rebirth_poppy_poppy_greeting_004,Still carrying all your pieces? That's convenient.
rebirth_poppy_poppy_greeting_005,"What needs work today, besides your timing?"
rebirth_poppy_poppy_greeting_006,Got payment? I'm suddenly interested in the problem.
rebirth_poppy_poppy_greeting_007,Your gear has been busy. Has its owner learned anything?
rebirth_poppy_poppy_greeting_008,Come over. I can only judge you from here.
rebirth_poppy_poppy_greeting_009,Another visit. You keep becoming familiar in useful ways.
rebirth_poppy_poppy_greeting_010,Tell me what you need before I guess unflatteringly.
rebirth_poppy_poppy_farewell_001,Go be capable somewhere the floor is less personal.
rebirth_poppy_poppy_farewell_002,Come back alive. I've already learned your annoying habits.
rebirth_poppy_poppy_farewell_003,Keep the gear working and yourself harder to damage.
rebirth_poppy_poppy_farewell_004,Enjoy your edge. Don't turn it into overconfidence.
rebirth_poppy_poppy_farewell_005,Try making the next visit ordinary. I'd appreciate the novelty.
rebirth_poppy_poppy_farewell_006,Stay sharp enough to keep our business uncomplicated.
rebirth_poppy_poppy_backstory_001,Engines were my first demanding customers. They complained less verbally.
rebirth_poppy_poppy_backstory_002,I earned my place with White River by being useful.
rebirth_poppy_poppy_backstory_003,Enough saved gear becomes a reputation. I didn't decline it.
rebirth_poppy_poppy_backstory_004,I miss grease being the worst thing on my hands.
rebirth_poppy_poppy_locate_caves_001,Want cave leads? Your next decision needs a light source.
rebirth_poppy_poppy_locate_caves_002,I can offer directions. The smart descent remains your contribution.
rebirth_poppy_poppy_locate_caves_003,Looking underground? Consider bringing more than enthusiasm.
rebirth_poppy_poppy_locate_caves_004,Cave routes are available. A survival plan is strongly encouraged.
rebirth_poppy_poppy_add_armor_perk_001,Pick a genetic armor perk. Your wardrobe can learn something.
rebirth_poppy_poppy_add_armor_perk_002,Bring the armor. Let's discuss what you're adding.
rebirth_poppy_poppy_add_armor_perk_003,Choose the improvement before giving it a heroic name.
rebirth_poppy_poppy_add_armor_perk_004,A perk can help. The wearer remains an ongoing project.
rebirthTraderVoiceOriginal,Original
rebirthTraderVoiceHostile,Hostile
rebirthTraderVoiceGruff,Gruff
rebirthTraderVoiceWarm,Warm
rebirthTraderVoiceSmooth,Smooth
rebirthTraderVoicePractical,Practical
rebirthTraderVoiceSardonic,Sardonic
rebirthTraderVoiceRektTitle,Rekt Dialogue Style
rebirthTraderVoiceHughTitle,Hugh Dialogue Style
rebirthTraderVoiceJenTitle,Jen Dialogue Style
rebirthTraderVoiceJoelTitle,Joel Dialogue Style
rebirthTraderVoiceBobTitle,Bob Dialogue Style
rebirthTraderVoiceSection,Trader Dialogue
rebirthTraderVoiceDescription,Changes this trader's dialogue personality while keeping their own voice. Saved separately for each player.
rbJournal_StorageGear_title,Carry more with backpacks and toolbelts
rbJournal_StorageGear_body,"Open Character. Under Survivor Gear, put a backpack in the Backpack slot or a toolbelt in the Belt slot. Shift-click the item in your inventory to equip it, or drag it into the matching slot. You can also select the item and choose Equip.\n\nA Daypack adds 13 backpack slots. Each better backpack adds another row of 13. Your 26 encumbrance slots stay the same. A Utility Toolbelt adds two toolbelt slots; better belts add more.\n\nMake room before removing storage gear. Items that no longer fit must be dropped: backpack overflow goes into a recovery backpack, while toolbelt overflow drops on the ground. Collect them before leaving."
rebirthFieldNotesSpearsDesc,[B58CFF]Study to improve Spears Theory.[-]\nBase gain: 4 Theory once per character. Learning bonuses and your Theory limit affect the gain. Practice to improve the skill itself.\n[B58CFF]Reusable:[-] keep it or share it. Reading the same title again gives no extra Theory.
rebirthFieldNotesClubsDesc,[B58CFF]Study to improve Clubs Theory.[-]\nBase gain: 4 Theory once per character. Learning bonuses and your Theory limit affect the gain. Practice to improve the skill itself.\n[B58CFF]Reusable:[-] keep it or share it. Reading the same title again gives no extra Theory.
rebirthFieldNotesSwordsDesc,[B58CFF]Study to improve Swords Theory.[-]\nBase gain: 4 Theory once per character. Learning bonuses and your Theory limit affect the gain. Practice to improve the skill itself.\n[B58CFF]Reusable:[-] keep it or share it. Reading the same title again gives no extra Theory.
rebirthFieldNotesAxesDesc,[B58CFF]Study to improve Axes Theory.[-]\nBase gain: 4 Theory once per character. Learning bonuses and your Theory limit affect the gain. Practice to improve the skill itself.\n[B58CFF]Reusable:[-] keep it or share it. Reading the same title again gives no extra Theory.
rebirthFieldNotesBatonsDesc,[B58CFF]Study to improve Batons Theory.[-]\nBase gain: 4 Theory once per character. Learning bonuses and your Theory limit affect the gain. Practice to improve the skill itself.\n[B58CFF]Reusable:[-] keep it or share it. Reading the same title again gives no extra Theory.
rebirthFieldNotesHammersDesc,[B58CFF]Study to improve Hammers Theory.[-]\nBase gain: 4 Theory once per character. Learning bonuses and your Theory limit affect the gain. Practice to improve the skill itself.\n[B58CFF]Reusable:[-] keep it or share it. Reading the same title again gives no extra Theory.
rebirthFieldNotesKnivesDesc,[B58CFF]Study to improve Knives Theory.[-]\nBase gain: 4 Theory once per character. Learning bonuses and your Theory limit affect the gain. Practice to improve the skill itself.\n[B58CFF]Reusable:[-] keep it or share it. Reading the same title again gives no extra Theory.
rebirthFieldNotesScythesDesc,[B58CFF]Study to improve Scythes Theory.[-]\nBase gain: 4 Theory once per character. Learning bonuses and your Theory limit affect the gain. Practice to improve the skill itself.\n[B58CFF]Reusable:[-] keep it or share it. Reading the same title again gives no extra Theory.
rebirthFieldNotesKnucklesDesc,[B58CFF]Study to improve Knuckles Theory.[-]\nBase gain: 4 Theory once per character. Learning bonuses and your Theory limit affect the gain. Practice to improve the skill itself.\n[B58CFF]Reusable:[-] keep it or share it. Reading the same title again gives no extra Theory.
rebirthFieldNotesUnarmedDesc,[B58CFF]Study to improve Unarmed Theory.[-]\nBase gain: 4 Theory once per character. Learning bonuses and your Theory limit affect the gain. Practice to improve the skill itself.\n[B58CFF]Reusable:[-] keep it or share it. Reading the same title again gives no extra Theory.
rebirthFieldNotesArcheryDesc,[B58CFF]Study to improve Archery Theory.[-]\nBase gain: 4 Theory once per character. Learning bonuses and your Theory limit affect the gain. Practice to improve the skill itself.\n[B58CFF]Reusable:[-] keep it or share it. Reading the same title again gives no extra Theory.
rebirthFieldNotesPistolsDesc,[B58CFF]Study to improve Pistols Theory.[-]\nBase gain: 4 Theory once per character. Learning bonuses and your Theory limit affect the gain. Practice to improve the skill itself.\n[B58CFF]Reusable:[-] keep it or share it. Reading the same title again gives no extra Theory.
rebirthFieldNotesRevolversDesc,[B58CFF]Study to improve Revolvers Theory.[-]\nBase gain: 4 Theory once per character. Learning bonuses and your Theory limit affect the gain. Practice to improve the skill itself.\n[B58CFF]Reusable:[-] keep it or share it. Reading the same title again gives no extra Theory.
rebirthFieldNotesHeavyHandgunsDesc,[B58CFF]Study to improve Heavy Handguns Theory.[-]\nBase gain: 4 Theory once per character. Learning bonuses and your Theory limit affect the gain. Practice to improve the skill itself.\n[B58CFF]Reusable:[-] keep it or share it. Reading the same title again gives no extra Theory.
rebirthFieldNotesShotgunsDesc,[B58CFF]Study to improve Shotguns Theory.[-]\nBase gain: 4 Theory once per character. Learning bonuses and your Theory limit affect the gain. Practice to improve the skill itself.\n[B58CFF]Reusable:[-] keep it or share it. Reading the same title again gives no extra Theory.
rebirthFieldNotesAssaultRiflesDesc,[B58CFF]Study to improve Assault Rifles Theory.[-]\nBase gain: 4 Theory once per character. Learning bonuses and your Theory limit affect the gain. Practice to improve the skill itself.\n[B58CFF]Reusable:[-] keep it or share it. Reading the same title again gives no extra Theory.
rebirthFieldNotesTacticalRiflesDesc,[B58CFF]Study to improve Tactical Rifles Theory.[-]\nBase gain: 4 Theory once per character. Learning bonuses and your Theory limit affect the gain. Practice to improve the skill itself.\n[B58CFF]Reusable:[-] keep it or share it. Reading the same title again gives no extra Theory.
rebirthFieldNotesLongRangeRiflesDesc,[B58CFF]Study to improve Long-Range Rifles Theory.[-]\nBase gain: 4 Theory once per character. Learning bonuses and your Theory limit affect the gain. Practice to improve the skill itself.\n[B58CFF]Reusable:[-] keep it or share it. Reading the same title again gives no extra Theory.
rebirthFieldNotesExplosivesDesc,[B58CFF]Study to improve Explosives Theory.[-]\nBase gain: 4 Theory once per character. Learning bonuses and your Theory limit affect the gain. Practice to improve the skill itself.\n[B58CFF]Reusable:[-] keep it or share it. Reading the same title again gives no extra Theory.
rebirthFieldNotesDeployableTurretsDesc,[B58CFF]Study to improve Deployable Turrets Theory.[-]\nBase gain: 4 Theory once per character. Learning bonuses and your Theory limit affect the gain. Practice to improve the skill itself.\n[B58CFF]Reusable:[-] keep it or share it. Reading the same title again gives no extra Theory.
rebirthFieldNotesDroneOperationsDesc,[B58CFF]Study to improve Drone Operations Theory.[-]\nBase gain: 4 Theory once per character. Learning bonuses and your Theory limit affect the gain. Practice to improve the skill itself.\n[B58CFF]Reusable:[-] keep it or share it. Reading the same title again gives no extra Theory.
rebirthFieldNotesMiningDesc,[B58CFF]Study to improve Mining Theory.[-]\nBase gain: 4 Theory once per character. Learning bonuses and your Theory limit affect the gain. Practice to improve the skill itself.\n[B58CFF]Reusable:[-] keep it or share it. Reading the same title again gives no extra Theory.
rebirthFieldNotesLoggingDesc,[B58CFF]Study to improve Logging Theory.[-]\nBase gain: 4 Theory once per character. Learning bonuses and your Theory limit affect the gain. Practice to improve the skill itself.\n[B58CFF]Reusable:[-] keep it or share it. Reading the same title again gives no extra Theory.
rebirthFieldNotesSalvageDesc,[B58CFF]Study to improve Salvage Theory.[-]\nBase gain: 4 Theory once per character. Learning bonuses and your Theory limit affect the gain. Practice to improve the skill itself.\n[B58CFF]Reusable:[-] keep it or share it. Reading the same title again gives no extra Theory.
rebirthFieldNotesFarmingDesc,[B58CFF]Study to improve Farming Theory.[-]\nBase gain: 4 Theory once per character. Learning bonuses and your Theory limit affect the gain. Practice to improve the skill itself.\n[B58CFF]Reusable:[-] keep it or share it. Reading the same title again gives no extra Theory.
rebirthFieldNotesAnimalProcessingDesc,[B58CFF]Study to improve Animal Processing Theory.[-]\nBase gain: 4 Theory once per character. Learning bonuses and your Theory limit affect the gain. Practice to improve the skill itself.\n[B58CFF]Reusable:[-] keep it or share it. Reading the same title again gives no extra Theory.
rebirthFieldNotesTrackingDesc,[B58CFF]Study to improve Tracking Theory.[-]\nBase gain: 4 Theory once per character. Learning bonuses and your Theory limit affect the gain. Practice to improve the skill itself.\n[B58CFF]Reusable:[-] keep it or share it. Reading the same title again gives no extra Theory.
rebirthFieldNotesMechanicsDesc,[B58CFF]Study to improve Mechanics Theory.[-]\nBase gain: 4 Theory once per character. Learning bonuses and your Theory limit affect the gain. Practice to improve the skill itself.\n[B58CFF]Reusable:[-] keep it or share it. Reading the same title again gives no extra Theory.
rebirthFieldNotesMedicineDesc,[B58CFF]Study to improve Medicine Theory.[-]\nBase gain: 4 Theory once per character. Learning bonuses and your Theory limit affect the gain. Practice to improve the skill itself.\n[B58CFF]Reusable:[-] keep it or share it. Reading the same title again gives no extra Theory.
"rebirthFieldNotesCookingDesc","[B58CFF]Study to improve Cooking Theory.[-]\nBase gain: 4 Theory once per character. Learning bonuses and your Theory limit affect the gain. Practice to improve the skill itself.\n[B58CFF]Reusable:[-] keep it or share it. Reading the same title again gives no extra Theory. Keep this reference after reading: cooking literature can be needed later for food preparation and crafting requirements."
rebirthFieldNotesMaintenanceDesc,[B58CFF]Study to improve Maintenance Theory.[-]\nBase gain: 4 Theory once per character. Learning bonuses and your Theory limit affect the gain. Practice to improve the skill itself.\n[B58CFF]Reusable:[-] keep it or share it. Reading the same title again gives no extra Theory.
rebirthFieldNotesConstructionDesc,[B58CFF]Study to improve Construction Theory.[-]\nBase gain: 4 Theory once per character. Learning bonuses and your Theory limit affect the gain. Practice to improve the skill itself.\n[B58CFF]Reusable:[-] keep it or share it. Reading the same title again gives no extra Theory.
rebirthFieldNotesElectricalDesc,[B58CFF]Study to improve Electrical Theory.[-]\nBase gain: 4 Theory once per character. Learning bonuses and your Theory limit affect the gain. Practice to improve the skill itself.\n[B58CFF]Reusable:[-] keep it or share it. Reading the same title again gives no extra Theory.
rebirthFieldNotesMetalworkingDesc,[B58CFF]Study to improve Metalworking Theory.[-]\nBase gain: 4 Theory once per character. Learning bonuses and your Theory limit affect the gain. Practice to improve the skill itself.\n[B58CFF]Reusable:[-] keep it or share it. Reading the same title again gives no extra Theory.
rebirthFieldNotesGunsmithingDesc,[B58CFF]Study to improve Gunsmithing Theory.[-]\nBase gain: 4 Theory once per character. Learning bonuses and your Theory limit affect the gain. Practice to improve the skill itself.\n[B58CFF]Reusable:[-] keep it or share it. Reading the same title again gives no extra Theory.
rebirthFieldNotesChemistryDesc,[B58CFF]Study to improve Chemistry Theory.[-]\nBase gain: 4 Theory once per character. Learning bonuses and your Theory limit affect the gain. Practice to improve the skill itself.\n[B58CFF]Reusable:[-] keep it or share it. Reading the same title again gives no extra Theory.
rebirthFieldNotesLockpickingDesc,[B58CFF]Study to improve Lockpicking Theory.[-]\nBase gain: 4 Theory once per character. Learning bonuses and your Theory limit affect the gain. Practice to improve the skill itself.\n[B58CFF]Reusable:[-] keep it or share it. Reading the same title again gives no extra Theory.
rebirthFieldNotesStealthDesc,[B58CFF]Study to improve Stealth Theory.[-]\nBase gain: 4 Theory once per character. Learning bonuses and your Theory limit affect the gain. Practice to improve the skill itself.\n[B58CFF]Reusable:[-] keep it or share it. Reading the same title again gives no extra Theory.
rebirthFieldNotesAthleticsDesc,[B58CFF]Study to improve Athletics Theory.[-]\nBase gain: 4 Theory once per character. Learning bonuses and your Theory limit affect the gain. Practice to improve the skill itself.\n[B58CFF]Reusable:[-] keep it or share it. Reading the same title again gives no extra Theory.
rebirthFieldNotesArmorProficiencyDesc,[B58CFF]Study to improve Armor Proficiency Theory.[-]\nBase gain: 4 Theory once per character. Learning bonuses and your Theory limit affect the gain. Practice to improve the skill itself.\n[B58CFF]Reusable:[-] keep it or share it. Reading the same title again gives no extra Theory.
rebirthFieldNotesBarteringDesc,[B58CFF]Study to improve Bartering Theory.[-]\nBase gain: 4 Theory once per character. Learning bonuses and your Theory limit affect the gain. Practice to improve the skill itself.\n[B58CFF]Reusable:[-] keep it or share it. Reading the same title again gives no extra Theory.
rebirthFieldNotesTailoringDesc,[B58CFF]Study to improve Tailoring Theory.[-]\nBase gain: 4 Theory once per character. Learning bonuses and your Theory limit affect the gain. Practice to improve the skill itself.\n[B58CFF]Reusable:[-] keep it or share it. Reading the same title again gives no extra Theory.
rebirthManualConstructionFramingDesc,"[B58CFF]Study to learn: Framing & Structural Layout.[-]\nYour character remembers this knowledge. Crafting can still require skills, materials and a workstation.\n[B58CFF]Reusable:[-] keep it or share it. Reading it again gives no extra progress."
rebirthManualConstructionMasonryDesc,"[B58CFF]Study to learn: Masonry & Concrete Work.[-]\nYour character remembers this knowledge. Crafting can still require skills, materials and a workstation.\n[B58CFF]Reusable:[-] keep it or share it. Reading it again gives no extra progress."
rebirthManualConstructionReinforcementDesc,"[B58CFF]Study to learn: Structural Reinforcement.[-]\nYour character remembers this knowledge. Crafting can still require skills, materials and a workstation.\n[B58CFF]Reusable:[-] keep it or share it. Reading it again gives no extra progress."
rebirthManualGeneratorServiceDesc,"[B58CFF]Study to learn: Generator Inspection & Service.[-]\nYour character remembers this knowledge. Crafting can still require skills, materials and a workstation.\n[B58CFF]Reusable:[-] keep it or share it. Reading it again gives no extra progress."
rebirthManualBatteryServiceDesc,"[B58CFF]Study to learn: Battery Bank Inspection & Service.[-]\nYour character remembers this knowledge. Crafting can still require skills, materials and a workstation.\n[B58CFF]Reusable:[-] keep it or share it. Reading it again gives no extra progress."
rebirthManualControlDevicesDesc,"[B58CFF]Study to learn: Control Devices & Sensors.[-]\nYour character remembers this knowledge. Crafting can still require skills, materials and a workstation.\n[B58CFF]Reusable:[-] keep it or share it. Reading it again gives no extra progress."
rebirthSchematicElectricalFuseDesc,"[B58CFF]Study to learn: Recipe: Electrical Fuse.[-]\nYour character remembers this knowledge. Crafting can still require skills, materials and a workstation.\n[B58CFF]Reusable:[-] keep it or share it. Reading it again gives no extra progress."
rebirthSchematicTerminalBlockDesc,"[B58CFF]Study to learn: Recipe: Terminal Block.[-]\nYour character remembers this knowledge. Crafting can still require skills, materials and a workstation.\n[B58CFF]Reusable:[-] keep it or share it. Reading it again gives no extra progress."
rebirthSchematicWiringHarnessDesc,"[B58CFF]Study to learn: Recipe: Wiring Harness.[-]\nYour character remembers this knowledge. Crafting can still require skills, materials and a workstation.\n[B58CFF]Reusable:[-] keep it or share it. Reading it again gives no extra progress."
rebirthSchematicStructuralBracketSetDesc,"[B58CFF]Study to learn: Recipe: Structural Bracket Set.[-]\nYour character remembers this knowledge. Crafting can still require skills, materials and a workstation.\n[B58CFF]Reusable:[-] keep it or share it. Reading it again gives no extra progress."
"rebirthManualFoodSafetyDesc","[B58CFF]Study to learn: Food Safety & Sanitation.[-]\nYour character remembers this knowledge. Crafting can still require skills, materials and a workstation.\n[B58CFF]Reusable:[-] keep it or share it. Reading it again gives no extra progress. Keep this reference after reading: cooking literature can be needed later for food preparation and crafting requirements."
"rebirthManualFoodPreservationDesc","[B58CFF]Study to learn: Drying, Curing & Preservation.[-]\nYour character remembers this knowledge. Crafting can still require skills, materials and a workstation.\n[B58CFF]Reusable:[-] keep it or share it. Reading it again gives no extra progress. Keep this reference after reading: cooking literature can be needed later for food preparation and crafting requirements."
"rebirthManualBakingTechniquesDesc","[B58CFF]Study to learn: Baking Techniques.[-]\nYour character remembers this knowledge. Crafting can still require skills, materials and a workstation.\n[B58CFF]Reusable:[-] keep it or share it. Reading it again gives no extra progress. Keep this reference after reading: cooking literature can be needed later for food preparation and crafting requirements."
rebirthManualFieldDressingDesc,"[B58CFF]Study to learn: Field Dressing.[-]\nYour character remembers this knowledge. Crafting can still require skills, materials and a workstation.\n[B58CFF]Reusable:[-] keep it or share it. Reading it again gives no extra progress."
rebirthManualHidePreparationDesc,"[B58CFF]Study to learn: Hide Preparation.[-]\nYour character remembers this knowledge. Crafting can still require skills, materials and a workstation.\n[B58CFF]Reusable:[-] keep it or share it. Reading it again gives no extra progress."
"rebirthCookbookCampfireBasicsDesc","[B58CFF]Study to learn: Campfire Cooking Basics.[-]\nYour character remembers this knowledge. Crafting can still require skills, materials and a workstation.\n[B58CFF]Reusable:[-] keep it or share it. Reading it again gives no extra progress. Keep this reference after reading: cooking literature can be needed later for food preparation and crafting requirements."
"rebirthCookbookBakingDesc","[B58CFF]Study to learn: Baking & Pastry Recipes.[-]\nYour character remembers this knowledge. Crafting can still require skills, materials and a workstation.\n[B58CFF]Reusable:[-] keep it or share it. Reading it again gives no extra progress. Keep this reference after reading: cooking literature can be needed later for food preparation and crafting requirements."
"rebirthCookbookPreparedMealsDesc","[B58CFF]Study to learn: Prepared Meals Cookbook.[-]\nYour character remembers this knowledge. Crafting can still require skills, materials and a workstation.\n[B58CFF]Reusable:[-] keep it or share it. Reading it again gives no extra progress. Keep this reference after reading: cooking literature can be needed later for food preparation and crafting requirements."
"rebirthCookbookPreservationDesc","[B58CFF]Study to learn: Preserving Food.[-]\nYour character remembers this knowledge. Crafting can still require skills, materials and a workstation.\n[B58CFF]Reusable:[-] keep it or share it. Reading it again gives no extra progress. Keep this reference after reading: cooking literature can be needed later for food preparation and crafting requirements."
"rebirthGuidePreparedBeveragesDesc","[B58CFF]Study to learn: Prepared Beverages.[-]\nYour character remembers this knowledge. Crafting can still require skills, materials and a workstation.\n[B58CFF]Reusable:[-] keep it or share it. Reading it again gives no extra progress. Keep this reference after reading: cooking literature can be needed later for food preparation and crafting requirements."
rebirthManualFieldTriageDesc,"[B58CFF]Study to learn: Field Triage.[-]\nYour character remembers this knowledge. Crafting can still require skills, materials and a workstation.\n[B58CFF]Reusable:[-] keep it or share it. Reading it again gives no extra progress."
rebirthManualFractureCareDesc,"[B58CFF]Study to learn: Fracture Care.[-]\nYour character remembers this knowledge. Crafting can still require skills, materials and a workstation.\n[B58CFF]Reusable:[-] keep it or share it. Reading it again gives no extra progress."
rebirthManualInfectionCareDesc,"[B58CFF]Study to learn: Infection Recognition & Care.[-]\nYour character remembers this knowledge. Crafting can still require skills, materials and a workstation.\n[B58CFF]Reusable:[-] keep it or share it. Reading it again gives no extra progress."
rebirthManualSterileDressingDesc,"[B58CFF]Study to learn: Sterile Dressing.[-]\nYour character remembers this knowledge. Crafting can still require skills, materials and a workstation.\n[B58CFF]Reusable:[-] keep it or share it. Reading it again gives no extra progress."
rebirthManualReagentHandlingDesc,"[B58CFF]Study to learn: Reagent Handling & Measurement.[-]\nYour character remembers this knowledge. Crafting can still require skills, materials and a workstation.\n[B58CFF]Reusable:[-] keep it or share it. Reading it again gives no extra progress."
rebirthRecipeFirstAidBandageDesc,"[B58CFF]Study to learn: Recipe: First Aid Bandage.[-]\nYour character remembers this knowledge. Crafting can still require skills, materials and a workstation.\n[B58CFF]Reusable:[-] keep it or share it. Reading it again gives no extra progress."
rebirthRecipePlasterCastDesc,"[B58CFF]Study to learn: Recipe: Plaster Cast.[-]\nYour character remembers this knowledge. Crafting can still require skills, materials and a workstation.\n[B58CFF]Reusable:[-] keep it or share it. Reading it again gives no extra progress."
rebirthFormulaFortBitesDesc,"[B58CFF]Study to learn: Formula: Fort Bites.[-]\nYour character remembers this knowledge. Crafting can still require skills, materials and a workstation.\n[B58CFF]Reusable:[-] keep it or share it. Reading it again gives no extra progress."
rebirthFormulaRecogDesc,"[B58CFF]Study to learn: Formula: Recog.[-]\nYour character remembers this knowledge. Crafting can still require skills, materials and a workstation.\n[B58CFF]Reusable:[-] keep it or share it. Reading it again gives no extra progress."
rebirthFormulaOilDesc,"[B58CFF]Study to learn: Formula: Oil.[-]\nYour character remembers this knowledge. Crafting can still require skills, materials and a workstation.\n[B58CFF]Reusable:[-] keep it or share it. Reading it again gives no extra progress."
rebirthManualPreventiveMaintenanceDesc,"[B58CFF]Study to learn: Preventive Equipment Maintenance.[-]\nYour character remembers this knowledge. Crafting can still require skills, materials and a workstation.\n[B58CFF]Reusable:[-] keep it or share it. Reading it again gives no extra progress."
rebirthManualSharpeningEdgeServiceDesc,"[B58CFF]Study to learn: Sharpening & Edge Service.[-]\nYour character remembers this knowledge. Crafting can still require skills, materials and a workstation.\n[B58CFF]Reusable:[-] keep it or share it. Reading it again gives no extra progress."
rebirthManualFirearmFieldServiceDesc,"[B58CFF]Study to learn: Firearm Cleaning & Field Service.[-]\nYour character remembers this knowledge. Crafting can still require skills, materials and a workstation.\n[B58CFF]Reusable:[-] keep it or share it. Reading it again gives no extra progress."
rebirthManualHeatTreatmentDesc,"[B58CFF]Study to learn: Heat Treatment & Edge Hardening.[-]\nYour character remembers this knowledge. Crafting can still require skills, materials and a workstation.\n[B58CFF]Reusable:[-] keep it or share it. Reading it again gives no extra progress."
rebirthManualSpecialtyAmmoDesc,"[B58CFF]Study to learn: Specialty Ammunition.[-]\nYour character remembers this knowledge. Crafting can still require skills, materials and a workstation.\n[B58CFF]Reusable:[-] keep it or share it. Reading it again gives no extra progress."
rebirthManualFirearmServiceModsDesc,"[B58CFF]Study to learn: Firearm Service & Handling Modifications.[-]\nYour character remembers this knowledge. Crafting can still require skills, materials and a workstation.\n[B58CFF]Reusable:[-] keep it or share it. Reading it again gives no extra progress."
rebirthSchematicForgeCrucibleDesc,"[B58CFF]Study to learn: Schematic: Forge Crucible.[-]\nYour character remembers this knowledge. Crafting can still require skills, materials and a workstation.\n[B58CFF]Reusable:[-] keep it or share it. Reading it again gives no extra progress."
rebirthSchematicFirearmCleaningKitDesc,"[B58CFF]Study to learn: Recipe: Firearm Cleaning Kit.[-]\nYour character remembers this knowledge. Crafting can still require skills, materials and a workstation.\n[B58CFF]Reusable:[-] keep it or share it. Reading it again gives no extra progress."
rebirthSchematicRivetFastenerSetDesc,"[B58CFF]Study to learn: Recipe: Rivet & Fastener Set.[-]\nYour character remembers this knowledge. Crafting can still require skills, materials and a workstation.\n[B58CFF]Reusable:[-] keep it or share it. Reading it again gives no extra progress."
rebirthSchematicSheetMetalBracketsDesc,"[B58CFF]Study to learn: Recipe: Sheet Metal Brackets.[-]\nYour character remembers this knowledge. Crafting can still require skills, materials and a workstation.\n[B58CFF]Reusable:[-] keep it or share it. Reading it again gives no extra progress."
rebirthSchematicReinforcedStrapsDesc,"[B58CFF]Study to learn: Recipe: Reinforced Straps.[-]\nYour character remembers this knowledge. Crafting can still require skills, materials and a workstation.\n[B58CFF]Reusable:[-] keep it or share it. Reading it again gives no extra progress."
rebirthSchematicPaddedLiningDesc,"[B58CFF]Study to learn: Recipe: Padded Lining.[-]\nYour character remembers this knowledge. Crafting can still require skills, materials and a workstation.\n[B58CFF]Reusable:[-] keep it or share it. Reading it again gives no extra progress."
rebirthManualTailoringWeatherproofingDesc,"[B58CFF]Study to learn: Garment Weatherproofing.[-]\nYour character remembers this knowledge. Crafting can still require skills, materials and a workstation.\n[B58CFF]Reusable:[-] keep it or share it. Reading it again gives no extra progress."
rebirthManualBackpackExpansionDesc,"[B58CFF]Study to learn: Backpack Fitting & Expansion.[-]\nYour character remembers this knowledge. Crafting can still require skills, materials and a workstation.\n[B58CFF]Reusable:[-] keep it or share it. Reading it again gives no extra progress."
rebirthManualPoweredDoorInstallationDesc,"[B58CFF]Study to learn: Powered Door Installation.[-]\nYour character remembers this knowledge. Crafting can still require skills, materials and a workstation.\n[B58CFF]Reusable:[-] keep it or share it. Reading it again gives no extra progress."
rebirthManualTireServiceDesc,"[B58CFF]Study to learn: Tire Repair & Wheel Service.[-]\nYour character remembers this knowledge. Crafting can still require skills, materials and a workstation.\n[B58CFF]Reusable:[-] keep it or share it. Reading it again gives no extra progress."
rebirthManualRoadsideDiagnosticsDesc,"[B58CFF]Study to learn: Roadside Diagnostics.[-]\nYour character remembers this knowledge. Crafting can still require skills, materials and a workstation.\n[B58CFF]Reusable:[-] keep it or share it. Reading it again gives no extra progress."
rebirthSchematicVehicleServicePartsDesc,"[B58CFF]Study to learn: Recipe: Vehicle Service Parts Kit.[-]\nYour character remembers this knowledge. Crafting can still require skills, materials and a workstation.\n[B58CFF]Reusable:[-] keep it or share it. Reading it again gives no extra progress."
rebirthSchematicVehicleWheelsDesc,"[B58CFF]Study to learn: Schematic: Vehicle Wheels.[-]\nYour character remembers this knowledge. Crafting can still require skills, materials and a workstation.\n[B58CFF]Reusable:[-] keep it or share it. Reading it again gives no extra progress."
rebirthManualVehicleModificationsDesc,"[B58CFF]Study to learn: Vehicle Modification Schematics.[-]\nYour character remembers this knowledge. Crafting can still require skills, materials and a workstation.\n[B58CFF]Reusable:[-] keep it or share it. Reading it again gives no extra progress."
rebirthGuideSeedSavingDesc,"[B58CFF]Study to learn: Seed Saving & Propagation.[-]\nYour character remembers this knowledge. Crafting can still require skills, materials and a workstation.\n[B58CFF]Reusable:[-] keep it or share it. Reading it again gives no extra progress."
rebirthGuideProtectedGrowingDesc,"[B58CFF]Study to learn: Protected Growing.[-]\nYour character remembers this knowledge. Crafting can still require skills, materials and a workstation.\n[B58CFF]Reusable:[-] keep it or share it. Reading it again gives no extra progress."
"rebirthRecipeRenderedTallowDesc","[B58CFF]Study to learn: Recipe: Rendered Tallow.[-]\nYour character remembers this knowledge. Crafting can still require skills, materials and a workstation.\n[B58CFF]Reusable:[-] keep it or share it. Reading it again gives no extra progress. Keep this reference after reading: cooking literature can be needed later for food preparation and crafting requirements."
"rebirthRecipePickledVegetablesDesc","[B58CFF]Study to learn: Recipe: Pickled Vegetables.[-]\nYour character remembers this knowledge. Crafting can still require skills, materials and a workstation.\n[B58CFF]Reusable:[-] keep it or share it. Reading it again gives no extra progress. Keep this reference after reading: cooking literature can be needed later for food preparation and crafting requirements."
rebirthManualTurretCalibrationDesc,"[B58CFF]Study to learn: Turret Calibration.[-]\nYour character remembers this knowledge. Crafting can still require skills, materials and a workstation.\n[B58CFF]Reusable:[-] keep it or share it. Reading it again gives no extra progress."
rebirthManualTurretFeedServiceDesc,"[B58CFF]Study to learn: Turret Feed & Jam Service.[-]\nYour character remembers this knowledge. Crafting can still require skills, materials and a workstation.\n[B58CFF]Reusable:[-] keep it or share it. Reading it again gives no extra progress."
rebirthManualTurretDeviceSchematicsDesc,"[B58CFF]Study to learn: Automated Turret Schematics.[-]\nYour character remembers this knowledge. Crafting can still require skills, materials and a workstation.\n[B58CFF]Reusable:[-] keep it or share it. Reading it again gives no extra progress."
rebirthManualDroneFieldServiceDesc,"[B58CFF]Study to learn: Drone Field Service.[-]\nYour character remembers this knowledge. Crafting can still require skills, materials and a workstation.\n[B58CFF]Reusable:[-] keep it or share it. Reading it again gives no extra progress."
rebirthManualDronePlatformSchematicsDesc,"[B58CFF]Study to learn: Drone Platform Schematics.[-]\nYour character remembers this knowledge. Crafting can still require skills, materials and a workstation.\n[B58CFF]Reusable:[-] keep it or share it. Reading it again gives no extra progress."
rebirthGuideSpoorIdentificationDesc,"[B58CFF]Study to learn: Spoor Identification.[-]\nYour character remembers this knowledge. Crafting can still require skills, materials and a workstation.\n[B58CFF]Reusable:[-] keep it or share it. Reading it again gives no extra progress."
rebirthGuideHabitatPatternsDesc,"[B58CFF]Study to learn: Habitat & Movement Patterns.[-]\nYour character remembers this knowledge. Crafting can still require skills, materials and a workstation.\n[B58CFF]Reusable:[-] keep it or share it. Reading it again gives no extra progress."
rebirthSchematicLockpickDesc,"[B58CFF]Study to learn: Schematic: Lockpick.[-]\nYour character remembers this knowledge. Crafting can still require skills, materials and a workstation.\n[B58CFF]Reusable:[-] keep it or share it. Reading it again gives no extra progress."
rebirthManualArmorFittingDesc,"[B58CFF]Study to learn: Armor Fitting & Adjustment.[-]\nYour character remembers this knowledge. Crafting can still require skills, materials and a workstation.\n[B58CFF]Reusable:[-] keep it or share it. Reading it again gives no extra progress."
rebirthGuidePracticalAppraisalDesc,"[B58CFF]Study to learn: Practical Appraisal.[-]\nYour character remembers this knowledge. Crafting can still require skills, materials and a workstation.\n[B58CFF]Reusable:[-] keep it or share it. Reading it again gives no extra progress."
rebirthManualFurnitureConstructionDesc,"[B58CFF]Study to learn: Furniture Construction.[-]\nYour character remembers this knowledge. Crafting can still require skills, materials and a workstation.\n[B58CFF]Reusable:[-] keep it or share it. Reading it again gives no extra progress."
rebirthManualUpholsteryDesc,"[B58CFF]Study to learn: Upholstery & Soft Furnishings.[-]\nYour character remembers this knowledge. Crafting can still require skills, materials and a workstation.\n[B58CFF]Reusable:[-] keep it or share it. Reading it again gives no extra progress."
rebirthManualFixturesCabinetryDesc,"[B58CFF]Study to learn: Fixtures & Cabinetry.[-]\nYour character remembers this knowledge. Crafting can still require skills, materials and a workstation.\n[B58CFF]Reusable:[-] keep it or share it. Reading it again gives no extra progress."
rebirthManualSecureStorageDesc,"[B58CFF]Study to learn: Secure Storage Construction.[-]\nYour character remembers this knowledge. Crafting can still require skills, materials and a workstation.\n[B58CFF]Reusable:[-] keep it or share it. Reading it again gives no extra progress."
rebirthManualConcealedTrapsDesc,"[B58CFF]Study to learn: Concealed Trap Construction.[-]\nYour character remembers this knowledge. Crafting can still require skills, materials and a workstation.\n[B58CFF]Reusable:[-] keep it or share it. Reading it again gives no extra progress."
rebirthManualStructuralGlazingDesc,"[B58CFF]Study to learn: Structural Glazing.[-]\nYour character remembers this knowledge. Crafting can still require skills, materials and a workstation.\n[B58CFF]Reusable:[-] keep it or share it. Reading it again gives no extra progress."
rebirthPatternAssassinArmorDesc,"[B58CFF]Study to learn: Assassin Armor Pattern.[-]\nYour character remembers this knowledge. Crafting can still require skills, materials and a workstation.\n[B58CFF]Reusable:[-] keep it or share it. Reading it again gives no extra progress."
rebirthPatternAthleticArmorDesc,"[B58CFF]Study to learn: Athletic Armor Pattern.[-]\nYour character remembers this knowledge. Crafting can still require skills, materials and a workstation.\n[B58CFF]Reusable:[-] keep it or share it. Reading it again gives no extra progress."
rebirthPatternBikerArmorDesc,"[B58CFF]Study to learn: Biker Armor Pattern.[-]\nYour character remembers this knowledge. Crafting can still require skills, materials and a workstation.\n[B58CFF]Reusable:[-] keep it or share it. Reading it again gives no extra progress."
rebirthPatternCommandoArmorDesc,"[B58CFF]Study to learn: Commando Armor Pattern.[-]\nYour character remembers this knowledge. Crafting can still require skills, materials and a workstation.\n[B58CFF]Reusable:[-] keep it or share it. Reading it again gives no extra progress."
rebirthPatternEnforcerArmorDesc,"[B58CFF]Study to learn: Enforcer Armor Pattern.[-]\nYour character remembers this knowledge. Crafting can still require skills, materials and a workstation.\n[B58CFF]Reusable:[-] keep it or share it. Reading it again gives no extra progress."
rebirthPatternFarmerArmorDesc,"[B58CFF]Study to learn: Farmer Armor Pattern.[-]\nYour character remembers this knowledge. Crafting can still require skills, materials and a workstation.\n[B58CFF]Reusable:[-] keep it or share it. Reading it again gives no extra progress."
rebirthPatternLumberjackArmorDesc,"[B58CFF]Study to learn: Lumberjack Armor Pattern.[-]\nYour character remembers this knowledge. Crafting can still require skills, materials and a workstation.\n[B58CFF]Reusable:[-] keep it or share it. Reading it again gives no extra progress."
rebirthPatternMinerArmorDesc,"[B58CFF]Study to learn: Miner Armor Pattern.[-]\nYour character remembers this knowledge. Crafting can still require skills, materials and a workstation.\n[B58CFF]Reusable:[-] keep it or share it. Reading it again gives no extra progress."
rebirthPatternNerdArmorDesc,"[B58CFF]Study to learn: Nerd Armor Pattern.[-]\nYour character remembers this knowledge. Crafting can still require skills, materials and a workstation.\n[B58CFF]Reusable:[-] keep it or share it. Reading it again gives no extra progress."
rebirthPatternNomadArmorDesc,"[B58CFF]Study to learn: Nomad Armor Pattern.[-]\nYour character remembers this knowledge. Crafting can still require skills, materials and a workstation.\n[B58CFF]Reusable:[-] keep it or share it. Reading it again gives no extra progress."
rebirthPatternPreacherArmorDesc,"[B58CFF]Study to learn: Preacher Armor Pattern.[-]\nYour character remembers this knowledge. Crafting can still require skills, materials and a workstation.\n[B58CFF]Reusable:[-] keep it or share it. Reading it again gives no extra progress."
rebirthPatternRaiderArmorDesc,"[B58CFF]Study to learn: Raider Armor Pattern.[-]\nYour character remembers this knowledge. Crafting can still require skills, materials and a workstation.\n[B58CFF]Reusable:[-] keep it or share it. Reading it again gives no extra progress."
rebirthPatternRangerArmorDesc,"[B58CFF]Study to learn: Ranger Armor Pattern.[-]\nYour character remembers this knowledge. Crafting can still require skills, materials and a workstation.\n[B58CFF]Reusable:[-] keep it or share it. Reading it again gives no extra progress."
rebirthPatternScavengerArmorDesc,"[B58CFF]Study to learn: Scavenger Armor Pattern.[-]\nYour character remembers this knowledge. Crafting can still require skills, materials and a workstation.\n[B58CFF]Reusable:[-] keep it or share it. Reading it again gives no extra progress."
rebirthSchematicArmorStorageModsDesc,"[B58CFF]Study to learn: Armor Storage Mod Schematics.[-]\nYour character remembers this knowledge. Crafting can still require skills, materials and a workstation.\n[B58CFF]Reusable:[-] keep it or share it. Reading it again gives no extra progress."
rebirthSchematicArmorProtectionModsDesc,"[B58CFF]Study to learn: Armor Protection Mod Schematics.[-]\nYour character remembers this knowledge. Crafting can still require skills, materials and a workstation.\n[B58CFF]Reusable:[-] keep it or share it. Reading it again gives no extra progress."
rebirthSchematicArmorStealthModsDesc,"[B58CFF]Study to learn: Armor Stealth Mod Schematics.[-]\nYour character remembers this knowledge. Crafting can still require skills, materials and a workstation.\n[B58CFF]Reusable:[-] keep it or share it. Reading it again gives no extra progress."
rebirthSchematicArmorUtilityModsDesc,"[B58CFF]Study to learn: Armor Utility Mod Schematics.[-]\nYour character remembers this knowledge. Crafting can still require skills, materials and a workstation.\n[B58CFF]Reusable:[-] keep it or share it. Reading it again gives no extra progress."
rebirthGuideApiaryManagementDesc,"[B58CFF]Study to learn: Apiary Management.[-]\nYour character remembers this knowledge. Crafting can still require skills, materials and a workstation.\n[B58CFF]Reusable:[-] keep it or share it. Reading it again gives no extra progress."
rebirthGuidePoultryKeepingDesc,"[B58CFF]Study to learn: Poultry Keeping.[-]\nYour character remembers this knowledge. Crafting can still require skills, materials and a workstation.\n[B58CFF]Reusable:[-] keep it or share it. Reading it again gives no extra progress."
rebirthGuideWaterHarvestingDesc,"[B58CFF]Study to learn: Water Harvesting.[-]\nYour character remembers this knowledge. Crafting can still require skills, materials and a workstation.\n[B58CFF]Reusable:[-] keep it or share it. Reading it again gives no extra progress."
rebirthSchematicClubModsDesc,"[B58CFF]Study to learn: Club Modification Schematics.[-]\nYour character remembers this knowledge. Crafting can still require skills, materials and a workstation.\n[B58CFF]Reusable:[-] keep it or share it. Reading it again gives no extra progress."
rebirthSchematicToolEdgeModsDesc,"[B58CFF]Study to learn: Tool & Edge Modification Schematics.[-]\nYour character remembers this knowledge. Crafting can still require skills, materials and a workstation.\n[B58CFF]Reusable:[-] keep it or share it. Reading it again gives no extra progress."
rebirthSchematicPoweredMeleeModsDesc,"[B58CFF]Study to learn: Powered Melee Modification Schematics.[-]\nYour character remembers this knowledge. Crafting can still require skills, materials and a workstation.\n[B58CFF]Reusable:[-] keep it or share it. Reading it again gives no extra progress."
rebirthFormulaExplosiveProjectilesDesc,"[B58CFF]Study to learn: Explosive Projectile Payloads.[-]\nYour character remembers this knowledge. Crafting can still require skills, materials and a workstation.\n[B58CFF]Reusable:[-] keep it or share it. Reading it again gives no extra progress."
rebirthFormulaImprovisedExplosivesDesc,"[B58CFF]Study to learn: Improvised Explosives.[-]\nYour character remembers this knowledge. Crafting can still require skills, materials and a workstation.\n[B58CFF]Reusable:[-] keep it or share it. Reading it again gives no extra progress."
rebirthFormulaGrenadesChargesDesc,"[B58CFF]Study to learn: Grenade & Charge Formulas.[-]\nYour character remembers this knowledge. Crafting can still require skills, materials and a workstation.\n[B58CFF]Reusable:[-] keep it or share it. Reading it again gives no extra progress."
rebirthFormulaImprovisedMinesDesc,"[B58CFF]Study to learn: Improvised Mine Formulas.[-]\nYour character remembers this knowledge. Crafting can still require skills, materials and a workstation.\n[B58CFF]Reusable:[-] keep it or share it. Reading it again gives no extra progress."
rebirthFormulaRocketPayloadsDesc,"[B58CFF]Study to learn: Rocket Payload Formulas.[-]\nYour character remembers this knowledge. Crafting can still require skills, materials and a workstation.\n[B58CFF]Reusable:[-] keep it or share it. Reading it again gives no extra progress."
rebirthPatternBowmakingDesc,"[B58CFF]Study to learn: Bowmaking Pattern.[-]\nYour character remembers this knowledge. Crafting can still require skills, materials and a workstation.\n[B58CFF]Reusable:[-] keep it or share it. Reading it again gives no extra progress."
rebirthSchematicCrossbowsCompoundDesc,"[B58CFF]Study to learn: Crossbow & Compound Bow Schematics.[-]\nYour character remembers this knowledge. Crafting can still require skills, materials and a workstation.\n[B58CFF]Reusable:[-] keep it or share it. Reading it again gives no extra progress."
rebirthSchematicArcherySpecialtyAmmoDesc,"[B58CFF]Study to learn: Specialty Archery Ammunition.[-]\nYour character remembers this knowledge. Crafting can still require skills, materials and a workstation.\n[B58CFF]Reusable:[-] keep it or share it. Reading it again gives no extra progress."
rebirthSchematicBowModsDesc,"[B58CFF]Study to learn: Bow Modification Schematics.[-]\nYour character remembers this knowledge. Crafting can still require skills, materials and a workstation.\n[B58CFF]Reusable:[-] keep it or share it. Reading it again gives no extra progress."
rebirthPatternIronHandToolsDesc,"[B58CFF]Study to learn: Iron Hand Tool Patterns.[-]\nYour character remembers this knowledge. Crafting can still require skills, materials and a workstation.\n[B58CFF]Reusable:[-] keep it or share it. Reading it again gives no extra progress."
rebirthSchematicPoweredToolsDesc,"[B58CFF]Study to learn: Powered Tool Schematics.[-]\nYour character remembers this knowledge. Crafting can still require skills, materials and a workstation.\n[B58CFF]Reusable:[-] keep it or share it. Reading it again gives no extra progress."
rebirthManualServiceToolFabricationDesc,"[B58CFF]Study to learn: Service Tool Fabrication.[-]\nYour character remembers this knowledge. Crafting can still require skills, materials and a workstation.\n[B58CFF]Reusable:[-] keep it or share it. Reading it again gives no extra progress."
rebirthPatternMeleeWeaponForgingDesc,"[B58CFF]Study to learn: Melee Weapon Forging Patterns.[-]\nYour character remembers this knowledge. Crafting can still require skills, materials and a workstation.\n[B58CFF]Reusable:[-] keep it or share it. Reading it again gives no extra progress."
rebirthManualForgeToolsDesc,"Legacy Forge Tool Fabrication manual. Anvils and bellows must now be found in loot; this title unlocks no crafting recipes. Existing study progress is retained."
rebirthManualMetalCookwareDesc,"[B58CFF]Study to learn: Metal Cookware Fabrication.[-]\nYour character remembers this knowledge. Crafting can still require skills, materials and a workstation.\n[B58CFF]Reusable:[-] keep it or share it. Reading it again gives no extra progress."
rebirthSchematicRocketComponentsDesc,"[B58CFF]Study to learn: Rocket Component Schematics.[-]\nYour character remembers this knowledge. Crafting can still require skills, materials and a workstation.\n[B58CFF]Reusable:[-] keep it or share it. Reading it again gives no extra progress."
rebirthSchematicStandardAmmunitionDesc,"[B58CFF]Study to learn: Standard Ammunition Schematics.[-]\nYour character remembers this knowledge. Crafting can still require skills, materials and a workstation.\n[B58CFF]Reusable:[-] keep it or share it. Reading it again gives no extra progress."
rebirthManualElectricalServiceToolsDesc,"[B58CFF]Study to learn: Electrical Service Tools.[-]\nYour character remembers this knowledge. Crafting can still require skills, materials and a workstation.\n[B58CFF]Reusable:[-] keep it or share it. Reading it again gives no extra progress."
rebirthFormulaFuelBlendingDesc,"[B58CFF]Study to learn: Fuel Blending Formula.[-]\nYour character remembers this knowledge. Crafting can still require skills, materials and a workstation.\n[B58CFF]Reusable:[-] keep it or share it. Reading it again gives no extra progress."
rebirthSchematicTurretAmmunitionDesc,"[B58CFF]Study to learn: Turret Ammunition Schematics.[-]\nYour character remembers this knowledge. Crafting can still require skills, materials and a workstation.\n[B58CFF]Reusable:[-] keep it or share it. Reading it again gives no extra progress."
rebirthGuideInfectedAnimalBehaviorDesc,"[B58CFF]Study to learn: Infected Animal Behavior.[-]\nYour character remembers this knowledge. Crafting can still require skills, materials and a workstation.\n[B58CFF]Reusable:[-] keep it or share it. Reading it again gives no extra progress."
rebirthGuidePantherHandlingDesc,[B58CFF]Study to learn: Panther Handling.[-]\nRequired knowledge for both special panther paths. Open Character > Progression to check their Animal Handling and discipline requirements. Reading alone does not grant a panther.\n[B58CFF]Reusable:[-] keep it or share it. Reading it again gives no extra progress.
rebirthManualBlackMagicPantherBindingDesc,[B58CFF]Study to learn: Panther Binding.[-]\nOpen Character > Progression to check the related ability and its requirements. Learning this knowledge does not replace skill or discipline requirements.\n[B58CFF]Reusable:[-] keep it or share it. Reading it again gives no extra progress.
rebirthManualMindControlAdvancedDesc,[B58CFF]Study to learn: Mind Control II.[-]\nOpen Character > Progression to check the related ability and its requirements. Learning this knowledge does not replace skill or discipline requirements.\n[B58CFF]Reusable:[-] keep it or share it. Reading it again gives no extra progress.
rebirthManualMindControlMasteryDesc,[B58CFF]Study to learn: Mind Control III.[-]\nOpen Character > Progression to check the related ability and its requirements. Learning this knowledge does not replace skill or discipline requirements.\n[B58CFF]Reusable:[-] keep it or share it. Reading it again gives no extra progress.
rebirthManualUndeadConditioningDesc,[B58CFF]Study to learn: Undead Conditioning.[-]\nOpen Character > Progression to check the related ability and its requirements. Learning this knowledge does not replace skill or discipline requirements.\n[B58CFF]Reusable:[-] keep it or share it. Reading it again gives no extra progress.
rebirthManualBindingRitualsDesc,[B58CFF]Study to learn: Binding Ritual.[-]\nOpen Character > Progression to check the related ability and its requirements. Learning this knowledge does not replace skill or discipline requirements.\n[B58CFF]Reusable:[-] keep it or share it. Reading it again gives no extra progress.
rebirthManualFeralBindingDesc,[B58CFF]Study to learn: Feral Binding.[-]\nOpen Character > Progression to check the related ability and its requirements. Learning this knowledge does not replace skill or discipline requirements.\n[B58CFF]Reusable:[-] keep it or share it. Reading it again gives no extra progress.
rebirthManualRadiatedBindingDesc,[B58CFF]Study to learn: Radiated Binding.[-]\nOpen Character > Progression to check the related ability and its requirements. Learning this knowledge does not replace skill or discipline requirements.\n[B58CFF]Reusable:[-] keep it or share it. Reading it again gives no extra progress.
rebirthManualChargedBindingDesc,[B58CFF]Study to learn: Charged Binding.[-]\nOpen Character > Progression to check the related ability and its requirements. Learning this knowledge does not replace skill or discipline requirements.\n[B58CFF]Reusable:[-] keep it or share it. Reading it again gives no extra progress.
rebirthManualInfernalBindingDesc,[B58CFF]Study to learn: Infernal Binding.[-]\nOpen Character > Progression to check the related ability and its requirements. Learning this knowledge does not replace skill or discipline requirements.\n[B58CFF]Reusable:[-] keep it or share it. Reading it again gives no extra progress.
rebirthManualLesserSummoningDesc,[B58CFF]Study to learn: Lesser Summoning.[-]\n[D6C978]Summoning is unavailable in this release.[-] Learning this knowledge does not currently let you summon undead.\n[B58CFF]Reusable:[-] keep it or share it. Reading it again gives no extra progress.
rebirthManualGreaterSummoningDesc,[B58CFF]Study to learn: Greater Summoning.[-]\n[D6C978]Summoning is unavailable in this release.[-] Learning this knowledge does not currently let you summon undead.\n[B58CFF]Reusable:[-] keep it or share it. Reading it again gives no extra progress.
rebirthManualArmyOfTheDeadDesc,[B58CFF]Study to learn: Army of the Dead.[-]\n[D6C978]Summoning is unavailable in this release.[-] Learning this knowledge does not currently let you summon undead.\n[B58CFF]Reusable:[-] keep it or share it. Reading it again gives no extra progress.
rebirthManualControlledRageDesc,[B58CFF]Study to learn: Controlled Rage.[-]\nOpen Character > Progression to check the related ability and its requirements. Learning this knowledge does not replace skill or discipline requirements.\n[B58CFF]Reusable:[-] keep it or share it. Reading it again gives no extra progress.
rebirthManualOffensiveRageDesc,[B58CFF]Study to learn: Offensive Rage.[-]\nOpen Character > Progression to check the related ability and its requirements. Learning this knowledge does not replace skill or discipline requirements.\n[B58CFF]Reusable:[-] keep it or share it. Reading it again gives no extra progress.
rebirthManualBloodRageDesc,[B58CFF]Study to learn: Blood Rage.[-]\nOpen Character > Progression to check the related ability and its requirements. Learning this knowledge does not replace skill or discipline requirements.\n[B58CFF]Reusable:[-] keep it or share it. Reading it again gives no extra progress.
BlueDog3Desc,"[B58CFF]Choose your dog.[-] Open Crafting and use this item in a dog companion recipe. Pick the breed you want, then place the crafted dog item in the world."
HotwireKitDesc,[B58CFF]Start a repaired vehicle.[-] Used by the vehicle restoration system when hotwiring. The kit is consumed. Repair the vehicle's required parts first.
rebirthElectricalFuseDesc,[B58CFF]Electrical service part.[-] Used when servicing generators and battery banks. Keep it with your electrical supplies.
rebirthElectricalTerminalBlockDesc,[B58CFF]Electrical service part.[-] Used when servicing battery banks and electrical controls.
rebirthElectricalWiringHarnessDesc,[B58CFF]Generator service part.[-] Used together with an Electrical Fuse when servicing a generator.
rebirthReinforcedStrapsDesc,[B58CFF]Equipment crafting material.[-] Used to make expanded backpacks and the Hot Weather Shell. It does not add inventory space by itself.
rebirthPaddedLiningDesc,[B58CFF]Equipment crafting material.[-] Used to make expanded backpacks and the Cold Weather Lining. It does not add inventory space by itself.
FuriousRamsayModFireResistDesc,[B58CFF]Dog protection module.[-] Keep this in your dog's inventory to protect the dog from burning effects. Removing it removes the protection.
FuriousRamsayModShockResistDesc,[B58CFF]Dog protection module.[-] Keep this in your dog's inventory for protection against electrical damage and shock effects. Removing it removes the protection.
FuriousRamsayModSmokeResistDesc,[B58CFF]Dog protection module.[-] Keep this in your dog's inventory for protection against heat damage. Removing it removes the protection.
FuriousRamsayModFireShockResistDesc,"[B58CFF]Dog protection module.[-] Keep this in your dog's inventory for protection against burning effects, electrical damage and shock effects. Removing it removes the protection."
FuriousRamsayModFireShockSmokeResistDesc,"[B58CFF]Dog protection module.[-] Keep this in your dog's inventory for protection against burning effects, electrical damage, shock effects and heat damage. Removing it removes the protection."
partMotorcycleEngine_FRDesc,[B58CFF]Vehicle restoration part.[-] Install in a matching slot on a repairable vehicle. Check the vehicle's parts list to see which part it needs.
partV6Engine_FRDesc,[B58CFF]Vehicle restoration part.[-] Install in a matching slot on a repairable vehicle. Check the vehicle's parts list to see which part it needs.
partV8Engine_FRDesc,[B58CFF]Vehicle restoration part.[-] Install in a matching slot on a repairable vehicle. Check the vehicle's parts list to see which part it needs.
partSparkPlugs_FRDesc,[B58CFF]Vehicle restoration part.[-] Install in a matching slot on a repairable vehicle. Check the vehicle's parts list to see which part it needs.
partCarStarter_FRDesc,[B58CFF]Vehicle restoration part.[-] Install in a matching slot on a repairable vehicle. Check the vehicle's parts list to see which part it needs.
partFuelPump_FRDesc,[B58CFF]Vehicle restoration part.[-] Install in a matching slot on a repairable vehicle. Check the vehicle's parts list to see which part it needs.
partAlternator_FRDesc,[B58CFF]Vehicle restoration part.[-] Install in a matching slot on a repairable vehicle. Check the vehicle's parts list to see which part it needs.
partCarburetor_FRDesc,[B58CFF]Vehicle restoration part.[-] Install in a matching slot on a repairable vehicle. Check the vehicle's parts list to see which part it needs.
partCarTransmission_FRDesc,[B58CFF]Vehicle restoration part.[-] Install in a matching slot on a repairable vehicle. Check the vehicle's parts list to see which part it needs.
partCarRadiator_FRDesc,[B58CFF]Vehicle restoration part.[-] Install in a matching slot on a repairable vehicle. Check the vehicle's parts list to see which part it needs.
partTruckRadiator_FRDesc,[B58CFF]Vehicle restoration part.[-] Install in a matching slot on a repairable vehicle. Check the vehicle's parts list to see which part it needs.
partBicycleWheel_FRDesc,[B58CFF]Vehicle restoration part.[-] Install in a matching slot on a repairable vehicle. Check the vehicle's parts list to see which part it needs.
partMinibikeWheel_FRDesc,[B58CFF]Vehicle restoration part.[-] Install in a matching slot on a repairable vehicle. Check the vehicle's parts list to see which part it needs.
partMotorcycleWheel_FRDesc,[B58CFF]Vehicle restoration part.[-] Install in a matching slot on a repairable vehicle. Check the vehicle's parts list to see which part it needs.
partMotorcycleWheel2_FRDesc,[B58CFF]Vehicle restoration part.[-] Install in a matching slot on a repairable vehicle. Check the vehicle's parts list to see which part it needs.
partCarWheel_FRDesc,[B58CFF]Vehicle restoration part.[-] Install in a matching slot on a repairable vehicle. Check the vehicle's parts list to see which part it needs.
partCarWheel2_FRDesc,[B58CFF]Vehicle restoration part.[-] Install in a matching slot on a repairable vehicle. Check the vehicle's parts list to see which part it needs.
partTruckWheel_FRDesc,[B58CFF]Vehicle restoration part.[-] Install in a matching slot on a repairable vehicle. Check the vehicle's parts list to see which part it needs.
partTruckWheel2_FRDesc,[B58CFF]Vehicle restoration part.[-] Install in a matching slot on a repairable vehicle. Check the vehicle's parts list to see which part it needs.
partMilitaryTruckWheel_FRDesc,[B58CFF]Vehicle restoration part.[-] Install in a matching slot on a repairable vehicle. Check the vehicle's parts list to see which part it needs.
partHeavyWheel_FRDesc,[B58CFF]Vehicle restoration part.[-] Install in a matching slot on a repairable vehicle. Check the vehicle's parts list to see which part it needs.
partGyroWheel_FRDesc,[B58CFF]Vehicle restoration part.[-] Install in a matching slot on a repairable vehicle. Check the vehicle's parts list to see which part it needs.
foodCropCranberriesDesc,"[B58CFF]Food ingredient.[-] Eat it or use it in a recipe that calls for it. In REBIRTH progression, food must digest before it replenishes Nutrition. Cooking can make better use of your harvest."
foodCropCurrantDesc,"[B58CFF]Food ingredient.[-] Eat it or use it in a recipe that calls for it. In REBIRTH progression, food must digest before it replenishes Nutrition. Cooking can make better use of your harvest."
foodCropGooseberryDesc,"[B58CFF]Food ingredient.[-] Eat it or use it in a recipe that calls for it. In REBIRTH progression, food must digest before it replenishes Nutrition. Cooking can make better use of your harvest."
foodCropRaspberryDesc,"[B58CFF]Food ingredient.[-] Eat it or use it in a recipe that calls for it. In REBIRTH progression, food must digest before it replenishes Nutrition. Cooking can make better use of your harvest."
foodCropStrawberryDesc,"[B58CFF]Food ingredient.[-] Eat it or use it in a recipe that calls for it. In REBIRTH progression, food must digest before it replenishes Nutrition. Cooking can make better use of your harvest."
foodCropBarleyDesc,"[B58CFF]Food ingredient.[-] Eat it or use it in a recipe that calls for it. In REBIRTH progression, food must digest before it replenishes Nutrition. Cooking can make better use of your harvest."
foodCropOatDesc,"[B58CFF]Food ingredient.[-] Eat it or use it in a recipe that calls for it. In REBIRTH progression, food must digest before it replenishes Nutrition. Cooking can make better use of your harvest."
foodCropRiceDesc,"[B58CFF]Food ingredient.[-] Eat it or use it in a recipe that calls for it. In REBIRTH progression, food must digest before it replenishes Nutrition. Cooking can make better use of your harvest."
foodCropSugarCaneDesc,"[B58CFF]Food ingredient.[-] Eat it or use it in a recipe that calls for it. In REBIRTH progression, food must digest before it replenishes Nutrition. Cooking can make better use of your harvest."
foodCropWheatDesc,"[B58CFF]Food ingredient.[-] Eat it or use it in a recipe that calls for it. In REBIRTH progression, food must digest before it replenishes Nutrition. Cooking can make better use of your harvest."
foodCropBasilDesc,"[B58CFF]Food ingredient.[-] Eat it or use it in a recipe that calls for it. In REBIRTH progression, food must digest before it replenishes Nutrition. Cooking can make better use of your harvest."
foodCropChamomileDesc,"[B58CFF]Food ingredient.[-] Eat it or use it in a recipe that calls for it. In REBIRTH progression, food must digest before it replenishes Nutrition. Cooking can make better use of your harvest."
foodCropDillDesc,"[B58CFF]Food ingredient.[-] Eat it or use it in a recipe that calls for it. In REBIRTH progression, food must digest before it replenishes Nutrition. Cooking can make better use of your harvest."
foodCropEchinaceaDesc,"[B58CFF]Food ingredient.[-] Eat it or use it in a recipe that calls for it. In REBIRTH progression, food must digest before it replenishes Nutrition. Cooking can make better use of your harvest."
foodCropLavenderDesc,"[B58CFF]Food ingredient.[-] Eat it or use it in a recipe that calls for it. In REBIRTH progression, food must digest before it replenishes Nutrition. Cooking can make better use of your harvest."
foodCropSageDesc,"[B58CFF]Food ingredient.[-] Eat it or use it in a recipe that calls for it. In REBIRTH progression, food must digest before it replenishes Nutrition. Cooking can make better use of your harvest."
foodCropBlackTrumpetDesc,"[B58CFF]Food ingredient.[-] Eat it or use it in a recipe that calls for it. In REBIRTH progression, food must digest before it replenishes Nutrition. Cooking can make better use of your harvest."
foodCropChanterelleDesc,"[B58CFF]Food ingredient.[-] Eat it or use it in a recipe that calls for it. In REBIRTH progression, food must digest before it replenishes Nutrition. Cooking can make better use of your harvest."
foodCropFlyAgaricDesc,"[B58CFF]Food ingredient.[-] Eat it or use it in a recipe that calls for it. In REBIRTH progression, food must digest before it replenishes Nutrition. Cooking can make better use of your harvest."
foodCropKingOysterDesc,"[B58CFF]Food ingredient.[-] Eat it or use it in a recipe that calls for it. In REBIRTH progression, food must digest before it replenishes Nutrition. Cooking can make better use of your harvest."
foodCropTurkeyTailDesc,"[B58CFF]Food ingredient.[-] Eat it or use it in a recipe that calls for it. In REBIRTH progression, food must digest before it replenishes Nutrition. Cooking can make better use of your harvest."
foodCropEnokiDesc,"[B58CFF]Food ingredient.[-] Eat it or use it in a recipe that calls for it. In REBIRTH progression, food must digest before it replenishes Nutrition. Cooking can make better use of your harvest."
foodCropCarrotDesc,"[B58CFF]Food ingredient.[-] Eat it or use it in a recipe that calls for it. In REBIRTH progression, food must digest before it replenishes Nutrition. Cooking can make better use of your harvest."
foodCropGingerDesc,"[B58CFF]Food ingredient.[-] Eat it or use it in a recipe that calls for it. In REBIRTH progression, food must digest before it replenishes Nutrition. Cooking can make better use of your harvest."
foodCropOnionDesc,"[B58CFF]Food ingredient.[-] Eat it or use it in a recipe that calls for it. In REBIRTH progression, food must digest before it replenishes Nutrition. Cooking can make better use of your harvest."
foodCropSweetPotatoDesc,"[B58CFF]Food ingredient.[-] Eat it or use it in a recipe that calls for it. In REBIRTH progression, food must digest before it replenishes Nutrition. Cooking can make better use of your harvest."
foodCropTurnipDesc,"[B58CFF]Food ingredient.[-] Eat it or use it in a recipe that calls for it. In REBIRTH progression, food must digest before it replenishes Nutrition. Cooking can make better use of your harvest."
foodCropBellPepperDesc,"[B58CFF]Food ingredient.[-] Eat it or use it in a recipe that calls for it. In REBIRTH progression, food must digest before it replenishes Nutrition. Cooking can make better use of your harvest."
foodCropCucumberDesc,"[B58CFF]Food ingredient.[-] Eat it or use it in a recipe that calls for it. In REBIRTH progression, food must digest before it replenishes Nutrition. Cooking can make better use of your harvest."
foodCropLettuceDesc,"[B58CFF]Food ingredient.[-] Eat it or use it in a recipe that calls for it. In REBIRTH progression, food must digest before it replenishes Nutrition. Cooking can make better use of your harvest."
foodCropRadishDesc,"[B58CFF]Food ingredient.[-] Eat it or use it in a recipe that calls for it. In REBIRTH progression, food must digest before it replenishes Nutrition. Cooking can make better use of your harvest."
foodCropSwissChardDesc,"[B58CFF]Food ingredient.[-] Eat it or use it in a recipe that calls for it. In REBIRTH progression, food must digest before it replenishes Nutrition. Cooking can make better use of your harvest."
foodCropTomatoDesc,"[B58CFF]Food ingredient.[-] Eat it or use it in a recipe that calls for it. In REBIRTH progression, food must digest before it replenishes Nutrition. Cooking can make better use of your harvest."
foodCropZucchiniDesc,"[B58CFF]Food ingredient.[-] Eat it or use it in a recipe that calls for it. In REBIRTH progression, food must digest before it replenishes Nutrition. Cooking can make better use of your harvest."
foodCropButternutDesc,"[B58CFF]Food ingredient.[-] Eat it or use it in a recipe that calls for it. In REBIRTH progression, food must digest before it replenishes Nutrition. Cooking can make better use of your harvest."
plantedCranberry3HarvestPlayerDesc,[B58CFF]Ready to harvest.[-] A mature crop grown by a player. Harvest it to collect the crop.
plantedCurrant3HarvestPlayerDesc,[B58CFF]Ready to harvest.[-] A mature crop grown by a player. Harvest it to collect the crop.
plantedGooseberry3HarvestPlayerDesc,[B58CFF]Ready to harvest.[-] A mature crop grown by a player. Harvest it to collect the crop.
plantedRaspberry3HarvestPlayerDesc,[B58CFF]Ready to harvest.[-] A mature crop grown by a player. Harvest it to collect the crop.
plantedStrawberry3HarvestPlayerDesc,[B58CFF]Ready to harvest.[-] A mature crop grown by a player. Harvest it to collect the crop.
plantedBarley3HarvestPlayerDesc,[B58CFF]Ready to harvest.[-] A mature crop grown by a player. Harvest it to collect the crop.
plantedOat3HarvestPlayerDesc,[B58CFF]Ready to harvest.[-] A mature crop grown by a player. Harvest it to collect the crop.
plantedRice3HarvestPlayerDesc,[B58CFF]Ready to harvest.[-] A mature crop grown by a player. Harvest it to collect the crop.
plantedSugarCane3HarvestPlayerDesc,[B58CFF]Ready to harvest.[-] A mature crop grown by a player. Harvest it to collect the crop.
plantedWheat3HarvestPlayerDesc,[B58CFF]Ready to harvest.[-] A mature crop grown by a player. Harvest it to collect the crop.
plantedBasil3HarvestPlayerDesc,[B58CFF]Ready to harvest.[-] A mature crop grown by a player. Harvest it to collect the crop.
plantedChamomile3HarvestPlayerDesc,[B58CFF]Ready to harvest.[-] A mature crop grown by a player. Harvest it to collect the crop.
plantedDill3HarvestPlayerDesc,[B58CFF]Ready to harvest.[-] A mature crop grown by a player. Harvest it to collect the crop.
plantedEchinacea3HarvestPlayerDesc,[B58CFF]Ready to harvest.[-] A mature crop grown by a player. Harvest it to collect the crop.
plantedLavender3HarvestPlayerDesc,[B58CFF]Ready to harvest.[-] A mature crop grown by a player. Harvest it to collect the crop.
plantedSage3HarvestPlayerDesc,[B58CFF]Ready to harvest.[-] A mature crop grown by a player. Harvest it to collect the crop.
plantedBlackTrumpet3HarvestPlayerDesc,[B58CFF]Ready to harvest.[-] A mature crop grown by a player. Harvest it to collect the crop.
plantedChanterelle3HarvestPlayerDesc,[B58CFF]Ready to harvest.[-] A mature crop grown by a player. Harvest it to collect the crop.
plantedFlyAgaric3HarvestPlayerDesc,[B58CFF]Ready to harvest.[-] A mature crop grown by a player. Harvest it to collect the crop.
plantedKingOyster3HarvestPlayerDesc,[B58CFF]Ready to harvest.[-] A mature crop grown by a player. Harvest it to collect the crop.
plantedTurkeyTail3HarvestPlayerDesc,[B58CFF]Ready to harvest.[-] A mature crop grown by a player. Harvest it to collect the crop.
plantedEnoki3HarvestPlayerDesc,[B58CFF]Ready to harvest.[-] A mature crop grown by a player. Harvest it to collect the crop.
plantedCarrot3HarvestPlayerDesc,[B58CFF]Ready to harvest.[-] A mature crop grown by a player. Harvest it to collect the crop.
plantedGinger3HarvestPlayerDesc,[B58CFF]Ready to harvest.[-] A mature crop grown by a player. Harvest it to collect the crop.
plantedOnion3HarvestPlayerDesc,[B58CFF]Ready to harvest.[-] A mature crop grown by a player. Harvest it to collect the crop.
plantedSweetPotato3HarvestPlayerDesc,[B58CFF]Ready to harvest.[-] A mature crop grown by a player. Harvest it to collect the crop.
plantedTurnip3HarvestPlayerDesc,[B58CFF]Ready to harvest.[-] A mature crop grown by a player. Harvest it to collect the crop.
plantedBellPepper3HarvestPlayerDesc,[B58CFF]Ready to harvest.[-] A mature crop grown by a player. Harvest it to collect the crop.
plantedTomato3HarvestPlayerDesc,[B58CFF]Ready to harvest.[-] A mature crop grown by a player. Harvest it to collect the crop.
plantedCucumber3HarvestPlayerDesc,[B58CFF]Ready to harvest.[-] A mature crop grown by a player. Harvest it to collect the crop.
plantedLettuce3HarvestPlayerDesc,[B58CFF]Ready to harvest.[-] A mature crop grown by a player. Harvest it to collect the crop.
plantedRadish3HarvestPlayerDesc,[B58CFF]Ready to harvest.[-] A mature crop grown by a player. Harvest it to collect the crop.
plantedSwissChard3HarvestPlayerDesc,[B58CFF]Ready to harvest.[-] A mature crop grown by a player. Harvest it to collect the crop.
plantedZucchini3HarvestPlayerDesc,[B58CFF]Ready to harvest.[-] A mature crop grown by a player. Harvest it to collect the crop.
plantedButternut3HarvestPlayerDesc,[B58CFF]Ready to harvest.[-] A mature crop grown by a player. Harvest it to collect the crop.
WorkbenchGasStove001_FRDesc,"[B58CFF]Cooking station.[-] Place the stove and interact with it to see its recipes. Add the tools, ingredients and fuel required by your chosen recipe."
WorkbenchIronOven001_FRDesc,[B58CFF]Cooking station.[-] Place the oven and interact with it to see its recipes. Check the recipe's requirements before gathering ingredients.
WorkbenchMortarPestle001_FRDesc,[B58CFF]Ingredient preparation station.[-] Place it and interact with it to see what you can prepare. Add the ingredients listed by your chosen recipe.
rebirthFoodPickledVegetablesDesc,"[B58CFF]Prepared vegetables.[-] Eat to add food and water to your digestive system. Nutrition and Hydration recover as the food is digested, rather than immediately."
ItemsWeaponsCleaver001_FRDesc,[B58CFF]Knives weapon.[-] A close-range blade. Effective hits give Knives practice. Watch your stamina when using power attacks.
ItemsWeaponsCrowbar001_FRDesc,[B58CFF]Clubs weapon.[-] A metal crowbar used as a blunt weapon. Effective hits give Clubs practice. Watch your stamina when using power attacks.
ItemsWeaponsJunkBaton001_FRDesc,[B58CFF]Batons weapon.[-] An improvised baton for close-range fighting. Effective hits give Batons practice. Watch your stamina when using power attacks.
ItemsWeaponsScythe004_FRDesc,[B58CFF]Scythes weapon.[-] Effective hits give Scythes practice. Leave room to move and watch your stamina when using power attacks.
palletBrownBoxesBaseClosedDesc,[B58CFF]Reusable storage.[-] Empty the pallet before picking it up. Place it again to store your supplies.
palletBrownBoxesBaseOpenDesc,[B58CFF]Recoverable pallet.[-] Pick it up to obtain a reusable storage pallet.
palletBrownBoxesTileClosedDesc,[B58CFF]Reusable storage.[-] Empty the pallet before picking it up. Place it again to store your supplies.
palletBrownBoxesTileOpenDesc,[B58CFF]Recoverable pallet.[-] Pick it up to obtain a reusable storage pallet.
palletBrownBoxesTopClosedDesc,[B58CFF]Reusable storage.[-] Empty the pallet before picking it up. Place it again to store your supplies.
palletBrownBoxesTopOpenDesc,[B58CFF]Recoverable pallet.[-] Pick it up to obtain a reusable storage pallet.
palletBrownBoxesTopSmallClosedDesc,[B58CFF]Reusable storage.[-] Empty the pallet before picking it up. Place it again to store your supplies.
palletBrownBoxesTopSmallOpenDesc,[B58CFF]Recoverable pallet.[-] Pick it up to obtain a reusable storage pallet.
palletBrownBoxesLooseClosedDesc,[B58CFF]Reusable storage.[-] Empty the pallet before picking it up. Place it again to store your supplies.
palletBrownBoxesLooseOpenDesc,[B58CFF]Recoverable pallet.[-] Pick it up to obtain a reusable storage pallet.
xuiRebirthStarterItemsNeedSpace,[B58CFF]Starter items are waiting.[-] Free some inventory space to receive the rest.
xuiRebirthProgressionExplorerRecipeDiscoveryHelp,"Learn this recipe from its matching recipe card or manual. Learning it does not replace the skill, materials or workstation needed to craft it."
xuiRebirthJournalLoadError,Journal could not be loaded. Your saved notes have not been changed.
xuiRebirthJournalChooseType,"Choose Notes, Places, or Plans."
xuiRebirthJournalNeedText,Add a title and some text before saving.
xuiRebirthJournalTextLimit,"Use up to 80 characters for the title and 4,000 for the entry."
xuiRebirthJournalFull,The journal is full (500 personal entries).
xuiRebirthJournalNoteSaveError,Could not save. Your text is still here; please try again.
xuiRebirthJournalNoteSaved,Entry saved.
xuiRebirthJournalDeleteConfirm,Press Delete again to remove this entry.
xuiRebirthJournalDeleteError,Could not delete the entry. Please try again.
xuiRebirthJournalDeleted,Entry deleted.
xuiRebirthJournalEmptyFilter,No entries of this type.
xuiRebirthJournalSelectEntry,Select an entry
xuiRebirthJournalFieldTitle,Rebirth field journal
xuiRebirthJournalEmptyHelp,Your journal keeps discoveries and personal notes together. Choose New entry to begin.
FuriousRamsayHammerPliersDesc,[B58CFF]Hand tools.[-]\nCan be sold to a trader. [D6C978]No crafting or repair use is available in this release.[-]
FuriousRamsayPliersDesc,[B58CFF]Hand tool.[-]\nCan be sold to a trader. [D6C978]No crafting or repair use is available in this release.[-]
FuriousRamsayScrewdriverDesc,[B58CFF]Hand tool.[-]\nCan be sold to a trader. [D6C978]No crafting or repair use is available in this release.[-]
FuriousRamsayFountainPenDesc,[B58CFF]Fountain pen.[-]\nCan be sold to a trader. [D6C978]No writing or crafting use is available in this release.[-]
rebirthFirearmCleaningKitDesc,[B58CFF]Firearm cleaning supplies.[-]\n[D6C978]No equipment currently uses this kit for repair or maintenance.[-]
rebirthVehicleServicePartsKitDesc,[B58CFF]Vehicle service supplies.[-]\n[D6C978]No vehicle currently uses this kit for repair or maintenance.[-]
rebirthRenderedTallowDesc,[B58CFF]Tallow rendered at a campfire.[-]\n[D6C978]No recipe currently uses this ingredient.[-]
rebirthRivetFastenerSetDesc,[B58CFF]Fasteners made at a forge.[-]\n[D6C978]No recipe currently uses these fasteners.[-]
rebirthSheetMetalBracketsDesc,[B58CFF]Brackets made at a forge.[-]\n[D6C978]No recipe currently uses these brackets.[-]
rebirthStructuralBracketSetDesc,[B58CFF]Brackets made at a workbench.[-]\n[D6C978]No recipe currently uses these brackets.[-]
xuiRebirthAudiobookUnavailable,Listening is unavailable right now. Audiobooks require an active REBIRTH character.
xuiRebirthAudiobookNeedWalkman,Equip a Walkman and Headphones in Character > Walkman to listen.
xuiRebirthAudiobookNeedHeadphones,Keep Headphones in your backpack or toolbelt to play this audiobook.
xuiRebirthAudiobookFinishCreation,Finish Survivor creation before listening to an audiobook.
xuiRebirthAudiobookCassetteMissing,The audiobook cassette is no longer in your inventory.
xuiRebirthAudiobookUnknownCassette,This cassette is not available as a REBIRTH audiobook.
xuiRebirthAudiobookMaterialMissing,The study material for this audiobook is unavailable.
xuiRebirthAudiobookCharacterMissing,Your Survivor character is not available yet.
xuiRebirthAudiobookStopped,Audiobook stopped.
xuiRebirthAudiobookCharacterStopped,Audiobook stopped because your Survivor character is unavailable.
xuiRebirthAudiobookCassetteStopped,Audiobook paused: cassette missing.
xuiRebirthAudiobookWalkmanStopped,Audiobook paused: your Walkman and Headphones are no longer equipped.
xuiRebirthAudiobookHeadphonesStopped,Audiobook paused: Headphones missing.
xuiRebirthAudiobookPaused,Audiobook paused.
xuiRebirthAudiobookStarted,Audiobook started at {0}%. About {1} remaining. You can move and work while listening.
xuiRebirthAudiobookResumed,Audiobook resumed at {0}%. About {1} remaining. You can move and work while listening.
xuiRebirthAudiobookSeconds,{0}s
xuiRebirthAudiobookMinutesSeconds,{0}m {1}s
xuiRebirthReadingClimbing,Reading paused: you started climbing.
xuiRebirthReadingInjury,Reading interrupted by injury.
xuiRebirthReadingJumping,Reading paused: repeated jumping.
xuiRebirthReadingNotHeld,Reading paused: hold the book or notes to continue.
xuiRebirthReadingWeapon,Reading paused: you switched to a weapon or tool.
xuiRebirthReadingSwitched,Reading paused: you switched away from the book or notes.
xuiRebirthReadingPaused,Reading paused.
xuiRebirthReadingUnavailable,Reading requires an active REBIRTH character.
xuiRebirthReadingFinishCreation,Finish Survivor creation before reading.
xuiRebirthReadingItemMissing,The book or notes are no longer in your inventory.
xuiRebirthReadingHoldItem,Hold the book or notes you want to read before starting.
xuiRebirthReadingCannotClimb,You cannot start reading while climbing.
xuiRebirthReadingUnknownItem,This item is not available as REBIRTH reading material.
xuiRebirthReadingCharacterMissing,Your Survivor character is not available yet.
xuiRebirthReadingStopped,Reading stopped.
xuiRebirthReadingCharacterStopped,Reading stopped because your Survivor character is unavailable.
xuiRebirthReadingItemStopped,Reading paused: the book or notes are missing.
xuiRebirthReadingStarted,"Started reading {0} at {1}%. About {2} at full speed. Running, jumping or managing other things slows reading by 50%."
xuiRebirthReadingResumed,"Resumed reading {0} at {1}%. About {2} at full speed. Running, jumping or managing other things slows reading by 50%."
xuiRebirthReadingSeconds,{0}s
xuiRebirthReadingMinutesSeconds,{0}m {1}s
rebirthGearWalkmanHeadphones,Walkman and Headphones
rebirthGearWalkmanHeadphonesDesc,[B58CFF]Personal cassette player. No attribute requirements.[-]\nCombine a Walkman and Headphones and equip it in Character > Walkman.
xuiRebirthGearSlotWalkman,Walkman
inpActRebirthMusicPlayPauseName,Walkman: Play / Pause
inpActRebirthMusicPlayPauseDesc,Pause or resume the current music cassette.
inpActRebirthMusicStopName,Walkman: Stop
inpActRebirthMusicStopDesc,Stop the current music cassette.
xuiRebirthMusicUnavailable,Equip your Walkman and Headphones to manage music.
xuiRebirthMusicRefresh,Your inventory changed. Refresh the music library and try again.
xuiRebirthMusicFull,The music library is full.
xuiRebirthMusicOnly,Only music cassettes can go here. Audiobooks stay in your inventory.
xuiRebirthMusicRestoreFailed,This cassette could not be restored. It has been kept in the library.
xuiRebirthMusicBagFull,Make room in your backpack before removing a cassette.
xuiRebirthMusicLibrary,Walkman Music Library
xuiRebirthMusicHelp,Click to inspect. Drag between sides or Shift-click to transfer. Drag stored cassettes onto each other to reorder.
xuiRebirthMusicEmptySlot,Empty music slot
xuiRebirthMusicSelect,Select a stored cassette.
xuiRebirthMusicTransferPending,Transfer pending. Keep space in your backpack for returned tapes.
xuiRebirthMusicShuffle,Shuffle
xuiRebirthMusicOrdered,Play in order
xuiRebirthMusicPlay,Play
xuiRebirthMusicNext,Next
xuiRebirthMusicRemove,Remove
xuiRebirthMusicToggle,Shuffle / Order
xuiRebirthMusicPlaying,Playing
xuiRebirthMusicPaused,Paused
inpActRebirthMusicNextName,Walkman: Next Song
inpActRebirthMusicNextDesc,Play the next music cassette using the current playback order.
xuiRebirthCompanionRequestBusy,Companion details are still loading. Please try again shortly.
xuiRebirthCompanionRequestUnavailable,Companion details are unavailable while connecting. Please try again shortly.
xuiRebirthCompanionRequestTimeout,The server did not return companion details in time. Please try again.

xuiRebirthCookingConnectionUnavailable,Ingredient transfer is unavailable while connecting. Please try again shortly.

xuiRebirthInventoryTransferUnavailable,Inventory transfer is unavailable while connecting. Please try again shortly.

xuiRebirthContainerRenameUnavailable,Container rename is unavailable while connecting. Your name is still here; please try again shortly.

xuiRebirthWorkstationConnectionUnavailable,Workstation connection unavailable. Please reconnect and try again.

xuiRebirthWorkstationProtocolDisabled,Workstation versions do not match. Update the server and all clients to enable requests.
xuiRebirthWorkstationRequestAccepted,Workstation request accepted.
xuiRebirthWorkstationStateChanged,Workstation settings changed. Reopen the keypad and try again.
xuiRebirthWorkstationRequestLimited,Request repeated or sent too quickly. Wait briefly and try again.
xuiRebirthWorkstationPasswordResetRequired,The owner must reset this older workstation password.
xuiRebirthWorkstationProtocolMismatch,Workstation versions do not match. Update the server and all clients.
xuiRebirthWorkstationRequestDenied,The server denied this workstation request.
xuiRebirthWorkstationReplyMissing,No server reply received. Check the refreshed workstation settings before trying again.
xuiRebirthWorkstationProtocolDenied,Workstation versions do not match.
xuiRebirthWorkstationStateUnavailable,Workstation settings are unavailable or incompatible. No request was sent.
xuiRebirthWorkstationHostDenied,Workstation request denied. Try again or ask the owner to reset an older password.
xuiRebirthWorkstationRequestPending,Waiting for the server to confirm this workstation request.
xuiRebirthStudyUnavailable,Reading is unavailable while the game connection is not ready. Try again after reconnecting.
xuiRebirthRageCapsuleUnavailable,Capsule use is unavailable while the game connection is not ready. Try again after reconnecting.
xuiRebirthSupportUnavailable,This action is unavailable while the game connection is not ready. Try again after reconnecting.
xuiRebirthProgressionExplorerPracticalShort,Skill

xuiRebirthMusicPlayPause,Play / Pause

xuiRebirthVehicleConnectionUnavailable,Vehicle action unavailable. Wait for the server connection and try again.

xuiRebirthEstimatedStackSale,[B58CFF]Estimated stack sale:[-] [D6C978]{0:N0} Dukes[-] (trader rates may vary)

xuiRebirthEstimatedStackSaleShort,Est. sale / stack
xuiRebirthVehicleTransferPending,A vehicle inventory transfer is awaiting recovery. Try again after it finishes.
xuiRebirthVehicleOwnerUnavailable,Your persistent vehicle ownership record is unavailable. Reconnect before hotwiring.
xuiRebirthRecipeReadingRequired,Find and read the required recipe before crafting this item.
xuiRebirthRecipeUnlocked,Recipe unlocked: {0}
xuiRebirthStationProcess,PROCESS
xuiRebirthStationProcessStatus,PROCESS STATUS
xuiRebirthStationReadyToProcess,Ready to process
xuiRebirthMillingGuideTitle,MILLING
xuiRebirthMillingGuideBody,Place the required ingredients in the grid and process them. No fuel is needed. Take the finished batch to learn an unfamiliar recipe.
xuiRebirthMillingNoRecipe,These ingredients do not match a milling recipe.
xuiRebirthMillingNoFuel,Milling requires no fuel.
xuiRebirthMillingIngredientGuide,Combine the correct ingredients to discover a milling recipe.
xuiRebirthStationUnfamiliarRecipe,Unfamiliar recipe
xuiRebirthStationNoRecipe,No recipe selected
xuiRebirthStationProcessingArea,PROCESSING AREA
xuiRebirthStationProcessing,PROCESSING
xuiRebirthRecipeDiscoveryEligible,Recipe may be learned by successful crafting
xuiRebirthRecipeReadSaveFailed,Reading could not be saved. Read the recipe again to retry.
xuiRebirthStationOutputSpaceRequired,Make room in the station output before crafting.
rebirthLessonFindTheory,Find a Theory book
rebirthLessonFindTheoryDesc,"Obtain Cooking Principles through loot, a trader or the practical lesson reward. This lesson checks possession only. Finish studying the book to gain Cooking Theory; holding it does not improve practical Cooking. Principles books and field notes teach understanding. Cookbooks and cooking magazines instead support preparation at the cooking station. Claim wood to support your next cooking session."
rebirthLessonFindRecipe,Find a recipe card
rebirthLessonFindRecipeDesc,"Obtain the First Aid Kit recipe through loot, a trader or the Theory lesson reward. This lesson checks possession only. Finish its learning action to acquire that specific recipe knowledge. This does not grant practical Medicine or remove the recipe's material and other requirements. The reusable recipe can be shared after learning."
rebirthLessonFindManual,Find a repair manual
rebirthLessonFindManualDesc,"Find or buy Manual: Repair Kit. This lesson checks possession only. Finish studying it to learn the specific Repair Kit recipe or procedure; a manual is not automatically a Theory book. Read the item's stated effect instead of relying on its cover name. It is reusable. The reward, Maintenance Principles, teaches Theory for the same field rather than another recipe."
rebirthLessonStudyTheory,Study Cooking Principles
rebirthLessonStudyTheoryDesc,"Finish studying Cooking Principles or its equivalent audiobook. The server must record this title as studied; merely owning it or gaining Theory from another source does not count. Principles teach understanding, not practical Cooking. Inspect Cooking under Character > Progression and compare Theory with Skill. A saved earlier completion also counts; it does not award the book's Theory twice."
rebirthLessonReadRecipe,Learn the First Aid Kit recipe
rebirthLessonReadRecipeDesc,Finish the learning action on Recipe: First Aid Kit. The saved reading receipt completes this lesson; finding the card or discovering a recipe by crafting does not. Check the learned recipe's materials and other requirements before crafting. Learning a recipe and training practical Medicine are separate. An earlier saved reading completion also counts.
rebirthLessonStudyManual,Study the Repair Kit manual
rebirthLessonStudyManualDesc,"Finish studying Manual: Repair Kit. The saved reading receipt completes this lesson. This manual teaches the Repair Kit recipe or procedure, while Maintenance Principles teaches Theory. Read each item's stated benefit: a book or manual's name alone does not tell you whether it grants understanding or a specific unlock. The reward is one Repair Kit for maintaining damaged equipment. A saved earlier completion also counts."
rebirthLearnFood,"01 - Food, water and digestion"
rebirthLearnCarry,02 - Backpacks and toolbelts
rebirthLearnLearn,"03 - Practice, books and recipes"
rebirthLearnSurvive,"04 - Moving, protection and treatment"
rebirthLearnMelee,05 - Melee combat
rebirthLearnGather,06 - Gathering and hunting
rebirthLearnFarm,07 - Growing and preparing food
rebirthLearnBuild,"08 - Repairs, clothing and building"
rebirthLearnTrade,09 - Trade and teamwork
rebirthLearnRanged,10 - Ranged weapons
rebirthLearnWorkshop,11 - Workshop and technical skills
rebirthLearnDevices,"12 - Explosives, turrets and drones"
rebirthLearnSpecial,13 - Optional special disciplines
rebirthLearningLegacy,Earlier learning records
rebirthLessonStoragePackDesc,"Open Crafting and search for Daypack. Craft one using 10 Cloth Fragments and 20 Plant Fibers. Crafting it completes this lesson. To use it, open Character and place it in the Backpack equipment slot. It adds one row of 11 slots; the number of encumbered slots stays the same."
rebirthLessonStorageBeltDesc,"Open Crafting and search for Utility Toolbelt. Craft one using 6 Cloth Fragments and 2 Scrap Iron. Crafting it completes this lesson. To use it, open Character and place it in the Belt equipment slot. It adds two toolbelt slots."
rebirthWaterEquipHeld,EQUIP HELD
xuiRebirthMetabolismAutoSipOn,AUTO SIP: ON
xuiRebirthMetabolismAutoSipOff,AUTO SIP: OFF
xuiRebirthMetabolismSlotEmpty,No water container equipped
rebirthLessonAbsorbWaterDesc,Drink clean water. Open Character > Metabolism to see it pass through your stomach and intestine. Wait until your body absorbs some water. Drinking does not refill Hydration immediately; absorption completes this lesson.
rebirthLessonDigestMealDesc,Eat a meal. Open Character > Metabolism and allow the food to digest. This completes when your body absorbs nutrition. You do not need to eat again while the first meal is still being processed.
rebirthLessonCookDesc,Open Crafting and choose a food recipe that shows a Cooking skill gain. Gather its ingredients and use the station listed in the recipe. Finish crafting the food to earn Cooking practice and complete this lesson.
rebirthLessonDrinkDesc,Open Crafting and choose a drink recipe that shows a Drink Preparation skill gain. Use the ingredients and station listed in the recipe. Finish crafting it to earn practice and complete this lesson.
rebirthLessonMedicineDesc,Open Character > Condition to check an injury or illness. Use a medical item that treats that problem. This completes when the treatment earns Medicine practice. Using medicine while healthy does not count.
rebirthLessonPracticeDesc,"Open Character > Progression and select a skill. Perform one of its listed training activities until you gain practical skill progress. Skill represents what you can do and improves through use; there are no skill points to spend. Claim Cooking Principles as your reward, then study it to compare practical Skill with Theory."
rebirthLessonTheoryDesc,"Find a subject principles book or field notes, or study the Cooking Principles reward from the practice lesson. Finish its study action to gain Theory. Theory represents understanding and helps reveal useful information; it does not directly raise practical Skill or automatically unlock recipes. Cookbooks and cooking magazines are preparation references, not Theory books. Your reward is a First Aid Kit recipe to introduce separate recipe knowledge."
rebirthLessonKnowledgeDesc,"Find an unfamiliar recipe card, schematic, pattern, guide or procedure manual, or use the First Aid Kit recipe rewarded by the Theory lesson. Finish its learning action. These sources teach specific knowledge rather than practical Skill. Tools, materials, stations and other requirements can still apply. This existing objective also accepts recipe knowledge learned through successful experimentation; possessing an unread item alone does not teach it."
rebirthLessonAudioDesc,Find or buy a Walkman. Collecting the player completes this introductory lesson. Equip it and use a compatible learning cassette to study its subject; owning the player alone does not grant Theory or recipe knowledge. Equivalent book and cassette editions share their one-time learning benefit. Claim the Medicine Principles book as a study reference.
rebirthLessonSeedsDesc,Find or buy Basil Seeds and put them in your inventory. Collecting the seeds completes this lesson. Growing and harvesting them is covered later.
rebirthLessonRepairDesc,Select damaged equipment in your inventory and check its repair material. Repair it to earn Maintenance practice. You can also complete a recipe that shows Maintenance skill gain. This completes on a real skill gain.
rebirthLessonRouteDigestionStagesDesc,"Eat food or drink water, then open Character > Metabolism. This completes when some food or liquid moves from the stomach to the intestine. Your body absorbs it after this transfer."
rebirthLessonRouteEnergyRecoveryDesc,"After using some Energy, rest in a safe place. Make sure your body has nutrition and hydration available. This completes when Energy actually rises. Energy and Stamina are different reserves; watch Energy in Character > Metabolism."
rebirthLessonRouteFieldMealDesc,"Finish a food recipe that earns Cooking practice, and eat food that your body can digest. This completes after you have earned Cooking practice and absorbed nutrition. The two steps can happen in either order."
rebirthLessonRouteWaterRoutineDesc,Finish a recipe that earns Drink Preparation practice. Also place a filled water jar in Character > Overview > Support beneath the Toolbelt, then turn Auto Sip ON in Metabolism. Complete both listed objectives; either order counts.
rebirthLessonRouteStudyThenPracticeDesc,"Gain Theory by studying a book or field notes, and earn practical skill progress through a training activity. Both are needed for this challenge. They may be completed in either order and do not have to be for the same skill."
rebirthLessonRouteKnowledgeThenWorkDesc,"Study a recipe or manual you have not learned, and earn practical skill progress through a training activity. Complete both objectives in either order. Learning knowledge and improving practical skill are separate parts of Rebirth progression."
rebirthLessonRouteRepairLoopDesc,Mine resources to earn Mining practice. Repair damaged equipment or finish a recipe that earns Maintenance practice. Both skill gains complete this lesson; either order counts.
rebirthLessonRouteSalvageCircuitDesc,"Dismantle a salvageable object with a salvage tool to earn Salvage practice. Complete an activity listed under Character > Progression > Electrical to earn Electrical practice. Both gains are required, in either order."
rebirthLessonRouteGardenKitchenDesc,Harvest a mature crop to earn Farming practice. Finish a food recipe to earn Cooking practice. Both gains complete this lesson; the recipe does not have to use that particular harvest.
rebirthLessonRouteHuntKitchenDesc,Harvest an animal carcass to earn Animal Processing practice. Finish a food recipe to earn Cooking practice. Both gains are required. Killing an animal and harvesting it train different skills.
rebirthLessonRouteTradeSurplusDesc,Sell useful surplus to a trader to earn Trading practice. Buy a useful item to earn Bartering practice. Both gains are required. Tiny repeated trades may not award practice.
rebirthLessonRouteArmoredTravelDesc,Wear armor and travel on foot. Earn both Armor Proficiency and Athletics practice to complete this lesson. Check each skill under Character > Progression for its training activities.
rebirthLessonSkill_clubsDesc,Fight an enemy with clubs. Deal damage until the skill gains practice. Empty swings and missed shots do not count. Check your progress in Character > Progression. Claim the matching Principles book as your reward. Finish studying it to gain Theory in this subject; collecting the book does not raise Skill or Theory.
rebirthLessonSkill_spearsDesc,Fight an enemy with spears. Deal damage until the skill gains practice. Empty swings and missed shots do not count. Check your progress in Character > Progression. Claim the matching Principles book as your reward. Finish studying it to gain Theory in this subject; collecting the book does not raise Skill or Theory.
rebirthLessonSkill_knivesDesc,Fight an enemy with knives. Deal damage until the skill gains practice. Empty swings and missed shots do not count. Check your progress in Character > Progression. Claim the matching Principles book as your reward. Finish studying it to gain Theory in this subject; collecting the book does not raise Skill or Theory.
rebirthLessonSkill_axesDesc,Fight an enemy with axes. Deal damage until the skill gains practice. Empty swings and missed shots do not count. Check your progress in Character > Progression. Claim the matching Principles book as your reward. Finish studying it to gain Theory in this subject; collecting the book does not raise Skill or Theory.
rebirthLessonSkill_swordsDesc,Fight an enemy with swords. Deal damage until the skill gains practice. Empty swings and missed shots do not count. Check your progress in Character > Progression. Claim the matching Principles book as your reward. Finish studying it to gain Theory in this subject; collecting the book does not raise Skill or Theory.
rebirthLessonSkill_batonsDesc,Fight an enemy with batons. Deal damage until the skill gains practice. Empty swings and missed shots do not count. Check your progress in Character > Progression. Claim the matching Principles book as your reward. Finish studying it to gain Theory in this subject; collecting the book does not raise Skill or Theory.
rebirthLessonSkill_hammersDesc,Fight an enemy with hammers. Deal damage until the skill gains practice. Empty swings and missed shots do not count. Check your progress in Character > Progression. Claim the matching Principles book as your reward. Finish studying it to gain Theory in this subject; collecting the book does not raise Skill or Theory.
rebirthLessonSkill_scythesDesc,Fight an enemy with scythes. Deal damage until the skill gains practice. Empty swings and missed shots do not count. Check your progress in Character > Progression. Claim the matching Principles book as your reward. Finish studying it to gain Theory in this subject; collecting the book does not raise Skill or Theory.
rebirthLessonSkill_knucklesDesc,Fight an enemy with knuckles. Deal damage until the skill gains practice. Empty swings and missed shots do not count. Check your progress in Character > Progression. Claim the matching Principles book as your reward. Finish studying it to gain Theory in this subject; collecting the book does not raise Skill or Theory.
rebirthLessonSkill_unarmedDesc,Fight an enemy with your bare fists. Deal damage until the skill gains practice. Empty swings and missed shots do not count. Check your progress in Character > Progression. Claim the matching Principles book as your reward. Finish studying it to gain Theory in this subject; collecting the book does not raise Skill or Theory.
rebirthLessonSkill_archeryDesc,Fight an enemy with archery. Deal damage until the skill gains practice. Empty swings and missed shots do not count. Check your progress in Character > Progression. Claim the matching Principles book as your reward. Finish studying it to gain Theory in this subject; collecting the book does not raise Skill or Theory.
rebirthLessonSkill_pistolsDesc,Fight an enemy with pistols. Deal damage until the skill gains practice. Empty swings and missed shots do not count. Check your progress in Character > Progression. Claim the matching Principles book as your reward. Finish studying it to gain Theory in this subject; collecting the book does not raise Skill or Theory.
rebirthLessonSkill_revolversDesc,Fight an enemy with revolvers. Deal damage until the skill gains practice. Empty swings and missed shots do not count. Check your progress in Character > Progression. Claim the matching Principles book as your reward. Finish studying it to gain Theory in this subject; collecting the book does not raise Skill or Theory.
rebirthLessonSkill_heavy_handgunsDesc,Fight an enemy with heavy handguns. Deal damage until the skill gains practice. Empty swings and missed shots do not count. Check your progress in Character > Progression. Claim the matching Principles book as your reward. Finish studying it to gain Theory in this subject; collecting the book does not raise Skill or Theory.
rebirthLessonSkill_shotgunsDesc,Fight an enemy with shotguns. Deal damage until the skill gains practice. Empty swings and missed shots do not count. Check your progress in Character > Progression. Claim the matching Principles book as your reward. Finish studying it to gain Theory in this subject; collecting the book does not raise Skill or Theory.
rebirthLessonSkill_assault_riflesDesc,Fight an enemy with assault rifles. Deal damage until the skill gains practice. Empty swings and missed shots do not count. Check your progress in Character > Progression. Claim the matching Principles book as your reward. Finish studying it to gain Theory in this subject; collecting the book does not raise Skill or Theory.
rebirthLessonSkill_tactical_riflesDesc,Fight an enemy with tactical rifles. Deal damage until the skill gains practice. Empty swings and missed shots do not count. Check your progress in Character > Progression. Claim the matching Principles book as your reward. Finish studying it to gain Theory in this subject; collecting the book does not raise Skill or Theory.
rebirthLessonSkill_long_range_riflesDesc,Fight an enemy with long range rifles. Deal damage until the skill gains practice. Empty swings and missed shots do not count. Check your progress in Character > Progression. Claim the matching Principles book as your reward. Finish studying it to gain Theory in this subject; collecting the book does not raise Skill or Theory.
rebirthLessonSkill_miningDesc,Mine a resource deposit with a mining tool. This completes when the skill gains practice. See Character > Progression for its training activities. Claim the matching Principles book as your reward. Finish studying it to gain Theory in this subject; collecting the book does not raise Skill or Theory.
rebirthLessonSkill_loggingDesc,Harvest a tree with an axe or other logging tool. This completes when the skill gains practice. See Character > Progression for its training activities. Claim the matching Principles book as your reward. Finish studying it to gain Theory in this subject; collecting the book does not raise Skill or Theory.
rebirthLessonSkill_salvageDesc,Dismantle a salvageable object with a wrench or other salvage tool. This completes when the skill gains practice. See Character > Progression for its training activities. Claim the matching Principles book as your reward. Finish studying it to gain Theory in this subject; collecting the book does not raise Skill or Theory.
rebirthLessonSkill_farmingDesc,Harvest a mature crop. Planting and waiting alone do not count. This completes when the skill gains practice. See Character > Progression for its training activities. Claim the matching Principles book as your reward. Finish studying it to gain Theory in this subject; collecting the book does not raise Skill or Theory.
rebirthLessonSkill_animal_processingDesc,Harvest an animal carcass. The kill and the harvest train different skills. This completes when the skill gains practice. See Character > Progression for its training activities. Claim the matching Principles book as your reward. Finish studying it to gain Theory in this subject; collecting the book does not raise Skill or Theory.
rebirthLessonSkill_trackingDesc,Crouch near animals to search for tracks. Find a new eligible animal track; repeatedly finding the same animal does not count. This completes when the skill gains practice. See Character > Progression for its training activities. Claim the matching Principles book as your reward. Finish studying it to gain Theory in this subject; collecting the book does not raise Skill or Theory.
rebirthLessonSkill_animal_handlingDesc,Move with your owned dog following you. Standing still together does not count. This completes when the skill gains practice. See Character > Progression for its training activities.
rebirthLessonSkill_lockpickingDesc,Successfully pick a locked container. A failed or cancelled attempt does not count. This completes when the skill gains practice. See Character > Progression for its training activities. Claim the matching Principles book as your reward. Finish studying it to gain Theory in this subject; collecting the book does not raise Skill or Theory.
rebirthLessonSkill_stealthDesc,Land a qualifying sneak attack on an enemy. Sneaking without attacking does not count. This completes when the skill gains practice. See Character > Progression for its training activities. Claim the matching Principles book as your reward. Finish studying it to gain Theory in this subject; collecting the book does not raise Skill or Theory.
rebirthLessonSkill_athleticsDesc,Travel on foot and use your stamina. Standing still or repeatedly jumping in place does not count. This completes when the skill gains practice. See Character > Progression for its training activities. Claim the matching Principles book as your reward. Finish studying it to gain Theory in this subject; collecting the book does not raise Skill or Theory.
rebirthLessonSkill_armor_proficiencyDesc,Equip armor and move while wearing it. Your armor must add a real burden. This completes when the skill gains practice. See Character > Progression for its training activities. Claim the matching Principles book as your reward. Finish studying it to gain Theory in this subject; collecting the book does not raise Skill or Theory.
rebirthLessonSkill_barteringDesc,Buy a useful item from a trader. Very small or repeated reversible trades may not award practice. This completes when the skill gains practice. See Character > Progression for its training activities. Claim the matching Principles book as your reward. Finish studying it to gain Theory in this subject; collecting the book does not raise Skill or Theory.
rebirthLessonSkill_tradingDesc,Sell useful surplus to a trader. Very small or repeated reversible trades may not award practice. This completes when the skill gains practice. See Character > Progression for its training activities.
rebirthLessonSkill_teachingDesc,Use the teaching interaction with another player or an owned companion who can learn from you. The student must gain Theory. This completes when the skill gains practice. See Character > Progression for its training activities.
rebirthLessonSkill_rageDesc,Unlock the Berserker discipline. Activate Rage and damage enemies with a melee weapon while it is active. This completes when the skill gains practice. See Character > Progression for its training activities.
rebirthLessonSkill_black_magicDesc,Unlock the required Black Magic discipline. Take control of an eligible undead and use it in combat. This completes when the skill gains practice. See Character > Progression for its training activities.
rebirthLessonSkill_explosivesDesc,Damage an enemy with an explosive you use. A blast that misses does not count. This completes when the skill gains practice. See Character > Progression for its training activities. Claim the matching Principles book as your reward. Finish studying it to gain Theory in this subject; collecting the book does not raise Skill or Theory.
rebirthLessonSkill_deployable_turretsDesc,"Place your own turret, load its ammunition, and let it damage an enemy. This completes when the skill gains practice. See Character > Progression for its training activities. Claim the matching Principles book as your reward. Finish studying it to gain Theory in this subject; collecting the book does not raise Skill or Theory."
rebirthLessonSkill_mechanicsDesc,"Open Character > Progression > Mechanics and choose Craft related recipes. Select an unlocked recipe that shows a skill gain. Gather its materials, use the listed station, and finish crafting it. This completes when you earn Mechanics practice. Claim the matching Principles book as your reward. Finish studying it to gain Theory in this subject; collecting the book does not raise Skill or Theory."
rebirthLessonSkill_constructionDesc,"Open Character > Progression > Construction and choose Craft related recipes. Select an unlocked recipe that shows a skill gain. Gather its materials, use the listed station, and finish crafting it. This completes when you earn Construction practice. Claim the matching Principles book as your reward. Finish studying it to gain Theory in this subject; collecting the book does not raise Skill or Theory."
rebirthLessonSkill_electricalDesc,"Open Character > Progression > Electrical and choose Craft related recipes. Select an unlocked recipe that shows a skill gain. Gather its materials, use the listed station, and finish crafting it. This completes when you earn Electrical practice. Claim the matching Principles book as your reward. Finish studying it to gain Theory in this subject; collecting the book does not raise Skill or Theory."
rebirthLessonSkill_metalworkingDesc,"Open Character > Progression > Metalworking and choose Craft related recipes. Select an unlocked recipe that shows a skill gain. Gather its materials, use the listed station, and finish crafting it. This completes when you earn Metalworking practice. Claim the matching Principles book as your reward. Finish studying it to gain Theory in this subject; collecting the book does not raise Skill or Theory."
rebirthLessonSkill_gunsmithingDesc,"Open Character > Progression > Gunsmithing and choose Craft related recipes. Select an unlocked recipe that shows a skill gain. Gather its materials, use the listed station, and finish crafting it. This completes when you earn Gunsmithing practice. Claim the matching Principles book as your reward. Finish studying it to gain Theory in this subject; collecting the book does not raise Skill or Theory."
rebirthLessonSkill_chemistryDesc,"Open Character > Progression > Chemistry and choose Craft related recipes. Select an unlocked recipe that shows a skill gain. Gather its materials, use the listed station, and finish crafting it. This completes when you earn Chemistry practice. Claim the matching Principles book as your reward. Finish studying it to gain Theory in this subject; collecting the book does not raise Skill or Theory."
rebirthLessonSkill_tailoringDesc,"Open Character > Progression > Tailoring and choose Craft related recipes. Select an unlocked recipe that shows a skill gain. Gather its materials, use the listed station, and finish crafting it. This completes when you earn Tailoring practice. Claim the matching Principles book as your reward. Finish studying it to gain Theory in this subject; collecting the book does not raise Skill or Theory."
rebirthLessonRewardFood,1 Boiled Water
rebirthLessonRewardFoodSection,Chapter reward: Vegetable Stew recipe
rebirthLessonRewardCarry,6 Cloth Fragments
rebirthLessonRewardCarrySection,Chapter reward: Secure Storage manual
rebirthLessonRewardLearn,50 Dukes
rebirthLessonRewardLearnSection,Chapter reward: Repair Kit manual
rebirthLessonRewardSurvive,1 Bandage
rebirthLessonRewardSurviveSection,Chapter reward: First Aid Kit recipe
rebirthLessonRewardMelee,10 Scrap Iron
rebirthLessonRewardMeleeSection,Chapter reward: Repair Kit manual
rebirthLessonRewardGather,1 Duct Tape
rebirthLessonRewardGatherSection,Chapter reward: Heat Treatment & Edge Hardening manual
rebirthLessonRewardFarm,10 Plant Fibers
rebirthLessonRewardFarmSection,Chapter reward: Pickled Vegetables recipe
rebirthLessonRewardBuild,2 Glue
rebirthLessonRewardBuildSection,Chapter reward: Construction Framing manual
rebirthLessonRewardTrade,75 Dukes
rebirthLessonRewardTradeSection,Chapter reward: Bartering Principles book
rebirthLessonRewardRanged,10 Gun Powder
rebirthLessonRewardRangedSection,Chapter reward: Gun Repair Kit manual
rebirthLessonRewardWorkshop,2 Mechanical Parts
rebirthLessonRewardWorkshopSection,Chapter reward: Electrical Service Tools manual
rebirthLessonRewardDevices,2 Electrical Parts
rebirthLessonRewardDevicesSection,Chapter reward: Drone Field Service manual
rebirthLessonRewardSpecial,2 Bandages
rebirthLessonRewardSpecialSection,Chapter reward: 6 Bandages
rebirthLessonRewardStudyTheory,Maintenance Principles book
rebirthLessonRewardReadRecipe,3 Bandages
rebirthLessonRewardStudyManual,1 Repair Kit
rebirthLessonRewardPractice,Cooking Principles book
rebirthLessonRewardTheory,First Aid Kit recipe
rebirthLessonRewardKnowledge,3 bandages
rebirthLessonRewardAudio,Medicine Principles book
rebirthLessonRewardStudyPractice,Maintenance Principles book
rebirthLessonRewardKnowledgeWork,Construction Principles book
rebirthLessonRewardFindTheory,20 Wood
rebirthLessonRewardFindRecipe,1 Bandage
rebirthLessonRewardFindManual,Maintenance Principles book
rebirthLessonRewardSkill_spears,Spears Principles book
rebirthLessonRewardSkill_clubs,Clubs Principles book
rebirthLessonRewardSkill_swords,Swords Principles book
rebirthLessonRewardSkill_axes,Axes Principles book
rebirthLessonRewardSkill_batons,Batons Principles book
rebirthLessonRewardSkill_hammers,Hammers Principles book
rebirthLessonRewardSkill_knives,Knives Principles book
rebirthLessonRewardSkill_scythes,Scythes Principles book
rebirthLessonRewardSkill_knuckles,Knuckles Principles book
rebirthLessonRewardSkill_unarmed,Unarmed Principles book
rebirthLessonRewardSkill_archery,Archery Principles book
rebirthLessonRewardSkill_pistols,Pistols Principles book
rebirthLessonRewardSkill_revolvers,Revolvers Principles book
rebirthLessonRewardSkill_heavy_handguns,Heavy Handguns Principles book
rebirthLessonRewardSkill_shotguns,Shotguns Principles book
rebirthLessonRewardSkill_assault_rifles,Assault Rifles Principles book
rebirthLessonRewardSkill_tactical_rifles,Tactical Rifles Principles book
rebirthLessonRewardSkill_long_range_rifles,Long Range Rifles Principles book
rebirthLessonRewardSkill_explosives,Explosives Principles book
rebirthLessonRewardSkill_deployable_turrets,Deployable Turrets Principles book
rebirthLessonRewardSkill_drone_operations,Drone Operations Principles book
rebirthLessonRewardSkill_mining,Mining Principles book
rebirthLessonRewardSkill_logging,Logging Principles book
rebirthLessonRewardSkill_salvage,Salvage Principles book
rebirthLessonRewardSkill_farming,Farming Principles book
rebirthLessonRewardSkill_animal_processing,Animal Processing Principles book
rebirthLessonRewardSkill_tracking,Tracking Principles book
rebirthLessonRewardSkill_mechanics,Mechanics Principles book
rebirthLessonRewardSkill_electrical,Electrical Principles book
rebirthLessonRewardSkill_metalworking,Metalworking Principles book
rebirthLessonRewardSkill_gunsmithing,Gunsmithing Principles book
rebirthLessonRewardSkill_chemistry,Chemistry Principles book
rebirthLessonRewardSkill_lockpicking,Lockpicking Principles book
rebirthLessonRewardSkill_stealth,Stealth Principles book
rebirthLessonRewardSkill_athletics,Athletics Principles book
rebirthLessonRewardSkill_armor_proficiency,Armor Proficiency Principles book
rebirthLessonRewardSkill_bartering,Bartering Principles book
rebirthLessonRewardSkill_tailoring,Tailoring Principles book
rebirthLessonRewardSkill_construction,Construction Principles book
rebirthLessonRewardLegacy,Covered by the introductory lesson
rebirthLessonSkill_drone_operationsDesc,"Travel with your owned drone following within 30 metres. Cover 200 metres with at least 60 seconds of movement and finish at least 100 metres from your starting point. This trains Drone Operations without a module, at most once per five minutes. Eligible recovery, service and module combat offer additional practice; idle ownership does not. Open Character > Progression and select this skill to see its training activities and progress. Theory study is a separate lesson. Claim the matching Principles book as your reward. Finish studying it to gain Theory in this subject; collecting the book does not raise Skill or Theory."
rebirthWaterSupplyTitle,CARRIED WATER

xuiRebirthSupportSlotOccupied,Support slot is occupied. Unequip its current item first.
rebirthLessonWaterSlotDesc,Open Character > Overview. Move a filled water jar from your backpack into the Support slot beneath the toolbelt. Open Metabolism and turn Auto Sip ON. This completes when that supply contains liquid and Auto Sip is on. An empty jar does not count. Use the Support slot removal button to return the container to your backpack.
rebirthWaterSupplyHint,Equip water in Overview > Support.

xuiRebirthSupportDropHere,Place a water container or compatible Support gear here.
xuiRebirthWaterSupportMoveHint,Shift-click or drag to return the water container to your backpack.

xuiRebirthWaterSupportOccupied,Support already contains a water container.
xuiRebirthWaterSupportEquipped,Water container equipped in Support.
xuiRebirthWaterSupportEmpty,No water container is equipped in Support.
xuiRebirthWaterSupportReturned,Water container returned to your backpack.
xuiRebirthWaterSupportNoSpace,Make room in your backpack before removing the water container.

xuiRebirthStationExactMaterialsRequired,Use the exact recipe materials and quantities. Remove extra helpers.
xuiRebirthLibraryTransferPending,A learning-material transfer is awaiting recovery. Try again after it finishes.

xuiRebirthDysenteryDescription,"Dysentery causes repeated diarrhea and occasional vomiting. Diarrhea expels part of your intestinal contents, losing unabsorbed nutrition and water. Vomiting expels part of your stomach contents. Both also reduce hydration. Goldenrod tea may help you recover."
xuiRebirthDysenteryDiarrhea,Diarrhea: you lost intestinal contents and water.
xuiRebirthDysenteryVomit,Vomiting: you lost stomach contents and water.

xuiRebirthRequireTimedReading,Timed reading
xuiRebirthRequireTimedReadingDesc,"Enabled by default: hold reading material and spend time studying it. Disable for quick Use from your inventory. Quick reading removes audiobooks from newly generated loot. Shared game setting; existing items remain. Loot changes take effect when the game reloads its configuration."
xuiRebirthQuickReading,No - quick Use
xuiRebirthTimedReading,Yes - hold and study
xuiRebirthTheoryLibrary,THEORY LIBRARY
xuiRebirthTheoryWaiting,Waiting for backpack storage
xuiRebirthTheoryPending,A storage transfer is waiting to finish.
xuiRebirthTheoryStorageHelp,"Extra space for books, manuals, magazines, field notes and audiobooks. Select to inspect; Shift-click to store or take. Bigger backpacks provide more space."
xuiRebirthTheoryEmpty,Empty theory slot
xuiRebirthTheoryClose,Close
xuiRebirthTheoryStore,Select backpack material to store
xuiRebirthTheoryPrev,Previous
xuiRebirthTheoryNext,Next
xuiRebirthTheoryWithdraw,Take selected material
xuiRebirthTheoryFinish,Retry storage transfer
xuiRebirthTheoryChanged,Storage changed or is busy. Refresh and try again.
xuiRebirthTheoryFull,The theory library is full.
xuiRebirthTheoryBagFull,Make an empty backpack slot before taking this material.
xuiRebirthTheoryRequested,Moving material.
xuiRebirthTheoryFinishing,Waiting for storage confirmation.
xuiRebirthTheoryComplete,Storage updated.
xuiRebirthTheoryRetry,No transfer is pending. Refresh the selection and try again.
xuiRebirthTheoryDelayed,Storage confirmation is delayed. Use Retry storage transfer to continue.
xuiRebirthTheoryNoBackpack,Equip a backpack to use theory storage.
xuiRebirthTheorySelect,Select a stored material before taking it.
xuiRebirthTheoryPurposeSelect,Select a stored material to see what it teaches.
xuiRebirthTheoryPurposeTheory,Study builds Theory. Practice builds Skill. The material remains reusable.
xuiRebirthTheoryPurposeRecipe,Reading teaches a recipe or procedure. Other crafting requirements still apply. The material remains reusable.
xuiRebirthTheoryPurposeReference,This material is a learning reference. Check its description for how to use it.
xuiRebirthTheoryPurposeAudio,Audio version of the source material.

xuiRebirthHudTrackingDragCard,Drag onto another tracked card to swap their HUD positions.

inpActRebirthMusicVolumeDownName,Music Volume Down
inpActRebirthMusicVolumeDownDesc,Lower personal Walkman music volume.
inpActRebirthMusicVolumeUpName,Music Volume Up
inpActRebirthMusicVolumeUpDesc,Raise personal Walkman music volume.
xuiRebirthMusicVolumeSaveFailed,Could not save the music volume setting.

xuiRebirthMusicVolume,Music Volume
xuiRebirthMusicVolumeHelp,Drag or click to set personal music volume. Saved when released.
xuiRebirthMusicUnbound,Unbound
xuiRebirthMusicBindingHints,Play/Pause [{0}]   Next [{1}]   Volume Down [{2}]   Volume Up [{3}] — Rebind in Controls > REBIRTH.

xuiRebirthMusicInspectAvailable,Select a carried cassette to inspect it. Shift-click to store.
xuiRebirthMusicNoStored,No cassettes stored. Shift-click a carried cassette to add it.
xuiRebirthMusicNoAvailable,No music cassettes in your backpack or toolbelt.

xuiRebirthMusicStoredHeading,STORED CASSETTE
xuiRebirthMusicCarriedHeading,CARRIED CASSETTE

xuiRebirthTheoryStudy,Read selected
xuiRebirthTheoryStudyBeltFull,Leave an empty toolbelt slot for the book.
xuiRebirthTheoryStudyUnavailable,Select a readable book and finish any pending transfer first.
xuiRebirthTheoryStudyPreparing,Moving one book to your toolbelt before reading...

xuiRebirthVehicleDeliveryUnknown,Vehicle update delivery is uncertain. Your pending request and reserved item are retained until the outcome is confirmed.
xuiRebirthTeachingCharacterChanged,"A participant's Survivor character changed or is unavailable."
xuiRebirthMusicPlaybackUnavailable,"Music cassette playback is unavailable."
xuiRebirthMusicInvalidCassette,"This item is not a REBIRTH music cassette."
xuiRebirthMusicBundleMissing,"The original REBIRTH music asset bundle is not installed. Expected {0}."
xuiRebirthMusicPlayerUnavailable,"Could not initialize the music cassette audio player."
xuiRebirthMusicPlayingSong,"Playing {0}."
xuiRebirthMusicStopped,"Music cassette stopped."
xuiRebirthMusicVolumeChanged,"Music cassette volume {0}%."
xuiRebirthVehicleInventoryUnavailable,"Vehicle item delivery is waiting for your inventory to become available."
xuiRebirthVehicleCharacterUnavailable,"Vehicle actions are waiting for your Survivor character to become available."

xuiRebirthNativeBackpackMagazineUnavailable,"REBIRTH uses its own backpack progression. This vanilla magazine cannot be read in this mode; your copy is kept."

FuriousRamsayBikeRepairKit,Bicycle Repair Kit
FuriousRamsayBikeRepairKitDesc,"Specialist parts for repairing REBIRTH bicycle wheels. Select Repair on the wheel item. Craft at a workbench; REBIRTH progression requires the Bicycle Repair Kit recipe knowledge plus Mechanics and Maintenance skill."

xuiRebirthBeastmasterCareBondFull,Bond is already full. No Raw Meat was used.
xuiRebirthNativeBackpackDescription,"[B58CFF]Vanilla backpack.[-]\n[D6C978]Cannot be equipped or add storage in REBIRTH progression.[-]\nUse REBIRTH backpack gear for storage. An already equipped vanilla backpack can still be removed."

FuriousRamsayGunRepairKit,Gun Repair Kit
FuriousRamsayGunRepairKitDesc,Repairs manufactured pistols and ballistic long guns. Pipe firearms use pipes; bows and other equipment keep their usual repair materials. Craft at a workbench after learning the Gun Repair Kit recipe and meeting its skill requirements.

FuriousRamsayGeneratorBank,Industrial Generator Bank
FuriousRamsayGeneratorBankDesc,An upgraded engine bank with 50% more output per engine and twice the fuel tank capacity. Fuel efficiency is unchanged. Requires engines and gasoline. Uses normal generator controls and electrical servicing.
FuriousRamsayBatteryBank,Industrial Battery Bank
FuriousRamsayBatteryBankDesc,An upgraded battery bank with 50% more output per battery and twice the charging input rate. Requires batteries and a powered charging supply. Uses normal battery controls and electrical servicing.

FuriousRamsayElectricalRepairKit,Electrical Repair Kit
FuriousRamsayElectricalRepairKitDesc,Repairs damaged electrical assemblies in generator banks and battery banks and solar banks with a repair tool. Structural repair materials are also required. Does not replace fuses or wiring harnesses or terminal blocks used for electrical servicing.
xuiRebirthNpcLessonPreview,Lesson preview
xuiRebirthAudiobooks,Audiobooks
xuiRebirthAudioCompleted,Completed
xuiRebirthAudioUnprocessed,Not yet completed
xuiRebirthAudioNotListening,No audiobook is currently playing.
xuiRebirthAudioEmpty,Carry an audiobook cassette in your backpack or toolbelt to listen.
xuiRebirthAudioListen,Listen
xuiRebirthAudioStored,In Walkman
xuiRebirthAudioCarried,Carried
xuiRebirthAudioInsert,Insert
xuiRebirthAudioReturn,Return
xuiRebirthAudioPause,Pause
xuiRebirthAudioResume,Resume
xuiRebirthSourceStockTotals,Total source stock
xuiRebirthSourceUsableCount,Usable for this recipe: {0}
xuiRebirthSourceVariantNote,Stock totals may include items that do not match the required variant.
xuiRebirthSourceInstalledModsNote,Remove installed mods from equipment before using it as a crafting ingredient.
partMotorcycleEngine_FR,Motorcycle Engine
partV6Engine_FR,V6 Engine
partV8Engine_FR,V8 Engine
partSparkPlugs_FR,Spark Plugs
partCarStarter_FR,Starter Motor
partFuelPump_FR,Fuel Pump
partAlternator_FR,Alternator
partCarburetor_FR,Carburetor
partCarTransmission_FR,Car Transmission
partCarRadiator_FR,Car Radiator
partTruckRadiator_FR,Truck Radiator
partBicycleWheel_FR,Bicycle Wheel
partMinibikeWheel_FR,Minibike Wheel
partMotorcycleWheel_FR,Motorcycle Wheel
partMotorcycleWheel2_FR,Motorcycle Wheel
partCarWheel_FR,Car Wheel
partCarWheel2_FR,Car Wheel
partTruckWheel_FR,Truck Wheel
partTruckWheel2_FR,Truck Wheel
partMilitaryTruckWheel_FR,Military Truck Wheel
partHeavyWheel_FR,Heavy Vehicle Wheel
partGyroWheel_FR,Gyrocopter Wheel
xuiRebirthNpcInventoryReady,NPC inventory ready.
xuiRebirthNpcEquipmentReady,NPC equipment ready.
xuiRebirthNpcHired,NPC hired.
xuiRebirthNpcDismissed,NPC dismissed.
xuiRebirthNpcOrderAccepted,Order accepted.
xuiRebirthNpcWorkAssigned,Work assigned.
xuiRebirthNpcWorkCancelled,Work cancelled.
xuiRebirthNpcAlreadyHired,NPC is already hired.
xuiRebirthNpcNotHired,NPC is not hired.
xuiRebirthNpcNotYourCompanion,You cannot change this NPC's ownership.
xuiRebirthNpcReopenAction,Reopen the NPC menu and try again.
xuiRebirthNpcActionUnavailable,This action is unavailable.
xuiRebirthTheoryRevealAbout,Understanding:
xuiRebirthTheoryRevealPractice,Practice:
xuiRebirthTheoryRevealStudy,Study:
xuiRebirthTheoryRevealRecipes,Recipes and techniques:
xuiRebirthTheoryRevealComplete,All subject details are visible. Skills and learned recipes still have their own requirements.

xuiRebirthNpcLearn,Learn

xuiRebirthStudyProgress,"Studying {0}: {1}/{2} seconds. Stay nearby."
xuiRebirthStudyWaitingSave,"Lesson complete. Your progress is waiting to be saved."
xuiRebirthStudyCancelled,"Lesson interrupted. No Theory was awarded."
xuiRebirthStudyCompleted,"Lesson complete: your {0} Theory progress is saved."

xuiRebirthStudySubject,this subject
xuiRebirthStudyPreviewReady,"{0}: +{1} Theory. Lesson: {2}s. Cooldown after completion: {3} minutes."
xuiRebirthStudyPreviewCooldown,"{0}: available again in {1} seconds."
xuiRebirthStudyPreviewPage,"Subject {0}/{1}. Use Lesson Preview to choose another subject."

xuiRebirthVehiclePartScoreValue,Part score {0}%
xuiRebirthVehiclePartScoreHint,Higher scores strengthen this part's effects on vehicle performance. See the vehicle stats for the resulting values.

xuiRebirthVehicleStatHintAcceleration,Determines the vehicle's available forward acceleration.
xuiRebirthVehicleStatHintLowTorque,Determines pulling power at low speed.
xuiRebirthVehicleStatHintHighTorque,Determines pulling power at higher speed and under turbo.
xuiRebirthVehicleStatHintFuelEfficiency,Shows normal-driving fuel economy using the game-scaled fuel values.
xuiRebirthVehicleStatHintTurboFuelEfficiency,Shows turbo-driving fuel economy using the game-scaled fuel values.
xuiRebirthVehicleStatHintTopSpeed,Determines maximum forward speed without turbo.
xuiRebirthVehicleStatHintTurboTopSpeed,Determines maximum forward speed while using turbo.
xuiRebirthVehicleStatHintReverseSpeed,Determines maximum reverse speed.
xuiRebirthVehicleStatHintResponse,Determines how quickly throttle input reaches the available acceleration.
xuiRebirthVehicleStatHintHillClimb,Determines uphill drive assistance and climbing capability.
xuiRebirthVehicleStatHintHandling,Determines steering response.
xuiRebirthVehicleStatHintBraking,Determines braking strength.
xuiRebirthVehicleStatContributors,Parts that can improve this stat: {0}
xuiRebirthVehicleStatNoContributors,No upgrade part changes this stat for this vehicle.

xuiRebirthRewardDetails,REWARD DETAILS
xuiRebirthRewardSelectHelp,Select a reward to inspect it. Your backpack stays available below.

xuiRebirthGearTransferPending,Please wait while your equipment transfer is saved.

xuiRebirthTheoryDeposit,Store selected material
xuiRebirthTheoryBackpack,Backpack
xuiRebirthSellStash,Sell Stash

xuiRebirthSellBagFull,Your backpack has no empty slot for this item.
xuiRebirthSellChanged,The selected item or backpack changed. Select it again.
xuiRebirthSellComplete,Transfer completed.
xuiRebirthSellDelayed,Transfer is taking longer than expected. Use Finish transfer to retry.
xuiRebirthSellEmpty,Empty storage slot
xuiRebirthSellFinishing,Checking the pending transfer...
xuiRebirthSellFull,Your Sell Stash has no empty slot.
xuiRebirthSellNoBackpack,Equip a backpack to use your Sell Stash.
xuiRebirthSellPending,A backpack transfer is pending. Finish it before moving more items.
xuiRebirthSellRequested,Transfer requested...
xuiRebirthSellRetry,Select an item to retry the transfer.
xuiRebirthSellSelect,Select a stored item to take it.
xuiRebirthSellStorageHelp,Select to inspect; Shift-click to store or take. You can also use the Store and Take buttons.
xuiRebirthSellStoragePurpose,Keep items here until you choose to sell them at a trader. This storage travels with your backpack.
xuiRebirthSellWaiting,Waiting for your backpack contents...
xuiRebirthSellBackpack,Backpack
xuiRebirthSellWithdraw,Take selected item
xuiRebirthSellDeposit,Store selected item
xuiRebirthSellFinish,Finish transfer
xuiRebirthSellClose,Close
xuiRebirthTheoryNotMaterial,This item cannot be stored in the Theory Library. Use your backpack or Sell Stash for other items.

xuiRebirthLiteratureLearnFailed,You could not learn this recipe or procedure. Try again shortly.
xuiRebirthLiteratureStudyFailed,Your study could not be completed. Try again shortly.
xuiRebirthLiteratureAlreadyStudied,You have already studied this title. You can keep it or share it.
xuiRebirthLiteratureAlreadyKnown,You already know {0}. You can keep this title or share it.
xuiRebirthLiteratureLearned,You learned {0}. You can keep this title or share it.
xuiRebirthLiteratureTheoryGained,{0} Theory increased by {1}. You can keep this title or share it.
xuiRebirthLiteratureNoNewTheory,This title adds nothing to your current understanding of {0}. You can keep it or share it.
xuiRebirthReadingSavePending,Your reading progress has not been saved yet. Try again shortly.
xuiRebirthAudiobookSavePending,Your listening progress has not been saved yet. Try again shortly.

xuiRebirthRecipeCraftingDisabled,Crafting this item is disabled in REBIRTH progression.
xuiRebirthRecipeNoDiscoveryNeeded,You can craft this without learning a recipe first.
xuiRebirthRecipeCheckRequirements,Meet the requirements below to craft this item.
xuiRebirthRecipeLearnRequirements,Learn the recipe and meet the requirements below to craft this item.
xuiRebirthRecipeLearnLabel,Learn:
xuiRebirthRecipeLearnFirstLabel,Learn this first:
xuiRebirthRecipeRequirementsBelow,Requirements are shown below.
xuiRebirthRecipeStationLabel,Craft at:
xuiRebirthRecipeToolLabel,Required tool:
xuiRebirthRecipeSkillLabel,Crafting skill:
xuiRebirthRecipeTrainsSkill,Crafting this item improves {0}.

xuiRebirthCookingMissingToolFormat,MISSING {0}
xuiRebirthCookingReady,READY
xuiRebirthCookingMissingIngredients,MISSING INGREDIENTS

npc_specialist_combat_instructor,Combat Instructor
npc_specialist_firearms_instructor,Firearms Instructor
npc_specialist_wilderness_guide,Wilderness Guide
npc_specialist_farmer,Farmer
npc_specialist_technician,Technician
npc_specialist_medic,Medic
npc_specialist_cook,Cook
npc_specialist_builder,Builder
npc_specialist_chemist,Chemist
npc_specialist_scout,Scout
npc_specialist_quartermaster,Quartermaster
npc_specialist_mystic,Mystic
xuiRebirthGearUnavailable,Gear changes are unavailable right now. Try again when your character is ready.
xuiRebirthGearFinishCreation,Finish creating your Survivor before changing gear.
xuiRebirthGearItemMissing,This gear is no longer in your inventory. Select it again.
xuiRebirthGearItemInvalid,This item could not be read. Select another gear item.
xuiRebirthGearItemUnsupported,This item cannot be equipped in a Survivor gear slot.
xuiRebirthGearCharacterUnavailable,Your Survivor data is unavailable. Try again when it has loaded.
xuiRebirthGearAlreadyEquipped,You already have this gear equipped.
xuiRebirthGearEquipFailed,This gear could not be equipped. It remains in your inventory.
xuiRebirthGearReturnFailed,This gear could not be returned to your inventory. It remains equipped.
xuiRebirthGearInventoryRestored,The gear change failed. Your inventory has been restored.
xuiRebirthGearSlotEmpty,There is no gear equipped in this slot.
xuiRebirthGearItemRetained,The gear change failed. Your gear remains equipped.
xuiRebirthGearRequirements,Requires Strength {0} and Constitution {1}.
xuiRebirthCraftSkillGainTitle,SKILL GAIN
xuiRebirthCraftNoSkill,No associated skill
xuiRebirthCraftPracticeExplanation,Skill gain includes your current learning bonuses.
xuiRebirthCraftQualityExplanation,Quality: {0}
xuiRebirthCraftQualityLearningExplanation,Quality: {0} • Skill gain includes your current learning bonuses.
xuiRebirthCookingBookLabel,Book
xuiRebirthCookingMagazineLabel,Magazine
xuiRebirthCookingNoReference,No reference
xuiRebirthCookingBookPracticeBonus,+20% skill gain
xuiRebirthCookingBookBenefit,Book: +20% skill gain
xuiRebirthCookingMagazineBenefit,Magazine: {0}
xuiRebirthCookingActiveBenefits,Active: {0}
xuiRebirthCookingConfirmingPreparation,Confirming preparation…
xuiRebirthCookingPreparationProgress,Preparing… {0}%
xuiRebirthCookingPreparationActive,Preparation active for {0}; you can refresh it.
xuiRebirthCookingPreparationOptional,Optional: prepare for 10 seconds; benefits last 5 minutes.
xuiRebirthCookingPrepareAgain,PREPARE AGAIN
xuiRebirthCookingPrepare,PREPARE
xuiRebirthCookingFinishPreparation,Finish preparation before cooking.
xuiRebirthCookingTechniqueTime,20% less cooking time
xuiRebirthCookingTechniqueHerb,+1 comfort with a compatible herb
xuiRebirthCookingTechniqueComfort,+1 comfort
xuiRebirthCookingTechniqueNone,No technique bonus
xuiRebirthCookingSubstitutionHelp,Choose a replacement. Pull ingredients after selecting it.
xuiRebirthCookingSubstitutionUsed,{0} — already used
xuiRebirthCookingSubstitutionAvailable,{0} ({1})
xuiRebirthCookingRemoveLoadedIngredient,Remove the loaded ingredient before changing this slot.
xuiRebirthCookingRemoveDifferentIngredient,Remove the different ingredient from the slot first.
xuiRebirthCookingInvalidIngredientQuantity,Ingredient quantity is invalid.
xuiRebirthCookingCollectingIngredients,Collecting ingredients…
xuiRebirthCookingNotEnoughFullIngredients,Not enough usable ingredients. Drink containers must be full.
xuiRebirthCookingNotEnoughAvailableIngredients,Not enough available ingredients.
xuiRebirthCookingImprovisedMainIngredients,An improvised meal needs three different main ingredients.
xuiRebirthCookingAddNourishingIngredients,Add nourishing ingredients to make a meal.
xuiRebirthCookingPullOrAddFirst,Pull or add ingredients first.
xuiRebirthCookingLoadRequestedServings,Load all ingredients for the requested servings.
xuiRebirthCookingFullContainersOnly,Drink ingredients must be in full containers.
xuiRebirthCookingOneSlotPerIngredient,"Use each ingredient type in one slot, with enough for the batch."
xuiRebirthCookingTakeCurrentBatch,Take the current batch before starting another.
xuiRebirthCookingQueueFull,Cooking queue is full.
xuiRebirthCookingAreaTitle,COOKING AREA
xuiRebirthCookingCookButton,COOK
xuiRebirthCookingStatusTitle,COOK STATUS
xuiRebirthCookingDrinksCategory,DRINKS
xuiRebirthCookingCookingCategory,COOKING
xuiRebirthCookingPotMethod,COOKING POT
xuiRebirthCookingSkilletMethod,SKILLET
xuiRebirthCookingIngredientTooltip,{0}\nRequired: {1} | Available: {2}
xuiRebirthCookingSubstitutionsTooltip,\nSubstitutions: {0}\nUse the swap button to choose.
xuiRebirthCookingAddIngredients,Add ingredients
xuiRebirthCookingUnfamiliarDish,Unfamiliar dish
xuiRebirthCookingNoMealSelected,No meal selected
xuiRebirthCookingPreparing,Preparing
xuiRebirthCookingIngredientsNotLoaded,Ingredients not loaded
xuiRebirthCookingReadyToCook,Ready to cook
xuiRebirthCookingChooseRecipeHint,Choose a recipe or assemble ingredients.
xuiRebirthCookingPullOrPlaceHint,Pull ingredients or place them in the grid.
xuiRebirthCookingColdPreparation,Cold preparation — no fuel required.
xuiRebirthCookingDiscoveryGuide,Combine ingredients to discover a dish or make an improvised meal.
xuiRebirthCookingSwapGuide,Select a swap icon to choose an available alternative before pulling ingredients.
xuiRebirthCookingNutritionWaterStats,Nutrition: {0}    Water: {1} mL
xuiRebirthCookingComfortPending,Your comfort: …
xuiRebirthCookingComfortPreview,Your comfort: {0} — {1}
xuiRebirthCookingBaseComfortStats,\nBase comfort: {0}
xuiRebirthCookingOutputTimeStats,\nOutput: {0}    Cook time: {1}

xuiRebirthSoloTheoryFinishCurrent,"Finish your current study session first."
xuiRebirthSoloTheoryReflect,"Reflect on your work"
xuiRebirthSoloTheoryPracticeFirst,"Put what you learned into practice before studying again."
xuiRebirthSoloTheoryWaitingSave,"Study is waiting to be saved."
xuiRebirthSoloTheoryNeedWork,"Complete more relevant work before studying this skill."
xuiRebirthSoloTheoryStarted,"Study started. Stay still and safe while you reflect on your work."

xuiRebirthSoloTheoryPaused,"Study paused. Select Reflect again when you are safe and still."
xuiRebirthSoloTheoryRequirements,"Reflect for {0} seconds after completing {1} relevant tasks. Moving or taking damage pauses study; select Reflect again to resume."
xuiRebirthSoloTheoryStatusCount,"{0}/{1} relevant tasks"
xuiRebirthSoloTheoryStatusReady,"Ready to reflect"
xuiRebirthSoloTheoryStatusActive,"Studying: {0}/{1} seconds"
xuiRebirthSoloTheoryStatusPaused,"Paused: {0}/{1} seconds"
xuiRebirthSoloTheoryStatusCooldown,"Practice first: {0} seconds remaining"
xuiRebirthSoloTheoryStatusUnavailable,"Solo study is not available for this skill yet."
xuiRebirthSoloTheoryStatusMaximum,"Theory is complete."
xuiRebirthSoloTheoryStatusLoading,"Checking study progress…"
xuiRebirthSoloTheoryCancel,"Cancel study"
xuiRebirthSoloTheoryCancelled,"Study cancelled. Your completed work remains available."
xuiRebirthSoloTheoryCancelUnavailable,"This study can no longer be cancelled."
xuiRebirthSoloTheoryCancelWaiting,"Cancellation is waiting to be saved."

xuiRebirthScrollbarMode,Scrollbar movement
xuiRebirthScrollbarModeDesc,Choose Smooth for continuous scrolling or Paged to move scrollbar areas by a viewport page. Scrollbars remain available.
xuiRebirthScrollbarSmooth,Smooth
xuiRebirthScrollbarPaged,Paged

xuiRebirthScrollbarUnavailable,Paging could not activate because its UI adapters did not all install. Scrolling remains Smooth. See the game log for details.
xuiRebirthCookingSubmitting,Waiting for the cooking request…
questMaster,Basic Survival Quest Note
challengeQuestMaster,Challenge Quest Reference
treasureQuestMaster,Treasure Map Reference
adminQuestTicketMaster,Dev: Quest Ticket
questMasterDesc,A paper reference for the Basic Survival quest. It can be kept in backpack Theory storage.
xuiRebirthStudyDurationQuarter,Quarter the time
xuiRebirthStudyDurationHalf,Half the time
xuiRebirthStudyDurationThreeQuarters,75% of normal time
xuiRebirthStudyDurationNormal,Normal time
xuiRebirthStudyDurationOneAndHalf,150% of normal time
xuiRebirthStudyDurationDouble,Twice the time

xuiRebirthRecipeDescriptionFallback,Check the ingredients and crafting requirements below.

xuiRebirthRepairMaterials,Repair materials
xuiRebirthRepairQuantity,Required for full repair
xuiRebirthWalkmanInsertW,Insert     W
xuiRebirthWalkmanSelected,Selected Cassette
xuiRebirthWalkmanNowPlaying,Now Playing
xuiRebirthWalkmanMusic,Music
xuiRebirthWalkmanRemoveW,Remove     W
xuiRebirthWalkmanResume,Resume Audiobook
xuiRebirthWalkmanPrevious,Previous
xuiRebirthWalkmanTitle,Walkman

WorkbenchToolbox001_FR,Toolbox
WorkbenchToolbox001_FRDesc,Build this toolbox by hand. Insert Hammer and Pliers to rebuild salvaged stations. A forge can be rebuilt without a tool.
ModifierStation,Modifier Station
ModifierStationDesc,Working station. World stations can be salvaged with a wrench ratchet or impact driver and rebuilt at a Toolbox.
WorkbenchCircularMachine001_FR,Circular Saw
WorkbenchCircularMachine001_FRDesc,Working station. World stations can be salvaged with a wrench ratchet or impact driver and rebuilt at a Toolbox.
WorkbenchDistiller001_FR,Distiller
WorkbenchDistiller001_FRDesc,Working station. World stations can be salvaged with a wrench ratchet or impact driver and rebuilt at a Toolbox.
WorkbenchShredder001_FR,Shredder
WorkbenchShredder001_FRDesc,Working station. World stations can be salvaged with a wrench ratchet or impact driver and rebuilt at a Toolbox.
WorkbenchResearchTable001_FR,Research Table
WorkbenchResearchTable001_FRDesc,Working station. World stations can be salvaged with a wrench ratchet or impact driver and rebuilt at a Toolbox.
SonjaOutfitDesigner,Outfit Designer
SonjaOutfitDesignerDesc,Working station. World stations can be salvaged with a wrench ratchet or impact driver and rebuilt at a Toolbox.
SonjaAmmoRecyclerStation,Ammo Recycler
SonjaAmmoRecyclerStationDesc,Working station. World stations can be salvaged with a wrench ratchet or impact driver and rebuilt at a Toolbox.
FuriousRamsayWoodPlank,Wood Plank
FuriousRamsayWoodPlankDesc,Construction material. Cut from wood by hand or in larger batches at a Circular Saw.
FuriousRamsayRope,Rope
FuriousRamsayRopeDesc,Construction material made from plant fibers.
FuriousRamsayScrews,Screws
FuriousRamsayScrewsDesc,Construction material made at a forge.
FuriousRamsayCollapsedForge,Repairable Forge
FuriousRamsayCollapsedForgeDesc,Salvaged world station. Rebuild it at a Toolbox using the listed repair materials. Player-placed stations do not yield this item.
FuriousRamsayCollapsedWorkbench,Repairable Workbench
FuriousRamsayCollapsedWorkbenchDesc,Salvaged world station. Rebuild it at a Toolbox using the listed repair materials. Player-placed stations do not yield this item.
FuriousRamsayCollapsedCementMixer,Repairable Cement Mixer
FuriousRamsayCollapsedCementMixerDesc,Salvaged world station. Rebuild it at a Toolbox using the listed repair materials. Player-placed stations do not yield this item.
FuriousRamsayCollapsedChemistryStation,Repairable Chemistry Station
FuriousRamsayCollapsedChemistryStationDesc,Salvaged world station. Rebuild it at a Toolbox using the listed repair materials. Player-placed stations do not yield this item.
CollapsedModifierStation,Repairable Modifier Station
CollapsedModifierStationDesc,Salvaged world station. Rebuild it at a Toolbox using the listed repair materials. Player-placed stations do not yield this item.
FuriousRamsayCollapsedCircularMachine,Repairable Circular Saw
FuriousRamsayCollapsedCircularMachineDesc,Salvaged world station. Rebuild it at a Toolbox using the listed repair materials. Player-placed stations do not yield this item.
FuriousRamsayCollapsedDistiller,Repairable Distiller
FuriousRamsayCollapsedDistillerDesc,Salvaged world station. Rebuild it at a Toolbox using the listed repair materials. Player-placed stations do not yield this item.
FuriousRamsayCollapsedShredder,Repairable Shredder
FuriousRamsayCollapsedShredderDesc,Salvaged world station. Rebuild it at a Toolbox using the listed repair materials. Player-placed stations do not yield this item.
FuriousRamsayCollapsedGasStove,Repairable Gas Stove
FuriousRamsayCollapsedGasStoveDesc,Salvaged world station. Rebuild it at a Toolbox using the listed repair materials. Player-placed stations do not yield this item.
FuriousRamsayCollapsedIronOven001_FR,Repairable Iron Oven
FuriousRamsayCollapsedIronOven001_FRDesc,Salvaged world station. Rebuild it at a Toolbox using the listed repair materials. Player-placed stations do not yield this item.
FuriousRamsayCollapsedSonjaOutfitDesigner,Repairable Outfit Designer
FuriousRamsayCollapsedSonjaOutfitDesignerDesc,Salvaged world station. Rebuild it at a Toolbox using the listed repair materials. Player-placed stations do not yield this item.
FuriousRamsayCollapsedSonjaAmmoRecyclerStation,Repairable Ammo Recycler
FuriousRamsayCollapsedSonjaAmmoRecyclerStationDesc,Salvaged world station. Rebuild it at a Toolbox using the listed repair materials. Player-placed stations do not yield this item.

FuriousRamsayCollapsedResearchTable,Repairable Research Table
FuriousRamsayCollapsedResearchTableDesc,Salvaged world station. Rebuild it at a Toolbox using the listed repair materials. Player-placed stations do not yield this item.
FuriousRamsayCollapsedToolbox,Repairable Toolbox
FuriousRamsayCollapsedToolboxDesc,Salvaged world toolbox. Rebuild it by hand with wood and nails. Player-placed stations do not yield this item.
RebirthLegacyStorage_cntForgeWorkstationBroken,Forge
RebirthLegacyStorage_cntCollapsedWorkbench,Workbench
RebirthLegacyStorage_cntCollapsedCementMixer,Cement Mixer
RebirthLegacyStorage_cntCollapsedChemistryStation,Chemistry Station
xuiRebirthTheme,World Theme
xuiRebirthThemeDesc,"Purge replaces trader jobs with shared exploration and biome objectives. Discover and clear POIs together. Travel freely between biomes; zombies progress by biome. Once selected for a new save, Purge is permanent for that save."
xuiRebirthThemeNone,None
xuiRebirthThemePurge,Purge
xuiRebirthShowClearedPois,Show Cleared POIs
xuiRebirthShowClearedPoisDesc,"Mark cleared POIs on the map for everyone. A completed POI reset removes its old marker."
xuiRebirthEnabledByPurge,Enabled by Purge
xuiRebirthBiomeByPurge,Biome - enabled by Purge
xuiRebirthConfiguredPreference,Saved preference
xuiRebirthPoiCleared,Cleared
xuiRebirthPoiDiscovered,Discovered
rbJournal_BackpackReadingMaterials_title,Your backpack: Reading Materials
rbJournal_BackpackReadingMaterials_body,"Your equipped backpack has extra storage for reading materials. Open your inventory or Character window and click the book icon beside the Backpack heading to open Reading Materials.\n\nSelect an item to inspect it. Shift-click to move books, manuals, magazines, notes, recipe references and audiobooks between your backpack and this section, or drag and drop them. Put a physical reading item in your hand to read it. Use audiobook cassettes through your Walkman. Press Escape to return to the window you came from.\n\nHigher-tier backpacks add more Reading Materials slots as well as more normal backpack space. These stored items travel with the physical backpack. Check its contents before swapping or removing it."
rbJournal_BackpackForSale_title,Your backpack: For Sale
rbJournal_BackpackForSale_body,"Use your backpack's For Sale section to set items aside for trading. Open your inventory or Character window and click the dollar icon beside the Backpack heading.\n\nSelect an item to inspect it. Shift-click to move items between your backpack and For Sale, or drag and drop them. Press Escape to return to the window you came from. Storing an item here does not sell it.\n\nAt a trader, use Sell beside SELL STASH TOTAL to sell the stored items. The price uses your selling bonuses. Higher-tier backpacks give this section more slots, in addition to more normal backpack space. Stored items travel with the physical backpack, so check its contents before swapping or removing it."
xuiRebirthPoiResetUnavailable,POI reset could not be started safely. Please try again.
xuiRebirthPoiResetUncertain,POI reset was interrupted. Quest activation has been withheld.
xuiRebirthPurgeObjectiveHeader,Purge • {0}% target
xuiRebirthPurgeObjectiveTarget,Clear {0}% of eligible POIs in each biome.
xuiRebirthPurgeObjectiveBiome,"{0}: {1}/{2} cleared • {3} remaining\nDiscovered: {4}/{5} eligible POIs"
xuiRebirthPurgeObjectiveNotApplicable,{0}: not applicable
xuiRebirthPurgeObjectiveRules,"Biomes with no eligible combat POIs are not applicable. Trader areas and POIs without authored combat sleepers do not count. Resets reduce current clearance; earned milestones remain. All biomes are accessible."
xuiRebirthPurgeObjectivePending,Purge • updating
xuiRebirthPurgeObjectivePendingDesc,Waiting for confirmed shared world progress. No completion count is assumed.
xuiRebirthPurgeSupplySaving,Saving earned supply delivery…
xuiRebirthPurgeSupplyOwner,its owner
xuiRebirthPurgeSupplyReserved,Reserved for {0}
rbJournal_FoodPreparation_title,Food Preparation
rbJournal_FoodPreparation_body,"Keep cooking books, magazines and recipe cards after reading them. Reading teaches your character; physical references can still be used in later food preparation and crafting requirements. Store them in Reading Materials through the book icon beside your backpack. Higher-tier backpacks provide more reading storage. Food preparation can use a book and a magazine as references; choose ones that cover the recipe. Check each recipe for knowledge, Cooking skill, ingredients, tools and station requirements. Cold dishes are assembled in your backpack and do not need a campfire."

FuriousRamsayBirdNestLootHelper,Bird Nest
FuriousRamsayBirdNest,Bird Nest
FuriousRamsayBirdNestEggs,Bird Nest
FuriousRamsayBirdNestFeathers,Bird Nest
xuiRebirthStationIngredients,INGREDIENTS
xuiRebirthStationResult,RESULT
xuiRebirthPurgeSupplyIncoming,"[936fbf]PURGE[-] OBJECTIVE REACHED. ADDITIONAL [bfbc7a]SUPPLIES[-] ARE ON THE WAY"
rebirthJournalPurgeSuppliesTitle,Purge Supply Drops
rebirthJournalPurgeSuppliesBody,"Clearing occupied POIs redeems your credited kills toward supply rewards. The first reward costs 75 kills; each reward raises the next cost by 5, up to 225. When you are on foot and out of fly mode, an earned supply drop is called near you. Follow the native airdrop marker and collect your reserved crate. Other players cannot take your reserved supplies. Rewards improve as the shared world completes biome objectives, in the order Pine Forest, Desert, Snow, Wasteland and Burnt Forest. You may still enter and clear any biome in any order."
xuiRebirthPurgePoiCleared,"[936fbf]PURGE[-] {0} cleared: {1} enemies eliminated in {2}."
xuiRebirthPurgeHudProgress,"POIs {0}/{1} · Supply: {2}/{3} kills left"

xuiRebirthStationQueueFull,Crafting queue is full

xuiRebirthStationSelectBatch,Select a recipe and a positive batch size.
foodCornMealDesc,Cornmeal is used in several cooking recipes but you can also eat it. Grind corn at a Mortar and Pestle to make cornmeal.

FuriousRamsayArmorCrafting,Armor Crafting Tools
FuriousRamsayArmorCraftingDesc,Reusable tools for crafting armor at the Outfit Designer. Place them in its matching tool slot. Find them in Savage Country crates or buy them from Rekt.
FuriousRamsayCircularSawBlade,Circular Saw Blade
FuriousRamsayCircularSawBladeDesc,"Install this blade in the circular saw tool slot to cut planks. Find replacement blades in toolboxes or salvage them from saws."

xuiRebirthPurgeBiomeCompleted,"[936fbf]PURGE[-] Clearing objective completed in {0}."
xuiRebirthPurgeTierDiscovered,"[936fbf]PURGE[-] Tier {0} locations in {1} are now revealed on the map."

xuiRebirthPurgeDiscoveryHelpTitle,Purge: Location Discovery
xuiRebirthPurgeDiscoveryHelpBody,"Clearing eligible occupied locations contributes to the shared objective for that biome.\n\nAt discovery milestones, locations of the earned difficulty tier are revealed on the map. These rewards reveal location markers, not unexplored terrain.\n\nDiscovery and clearing objectives are tracked independently for each biome. You may enter and clear any biome in any order; discovery milestones do not restrict access.\n\nYou can read this information again in the Journal."

xuiRebirthPurgeIntroTitle,The Purge
xuiRebirthPurgeIntroBody,"The streets have been cleared of roaming zombies, but occupied buildings remain dangerous. Your mission is to clear eligible locations across the Pine Forest, Desert, Snow, Wasteland and Burnt Forest.\n\nProgress is shared, while each biome has its own clearing objective. You may enter and clear them in any order.\n\nDiscovery milestones reveal more locations on your map. Credited kills from cleared locations earn supply drops. Watch the Purge display for your current objective and supply progress."
xuiRebirthPurgeScannerTitle,Threat Scanner
xuiRebirthPurgeScannerBody,The threat scanner helps locate remaining hostiles inside occupied locations. It is part of your communication system and does not require an equipped tool.\n\nEnemy counts are estimates while rooms remain unactivated. Clearing more rooms allows the scanner to identify remaining active threats. A quiet room or absent marker does not by itself prove the entire location is clear.\n\nUse the room and enemy display together with the shared map markers to track your progress.
xuiRebirthPurgeSupplyUpdateTitle,Supply Drop Update
xuiRebirthPurgeSupplyUpdateBody,"Your first supply drop has been called. Follow the airdrop marker to collect your reserved supplies.\n\nEach earned supply reward raises the cost of the next reward by 5 credited kills. The added cost stops increasing at 150. With the base cost of 75, the maximum unmodified requirement is 225.\n\nSupply credits come from eligible kills in cleared locations. Keep clearing occupied locations and check the Purge display for your remaining supply requirement.\n\nThis briefing is saved in your Journal."
xuiRebirthPurgeDesertTitle,Purge Field Briefing: Desert
xuiRebirthPurgeSnowTitle,Purge Field Briefing: Snow
xuiRebirthPurgeWastelandTitle,Purge Field Briefing: Wasteland
xuiRebirthPurgeBurntForestTitle,Purge Field Briefing: Burnt Forest
xuiRebirthPurgeBiomeHelpBody,"Your progress has earned another field briefing.\n\nEvery biome has an independent clearing objective. Its discovery milestones reveal eligible locations of the earned difficulty tier, helping you plan further clearing runs.\n\nYou may visit and clear any biome in any order. This briefing does not unlock entry or require a stabilizer. Check the map and Purge display for the current shared progress."
FuriousRamsayInfo_Purge1Intro,The Purge
FuriousRamsayInfo_Purge2Supplies,Purge Supply Drops
FuriousRamsayInfo_Purge2aThreatScanner,Threat Scanner
FuriousRamsayInfo_Purge3SuppliesUpdate,Supply Drop Update
FuriousRamsayInfo_Purge4AutoDiscovery,Purge: Location Discovery
FuriousRamsayInfo_Purge5BiomeUnlock_desert,Purge Field Briefing: Desert
FuriousRamsayInfo_Purge5BiomeUnlock_snow,Purge Field Briefing: Snow
FuriousRamsayInfo_Purge5BiomeUnlock_wasteland,Purge Field Briefing: Wasteland
FuriousRamsayInfo_Purge5BiomeUnlock_burnt_forest,Purge Field Briefing: Burnt Forest

xuiRebirthMissingFuel,Missing fuel

xuiRebirthCraftMissingCount,Craft quantity control is not linked
xuiRebirthCraftZeroCount,Select a craft quantity above zero
xuiRebirthCraftMissingRow,Selected recipe is not linked to the craft action
xuiRebirthCraftWrongStation,Recipe is linked to the wrong station
xuiRebirthCraftTierBlocked,Recipe or crafting quality is locked
xuiRebirthCraftItemUseBlocked,Waiting for item use to finish
xuiRebirthCraftHeldActionBlocked,Waiting for held item action to finish

blockcommand_rebirthPackUp,Pack Up
xuiRebirthPackUpDenied,This container cannot be packed right now. Check access and close the container first.

xuiRebirthPackUpLandClaim,Pack Up requires the container to be inside a land claim.
xuiRebirthDamageModifiers,DAMAGE MODIFIERS
xuiRebirthDamageTarget_earth,Earth
xuiRebirthDamageTarget_stone,Stone
xuiRebirthDamageTarget_metal,Metal
xuiRebirthDamageTarget_organic,Organic
xuiRebirthDamageTarget_wood,Wood
xuiRebirthDamageTarget_cloth,Cloth
xuiRebirthDamageTarget_water,Water
xuiRebirthDamageTarget_terrGravel,Gravel
xuiRebirthDamageTarget_head,Head
